month,Elegibilidad,Vulnerability_Category,Demographics.HH.Head,Demographics.Language,Demographics.Profiles,Demographics.Documentation,Needs_and_Coping.BasicNeeds,Needs_and_Coping.Housing,Needs_and_Coping.Neg.mechanism,Needs_and_Coping.Dependency,OficinaACNUR,NumIntegrantes,dependencyCategory,FemaleHeadedHousehold,CuidadorSolo,HablaEspanol,Analfabeta_si,ScoreCOMAR_PIL,ScoreIntenciones,ScoreDuplicidad,Demographics_Score,NeedsandCoping_Score,Vulnerability_Score,FinalScore,EligibilityTarget,Decisione_Operatore,Motivazione_Operatore
2024-06,No Elegible por Duplicidad,Vulnerabilidad Baja,1,2.051104816,1,1,1.776038647,2.823478261,1,1,sotap,1,low,,,espanol_uno_mas_adultos,adultos_ninguno_analfabeta,0,0,0,6.609317356,17.78726377,2.693171842,24.0368636324511,EXCLUSION,Approva,yesss
2023-09,Lista de Reserva,Vulnerabilidad Moderada,2.700708215,1,1.249197356,1,1,2.117608696,2.580217391,1,foten,1,low,,,espanol_uno_mas_adultos,adultos_ninguno_analfabeta,,0,0,11.93561888,18.94985465,2.884161633,30.6597484086856,EXCLUSION,,
2023-11,No Elegible,Vulnerabilidad Severa,1.599560907,2.051104816,3.251728045,1,1.776038647,2.823478261,2.580217391,1.043888889,pcr_cdmx,3,average,jefatura_femenina,no,espanol_ningun_adulto,adultos_ninguno_analfabeta,,0,0,27.121021,32.85812825,3.724346214,59.7945234015878,EXCLUSION,Rifiuta,noooo
2023-07,No Elegible,Vulnerabilidad Baja,2.700708215,1,1,1,1,1.498900966,1.790108696,1,sotap,1,low,,,espanol_uno_mas_adultos,adultos_uno_mas_analfabeta,0,0,0,9.472088355,10.02735341,2.561806895,19.481572780265,EXCLUSION,Approva,si
2023-10,Elegible,Vulnerabilidad Moderada,1,1,1,1,1.776038647,2.823478261,1.790108696,1,foten,1,low,,,espanol_uno_mas_adultos,adultos_ninguno_analfabeta,,0,0,0,26.18890898,2.730928248,25.3461237001146,INCLUSION,,
2023-11,Elegible,Vulnerabilidad Elevada,1,1.525552408,2.578385269,1,1.776038647,2.117608696,2.580217391,1,sotap,3,average,jefatura_femenina,si,espanol_uno_mas_adultos,adultos_uno_mas_analfabeta,,0,0,13.7168894,27.40879931,3.173270511,40.6850693571863,INCLUSION,,
2023-10,Elegible,Vulnerabilidad Elevada,1,1,2.578385269,1,1.776038647,2.823478261,1.790108696,1,sotap,4,average,jefatura_femenina,si,espanol_uno_mas_adultos,adultos_uno_mas_analfabeta,0,0,0,8.975915299,26.18890898,2.998104289,34.6108929293517,INCLUSION,,
2024-03,No Elegible,Vulnerabilidad Moderada,1,1,2.578385269,1.564135978,1,2.117608696,1.790108696,1,sotap,2,complete,jefatura_femenina,si,espanol_uno_mas_adultos,adultos_ninguno_analfabeta,,0,0,14.01324416,14.16503897,2.812460545,28.1733982212194,EXCLUSION,,
2023-11,No Elegible,Vulnerabilidad Baja,1,1,1,1,1.776038647,1,1.790108696,1,sotap,8,average,jefatura_masculina,no,espanol_uno_mas_adultos,adultos_ninguno_analfabeta,0,0,0,0,12.01413641,2.33531262,11.6275094861898,EXCLUSION,,
2023-10,Elegible,Vulnerabilidad Elevada,1,1,2.578385269,1,1.776038647,2.117608696,2.580217391,1.043888889,sotap,4,average,jefatura_femenina,no,espanol_uno_mas_adultos,adultos_ninguno_analfabeta,0,0,0,8.975915299,28.09152966,3.051206127,36.4522853732487,INCLUSION,,
2024-06,No Elegible,Vulnerabilidad Elevada,2.070141643,1,1,1,1.776038647,2.823478261,1.790108696,1.043888889,sotap,4,low,jefatura_masculina,no,espanol_uno_mas_adultos,adultos_ninguno_analfabeta,,0,0,6.702282231,26.85846924,2.949114914,32.9121052168634,EXCLUSION,,
2023-06,Lista de Reserva,Vulnerabilidad Severa,2.700708215,1,3.251728045,1,1.776038647,2.117608696,2.580217391,1.043888889,fupal,1,low,,,espanol_uno_mas_adultos,adultos_uno_mas_analfabeta,0,0,0,24.2379543,28.09152966,3.505494188,52.2054720513398,EXCLUSION,,
2024-02,Lista de Reserva,Vulnerabilidad Baja,1,1,1,1,1.776038647,2.117608696,1.790108696,1,sotap,2,average,jefatura_femenina,si,espanol_uno_mas_adultos,adultos_ninguno_analfabeta,0,0,0,0,21.88512181,2.610810239,21.1808367050324,EXCLUSION,,
2024-06,No Elegible,Vulnerabilidad Baja,1,1,1,1,1,1,1,1,sotap,1,low,,,espanol_uno_mas_adultos,adultos_ninguno_analfabeta,0,0,0,0,0,2,0,EXCLUSION,,
2024-04,No Elegible,Vulnerabilidad Moderada,1,1.525552408,1,1,1.776038647,2.117608696,1.790108696,1.043888889,sotap,3,average,jefatura_femenina,no,espanol_uno_mas_adultos,adultos_ninguno_analfabeta,,0,0,3.741369748,22.50821784,2.739565922,25.6456516495513,EXCLUSION,,
2024-05,No Elegible,Vulnerabilidad Elevada,2.070141643,1,1,1,1.776038647,2.117608696,2.580217391,2.544987923,sotap,1,low,,,espanol_uno_mas_adultos,adultos_ninguno_analfabeta,0,0,0,6.702282231,44.04383881,3.428755821,49.5444324087312,EXCLUSION,,
2023-12,Elegible,Vulnerabilidad Moderada,1,2.051104816,3.251728045,1,1,1,1.790108696,1.043888889,sotap,1,low,,,espanol_uno_mas_adultos,adultos_ninguno_analfabeta,-500,0,0,20.39367297,6.061858428,2.776221171,26.9167435217761,INCLUSION,,
2024-05,Lista de Reserva,Vulnerabilidad Baja,2.070141643,1,1,1,1,1.498900966,1,1.043888889,sotap,1,low,,,espanol_uno_mas_adultos,adultos_ninguno_analfabeta,0,0,0,6.702282231,4.243121443,2.317924185,11.0245419273186,EXCLUSION,,
2023-12,Elegible,Vulnerabilidad Baja,1,1,1,1,1.776038647,2.117608696,1,1,sotap,3,average,jefatura_masculina,no,espanol_uno_mas_adultos,adultos_ninguno_analfabeta,,0,0,0,14.06650994,2.392594036,13.6138355836209,INCLUSION,,
2023-08,Elegible,Vulnerabilidad Moderada,1,2.051104816,1,1,1.776038647,2.117608696,1.790108696,1,sotap,1,low,,,espanol_uno_mas_adultos,adultos_ninguno_analfabeta,,0,0,6.609317356,21.88512181,2.807542403,28.0028485028658,INCLUSION,,
2023-09,Elegible,Vulnerabilidad Baja,1,1,1,1,1,2.117608696,1.790108696,1,sotap,1,low,,,espanol_uno_mas_adultos,adultos_ninguno_analfabeta,0,0,0,0,14.16503897,2.395343965,13.7091938509064,INCLUSION,,
2023-08,No Elegible por Intenciones,Vulnerabilidad Baja,1,2.051104816,1,1,1,1.498900966,1,1,fupal,1,low,,,espanol_uno_mas_adultos,adultos_ninguno_analfabeta,,0,0,6.609317356,3.815111519,2.303211315,10.5143492130405,EXCLUSION,,
2023-10,No Elegible,Vulnerabilidad Severa,2.700708215,2.051104816,2.578385269,1.564135978,1,2.117608696,1,2.544987923,pcr_cdmx,3,average,jefatura_femenina,no,espanol_ningun_adulto,adultos_ninguno_analfabeta,,0,0,39.44321718,18.76190405,3.697703903,58.8706665678365,EXCLUSION,,
2023-06,No Elegible,Vulnerabilidad Baja,1,1,1,1,1,2.117608696,1.790108696,1,sotap,1,low,,,espanol_uno_mas_adultos,adultos_ninguno_analfabeta,,0,0,0,14.16503897,2.395343965,13.7091938509064,EXCLUSION,,
2024-02,No Elegible,Vulnerabilidad Baja,2.070141643,1,1,1,1,1,1.790108696,1.043888889,pcr_cdmx,5,low,jefatura_masculina,no,espanol_uno_mas_adultos,adultos_ninguno_analfabeta,-500,0,0,6.702282231,6.061858428,2.368684842,12.7847501374043,EXCLUSION,,
2023-08,Elegible,Vulnerabilidad Severa,2.700708215,1,2.578385269,1,1.776038647,2.823478261,2.580217391,1,fupal,5,high,jefatura_femenina,si,espanol_uno_mas_adultos,adultos_uno_mas_analfabeta,,-500,0,20.97871872,32.12448674,3.521039349,52.7445234993484,INCLUSION,,
2023-08,No Elegible,Vulnerabilidad Baja,1,1,1,1,1,2.117608696,1.790108696,1,pcr_cdmx,2,average,jefatura_masculina,si,espanol_uno_mas_adultos,adultos_ninguno_analfabeta,,0,0,0,14.16503897,2.395343965,13.7091938509064,EXCLUSION,,
2024-04,Lista de Reserva,Vulnerabilidad Moderada,1,1,2.578385269,1,1.776038647,2.117608696,1.790108696,1,foten,3,average,jefatura_masculina,no,espanol_uno_mas_adultos,adultos_ninguno_analfabeta,-500,0,0,8.975915299,21.88512181,2.877986279,30.4456059342695,EXCLUSION,,
2023-07,No Elegible por Duplicidad,Vulnerabilidad Moderada,2.700708215,1,2.578385269,1,1,1.498900966,1,1,sotap,1,low,,,espanol_ningun_adulto,adultos_ninguno_analfabeta,0,0,0,20.97871872,3.815111519,2.730929228,25.3461722823354,EXCLUSION,,
2024-02,No Elegible,Vulnerabilidad Baja,1,1,1,1,1,2.117608696,1.790108696,1,sotap,3,low,jefatura_masculina,no,espanol_uno_mas_adultos,adultos_ninguno_analfabeta,0,0,0,0,14.16503897,2.395343965,13.7091938509064,EXCLUSION,,
2024-06,No Elegible,Vulnerabilidad Moderada,1,1,1,1,1.776038647,2.117608696,2.580217391,1,sotap,2,low,jefatura_masculina,no,espanol_uno_mas_adultos,adultos_ninguno_analfabeta,,0,0,0,27.40879931,2.764975192,26.5267567394049,EXCLUSION,,
2024-06,Lista de Reserva,Vulnerabilidad Elevada,2.070141643,1,1,1,1.776038647,1.498900966,2.580217391,2.544987923,sotap,1,low,,,espanol_uno_mas_adultos,adultos_ninguno_analfabeta,,0,0,6.702282231,37.43330939,3.244257006,43.1466364359962,EXCLUSION,,
2024-03,Elegible,Vulnerabilidad Baja,1,1,1,1,1.776038647,1.498900966,1.790108696,1,sotap,1,low,,,espanol_uno_mas_adultos,adultos_ninguno_analfabeta,0,0,0,0,17.10850297,2.477495573,16.5579342359224,INCLUSION,,
2024-06,No Elegible,Vulnerabilidad Elevada,2.070141643,1,1,1,1.776038647,2.823478261,2.580217391,1.738466184,sotap,2,average,jefatura_masculina,no,espanol_ningun_adulto,adultos_uno_mas_analfabeta,0,0,0,6.702282231,42.19960637,3.37728359,47.7595492128828,EXCLUSION,,
2024-01,No Elegible,Vulnerabilidad Moderada,1,2.051104816,1,1,1,2.117608696,2.580217391,1,sotap,3,average,jefatura_femenina,si,espanol_uno_mas_adultos,adultos_ninguno_analfabeta,,0,0,6.609317356,18.94985465,2.725619567,25.1620411753418,EXCLUSION,,
2023-10,No Elegible,Vulnerabilidad Elevada,2.070141643,1,1,1,1.776038647,1.498900966,2.580217391,2.544987923,foten,1,low,,,espanol_uno_mas_adultos,adultos_ninguno_analfabeta,-500,0,0,6.702282231,37.43330939,3.244257006,43.1466364359962,EXCLUSION,,
2023-12,Elegible,Vulnerabilidad Baja,1,1,1,1,1,2.117608696,1.790108696,1,sotap,3,average,jefatura_femenina,no,espanol_uno_mas_adultos,adultos_ninguno_analfabeta,0,0,0,0,14.16503897,2.395343965,13.7091938509064,INCLUSION,,
2023-09,Elegible,Vulnerabilidad Severa,2.700708215,1,2.578385269,1,1.776038647,2.823478261,2.580217391,1,fupal,1,low,,,espanol_uno_mas_adultos,adultos_uno_mas_analfabeta,,0,0,20.97871872,32.12448674,3.521039349,52.7445234993484,INCLUSION,,
2023-09,No Elegible,Vulnerabilidad Severa,2.700708215,1,2.578385269,1,1.776038647,2.117608696,1.790108696,2.544987923,sotap,4,complete,jefatura_femenina,si,espanol_uno_mas_adultos,adultos_ninguno_analfabeta,0,0,0,20.97871872,37.06714366,3.658988111,57.5281207770059,EXCLUSION,,
2023-08,Elegible,Vulnerabilidad Elevada,1,1,2.578385269,1,1.776038647,2.823478261,2.580217391,1.043888889,sotap,4,average,jefatura_femenina,si,espanol_uno_mas_adultos,adultos_ninguno_analfabeta,,0,0,8.975915299,32.85812825,3.184241129,41.0654900540239,INCLUSION,,
2024-04,Lista de Reserva,Vulnerabilidad Elevada,2.070141643,1,2.578385269,1,1.776038647,2.117608696,2.580217391,1.043888889,sotap,3,average,jefatura_masculina,no,espanol_uno_mas_adultos,adultos_ninguno_analfabeta,0,0,0,17.46888676,28.09152966,3.304006918,45.2185691488351,EXCLUSION,,
2024-04,No Elegible,Vulnerabilidad Severa,2.700708215,1.525552408,3.251728045,1,1.776038647,2.823478261,2.580217391,1.043888889,sotap,1,low,,,espanol_ningun_adulto,adultos_ninguno_analfabeta,0,0,0,30.67858802,32.85812825,3.830240336,63.4665764858584,EXCLUSION,,
2024-06,No Elegible,Vulnerabilidad Moderada,1,1,1,1,1.776038647,2.823478261,1.790108696,1,sotap,3,low,jefatura_masculina,no,espanol_uno_mas_adultos,adultos_ninguno_analfabeta,0,0,0,0,26.18890898,2.730928248,25.3461237001146,EXCLUSION,,
2023-09,Elegible,Vulnerabilidad Baja,1,1,1,1,1.776038647,1,2.580217391,1.043888889,sotap,1,low,,,espanol_uno_mas_adultos,adultos_uno_mas_analfabeta,,0,0,0,17.15905947,2.478906597,16.6068637771959,INCLUSION,,
2024-01,No Elegible,Vulnerabilidad Elevada,1,1.525552408,2.578385269,1,1.776038647,2.117608696,1.790108696,1,sotap,2,average,jefatura_masculina,no,espanol_uno_mas_adultos,adultos_ninguno_analfabeta,,0,0,13.7168894,21.88512181,3.019105558,35.3391493228138,EXCLUSION,,
2023-07,Lista de Reserva,Vulnerabilidad Baja,1,1,1,1,1,2.117608696,1,1,sotap,4,average,jefatura_femenina,no,espanol_uno_mas_adultos,adultos_ninguno_analfabeta,,0,0,0,7.392265486,2.206316944,7.15437499039503,EXCLUSION,,
2023-09,Elegible,Vulnerabilidad Elevada,2.070141643,1,1,1,1.776038647,2.823478261,2.580217391,1.043888889,sotap,3,complete,jefatura_femenina,si,espanol_uno_mas_adultos,adultos_ninguno_analfabeta,0,0,0,6.702282231,32.85812825,3.116564434,38.7186892002626,INCLUSION,,
2023-10,No Elegible,Vulnerabilidad Moderada,1,1,1,1.564135978,1.776038647,2.823478261,2.580217391,1,fupal,1,low,,,espanol_uno_mas_adultos,adultos_ninguno_analfabeta,,0,0,3.975239986,32.12448674,3.014915798,35.1938558162095,EXCLUSION,,
2024-04,No Elegible,Vulnerabilidad Severa,2.070141643,1,2.578385269,1,1.776038647,2.823478261,2.580217391,2.544987923,sotap,2,complete,jefatura_femenina,si,espanol_uno_mas_adultos,adultos_ninguno_analfabeta,,0,0,17.46888676,50,3.915468811,66.4220030048236,EXCLUSION,,
2024-04,Elegible,Vulnerabilidad Elevada,2.070141643,1.525552408,1,1,1.776038647,2.823478261,1.790108696,1.043888889,fupal,1,low,,,espanol_ningun_adulto,adultos_ninguno_analfabeta,,0,0,11.1900528,26.85846924,3.082697365,37.5442967305444,INCLUSION,,
2024-06,No Elegible,Vulnerabilidad Moderada,1,1,1,1,1.776038647,1.498900966,2.580217391,1.738466184,fupal,1,low,,,espanol_ningun_adulto,adultos_ninguno_analfabeta,0,-500,0,0,30.77500505,2.858925454,29.784634612486,EXCLUSION,,
2023-08,No Elegible,Vulnerabilidad Elevada,2.070141643,1,2.578385269,1,1.776038647,2.117608696,1.790108696,1.043888889,sotap,1,low,,,espanol_uno_mas_adultos,adultos_ninguno_analfabeta,,0,0,17.46888676,22.50821784,3.148177581,39.8149338865145,EXCLUSION,,
2024-04,Elegible,Vulnerabilidad Elevada,1,1,1,1,1.776038647,2.823478261,2.580217391,1.043888889,sotap,2,average,jefatura_femenina,si,espanol_uno_mas_adultos,adultos_ninguno_analfabeta,,0,0,0,32.85812825,2.917065088,31.8007208247868,INCLUSION,,
2024-04,No Elegible,Vulnerabilidad Elevada,1,1,2.578385269,1.564135978,1.776038647,2.823478261,1,1,sotap,3,average,jefatura_femenina,no,espanol_uno_mas_adultos,adultos_uno_mas_analfabeta,0,0,0,14.01324416,17.78726377,2.913556258,31.6790562049306,EXCLUSION,,
2024-03,No Elegible,Vulnerabilidad Moderada,1,1,1,1,1.776038647,2.823478261,1.790108696,1,sotap,1,low,,,espanol_uno_mas_adultos,adultos_ninguno_analfabeta,0,0,0,0,26.18890898,2.730928248,25.3461237001146,EXCLUSION,,
2023-07,Lista de Reserva,Vulnerabilidad Baja,1,1,1,1,1,1.498900966,1,1,pcr_cdmx,1,low,,,espanol_uno_mas_adultos,adultos_ninguno_analfabeta,,0,0,0,3.815111519,2.10647915,3.69233741520706,EXCLUSION,,
2023-09,Elegible,Vulnerabilidad Baja,1,1,1,1,1,2.117608696,1.790108696,1,sotap,1,low,,,espanol_uno_mas_adultos,adultos_ninguno_analfabeta,0,0,0,0,14.16503897,2.395343965,13.7091938509064,INCLUSION,,
2023-12,Elegible,Vulnerabilidad Elevada,1,1.525552408,1,1.564135978,1.776038647,2.823478261,1.790108696,1,fupal,1,low,,,espanol_uno_mas_adultos,adultos_uno_mas_analfabeta,,0,0,8.159313021,26.18890898,2.973797402,33.7680115734434,INCLUSION,,
2024-05,Lista de Reserva,Vulnerabilidad Baja,1,1,3.251728045,1,1.776038647,1,1.790108696,1,sotap,1,low,,,espanol_uno_mas_adultos,adultos_ninguno_analfabeta,0,0,0,11.51832969,12.01413641,2.678165869,23.5165105439437,EXCLUSION,,
2023-08,No Elegible por Duplicidad,Vulnerabilidad Moderada,2.070141643,1,1,1,1.776038647,2.117608696,1.790108696,1.043888889,sotap,1,low,,,espanol_uno_mas_adultos,adultos_ninguno_analfabeta,0,0,0,6.702282231,22.50821784,2.827700095,28.7018492571668,EXCLUSION,,
2024-05,No Elegible,Vulnerabilidad Baja,1,1,1,1.564135978,1.776038647,1,2.580217391,1.043888889,sotap,1,low,,,espanol_uno_mas_adultos,adultos_ninguno_analfabeta,,0,0,3.975239986,17.15905947,2.597233124,20.7100309611854,EXCLUSION,,
2023-07,Elegible,Vulnerabilidad Elevada,1,2.051104816,2.578385269,1,1.776038647,2.823478261,1.790108696,1,foten,1,low,,,espanol_ningun_adulto,adultos_uno_mas_analfabeta,,0,0,17.3510839,26.18890898,3.247398574,43.2555828311005,INCLUSION,,
2024-03,No Elegible,Vulnerabilidad Moderada,1,1,1,1,1.776038647,2.823478261,1.790108696,1,sotap,1,low,,,espanol_uno_mas_adultos,adultos_uno_mas_analfabeta,,0,0,0,26.18890898,2.730928248,25.3461237001146,EXCLUSION,,
2024-05,No Elegible,Vulnerabilidad Baja,2.070141643,1,1,1,1,1.498900966,1,1.043888889,sotap,5,average,jefatura_masculina,no,espanol_uno_mas_adultos,adultos_ninguno_analfabeta,0,0,0,6.702282231,4.243121443,2.317924185,11.0245419273186,EXCLUSION,,
2024-01,Elegible por Proceso Acelerado,Vulnerabilidad Baja,1,1,2.578385269,1,1.776038647,1,1.790108696,1,sotap,1,low,,,espanol_uno_mas_adultos,adultos_ninguno_analfabeta,,0,0,8.975915299,12.01413641,2.602488661,20.8922787154269,INCLUSION,,
2024-01,No Elegible,Vulnerabilidad Baja,1,1,2.578385269,1,1,1,1.790108696,1.043888889,sotap,1,low,,,espanol_ningun_adulto,adultos_ninguno_analfabeta,0,0,0,8.975915299,6.061858428,2.436361537,15.1315509911657,EXCLUSION,,
2024-05,No Elegible por Intenciones,Vulnerabilidad Moderada,1,1,1,1,1.776038647,2.117608696,2.580217391,1.043888889,fomon,1,low,,,espanol_uno_mas_adultos,adultos_ninguno_analfabeta,,0,0,0,28.09152966,2.784030087,27.1875161440115,EXCLUSION,,
2024-07,No Elegible,Vulnerabilidad Elevada,1,2.051104816,1,1,1.776038647,2.823478261,2.580217391,1,sotap,3,average,jefatura_femenina,si,espanol_uno_mas_adultos,adultos_uno_mas_analfabeta,0,0,0,6.609317356,32.12448674,3.093321436,37.9127004300535,EXCLUSION,,
2023-12,No Elegible,Vulnerabilidad Baja,1,1,1,1,1,1,1.790108696,1.043888889,,1,low,,,espanol_uno_mas_adultos,adultos_uno_mas_analfabeta,0,0,0,0,6.061858428,2.169185496,5.86678176192853,EXCLUSION,,
2024-04,No Elegible,Vulnerabilidad Severa,2.700708215,1,3.251728045,1,1.776038647,2.823478261,1.790108696,2.544987923,sotap,2,average,jefatura_femenina,si,espanol_uno_mas_adultos,adultos_uno_mas_analfabeta,,0,0,24.2379543,42.50305317,3.907717497,66.1532183232645,EXCLUSION,,
2024-01,No Elegible,Vulnerabilidad Elevada,1,1,2.578385269,1,1.776038647,2.823478261,1.790108696,1.043888889,sotap,3,complete,jefatura_femenina,si,espanol_uno_mas_adultos,adultos_ninguno_analfabeta,,-500,0,8.975915299,26.85846924,3.016791609,35.2589060706247,EXCLUSION,,
2024-04,No Elegible,Vulnerabilidad Elevada,2.070141643,1,1,1,1.776038647,2.823478261,2.580217391,1.043888889,sotap,2,complete,jefatura_femenina,si,espanol_uno_mas_adultos,adultos_ninguno_analfabeta,0,0,0,6.702282231,32.85812825,3.116564434,38.7186892002626,EXCLUSION,,
2023-06,No Elegible,Vulnerabilidad Baja,1,1,1,1,1,1.498900966,1.790108696,1,sotap,2,low,jefatura_masculina,no,espanol_ningun_adulto,adultos_ninguno_analfabeta,,0,0,0,10.02735341,2.279861825,9.70466314991279,EXCLUSION,,
2023-10,Elegible,Vulnerabilidad Moderada,2.070141643,1,1,1,1.776038647,1.498900966,2.580217391,1.043888889,sotap,2,low,jefatura_masculina,no,espanol_uno_mas_adultos,adultos_ninguno_analfabeta,0,0,0,6.702282231,22.80125306,2.835878661,28.9854543107519,INCLUSION,,
2023-06,No Elegible,Vulnerabilidad Moderada,1,1.525552408,2.578385269,1,1.776038647,1.498900966,1.790108696,1,sotap,1,low,,,espanol_uno_mas_adultos,adultos_ninguno_analfabeta,500,0,0,13.7168894,17.10850297,2.885790892,30.7162468537038,EXCLUSION,,
2023-10,Elegible,Vulnerabilidad Baja,1,1.525552408,1.249197356,1,1,1,1.790108696,1,sotap,1,low,,,espanol_uno_mas_adultos,adultos_ninguno_analfabeta,-500,0,0,5.877094669,5.614422911,2.331634552,11.4999706198442,INCLUSION,,
2023-11,No Elegible,Vulnerabilidad Moderada,2.700708215,1,2.578385269,1,1.776038647,1,1,1,futij,3,low,jefatura_femenina,no,espanol_uno_mas_adultos,adultos_ninguno_analfabeta,0,0,0,20.97871872,5.532745347,2.778868113,27.0085309361165,EXCLUSION,,
2023-10,No Elegible,Vulnerabilidad Moderada,1,1,1,1,1.776038647,2.823478261,1.790108696,1.043888889,sotap,1,low,,,espanol_uno_mas_adultos,adultos_ninguno_analfabeta,0,0,0,0,26.85846924,2.749615568,25.9941368413876,EXCLUSION,,
2024-06,Lista de Reserva,Vulnerabilidad Elevada,2.070141643,1,2.578385269,1,1.776038647,2.823478261,2.580217391,1.043888889,fupal,4,average,jefatura_femenina,no,espanol_uno_mas_adultos,adultos_uno_mas_analfabeta,,0,0,17.46888676,32.85812825,3.43704192,49.8317738296103,EXCLUSION,,
2024-01,No Elegible,Vulnerabilidad Baja,1,2.051104816,1,1,1.776038647,1,1.790108696,1,pcr_cdmx,1,low,,,espanol_uno_mas_adultos,adultos_ninguno_analfabeta,,0,0,6.609317356,12.01413641,2.532044784,18.4495212840232,EXCLUSION,,
2023-10,Lista de Reserva,Vulnerabilidad Baja,1,1,1,1,1.776038647,2.823478261,1,1,pcr_cdmx,4,average,jefatura_masculina,no,espanol_uno_mas_adultos,adultos_ninguno_analfabeta,0,0,0,0,17.78726377,2.496439678,17.2148518346176,EXCLUSION,,
2023-08,No Elegible,Vulnerabilidad Moderada,1,1,1,1,1.776038647,2.823478261,2.580217391,1,sotap,1,low,,,espanol_ningun_adulto,adultos_ninguno_analfabeta,,0,0,0,32.12448674,2.896589272,31.0906886322201,EXCLUSION,,
2023-11,Lista de Reserva,Vulnerabilidad Moderada,2.070141643,1,2.578385269,1,1,1.498900966,1.790108696,1.043888889,sotap,2,average,jefatura_masculina,no,espanol_uno_mas_adultos,adultos_ninguno_analfabeta,,0,0,17.46888676,10.52243148,2.813656206,28.2148621173657,EXCLUSION,,
2023-09,No Elegible,Vulnerabilidad Elevada,1,1,1,1,1.776038647,2.823478261,2.580217391,1.043888889,fupal,1,low,,,espanol_ningun_adulto,adultos_uno_mas_analfabeta,,0,0,0,32.85812825,2.917065088,31.8007208247868,EXCLUSION,,
2023-07,No Elegible,Vulnerabilidad Baja,1,1,1,1,1.776038647,1,2.580217391,1,sotap,4,low,jefatura_masculina,no,espanol_ningun_adulto,adultos_ninguno_analfabeta,,0,0,0,16.59309681,2.46311067,16.0591143615574,EXCLUSION,,
2024-06,Lista de Reserva,Vulnerabilidad Baja,2.070141643,1,1,1,1,1,1.790108696,1.043888889,pcr_cdmx,1,low,,,espanol_uno_mas_adultos,adultos_ninguno_analfabeta,0,0,0,6.702282231,6.061858428,2.368684842,12.7847501374043,EXCLUSION,,
2023-08,No Elegible,Vulnerabilidad Baja,1,1,1,1,1,1,1.790108696,1,fupal,3,low,jefatura_masculina,si,espanol_uno_mas_adultos,adultos_ninguno_analfabeta,,0,0,0,5.614422911,2.156697643,5.43374516730111,EXCLUSION,,
2024-03,Lista de Reserva,Vulnerabilidad Elevada,1,1,1,1,1.776038647,2.823478261,2.580217391,1.043888889,sotap,1,low,,,espanol_uno_mas_adultos,adultos_ninguno_analfabeta,0,0,0,0,32.85812825,2.917065088,31.8007208247868,EXCLUSION,,
2023-06,Lista de Reserva,Vulnerabilidad Moderada,1,1,2.578385269,1,1.776038647,1.498900966,1.790108696,1,sotap,1,low,,,espanol_uno_mas_adultos,adultos_ninguno_analfabeta,,0,0,8.975915299,17.10850297,2.744671614,25.8227034651596,EXCLUSION,,
2024-05,No Elegible,Vulnerabilidad Baja,1,1,1,1,1,1,1.790108696,1.043888889,fupal,1,low,,,espanol_uno_mas_adultos,adultos_ninguno_analfabeta,,0,0,0,6.061858428,2.169185496,5.86678176192853,EXCLUSION,,
2023-06,No Elegible,Vulnerabilidad Moderada,1,1,1,1,1.776038647,2.117608696,2.580217391,1.043888889,sotap,6,average,jefatura_femenina,no,espanol_uno_mas_adultos,adultos_ninguno_analfabeta,,0,0,0,28.09152966,2.784030087,27.1875161440115,EXCLUSION,,
2023-06,No Elegible,Vulnerabilidad Elevada,1,1,2.578385269,1,1.776038647,2.117608696,2.580217391,1.738466184,sotap,5,high,jefatura_masculina,no,espanol_uno_mas_adultos,adultos_ninguno_analfabeta,0,0,0,8.975915299,36.78475459,3.29383264,44.8657536317763,EXCLUSION,,
2023-08,Elegible,Vulnerabilidad Baja,1,1,1,1,1,1,1,1,fupal,1,low,,,espanol_uno_mas_adultos,adultos_ninguno_analfabeta,,-500,0,0,0,2,0,INCLUSION,,
2024-05,No Elegible por Intenciones,Vulnerabilidad Baja,1,1,1,1,1.776038647,1,1.790108696,1,pcr_cdmx,1,low,,,espanol_ningun_adulto,adultos_ninguno_analfabeta,,0,0,0,12.01413641,2.33531262,11.6275094861898,EXCLUSION,,
2023-08,Lista de Reserva,Vulnerabilidad Elevada,1,1,2.578385269,1,1.776038647,2.117608696,2.580217391,1,fupal,4,average,jefatura_masculina,no,espanol_uno_mas_adultos,adultos_ninguno_analfabeta,0,0,0,8.975915299,27.40879931,3.032151233,35.791525968642,EXCLUSION,,
2024-01,Lista de Reserva,Vulnerabilidad Baja,1,1,1,1,1,1,1.790108696,1,sotap,1,low,,,espanol_uno_mas_adultos,adultos_ninguno_analfabeta,,0,0,0,5.614422911,2.156697643,5.43374516730111,EXCLUSION,,
2023-11,Lista de Reserva,Vulnerabilidad Elevada,1,2.051104816,2.578385269,1,1.776038647,2.117608696,1.790108696,1,sotap,2,complete,jefatura_femenina,si,espanol_uno_mas_adultos,adultos_ninguno_analfabeta,,0,0,17.3510839,21.88512181,3.127280564,39.0902958360183,EXCLUSION,,
2024-04,No Elegible,Vulnerabilidad Elevada,2.070141643,1,1,1,1.776038647,1.498900966,2.580217391,2.544987923,sotap,2,average,jefatura_femenina,si,espanol_uno_mas_adultos,adultos_uno_mas_analfabeta,,0,0,6.702282231,37.43330939,3.244257006,43.1466364359962,EXCLUSION,,
2023-09,Lista de Reserva,Vulnerabilidad Moderada,1,1,1,1,1.776038647,2.823478261,1.790108696,1,sotap,4,average,jefatura_femenina,no,espanol_uno_mas_adultos,adultos_ninguno_analfabeta,0,0,0,0,26.18890898,2.730928248,25.3461237001146,EXCLUSION,,
2024-03,No Elegible,Vulnerabilidad Moderada,2.700708215,1.525552408,1,1,1.776038647,1,2.580217391,1,sotap,1,low,,,espanol_uno_mas_adultos,adultos_ninguno_analfabeta,,0,0,14.26831886,16.59309681,2.887819773,30.7866019907911,EXCLUSION,,
2024-02,No Elegible,Vulnerabilidad Moderada,1,1,1,1,1.776038647,2.823478261,2.580217391,1,foten,1,low,,,espanol_uno_mas_adultos,adultos_ninguno_analfabeta,,0,0,0,32.12448674,2.896589272,31.0906886322201,EXCLUSION,,
2024-06,No Elegible,Vulnerabilidad Elevada,1,1,2.578385269,1,1,2.117608696,2.580217391,1.738466184,pcr_cdmx,1,low,,,espanol_uno_mas_adultos,adultos_ninguno_analfabeta,0,0,0,8.975915299,27.07165714,3.022741649,35.4652333708148,EXCLUSION,,
2023-06,Lista de Reserva,Vulnerabilidad Moderada,1,1,1,1,1.776038647,2.117608696,2.580217391,1,,2,average,jefatura_masculina,si,espanol_ningun_adulto,adultos_uno_mas_analfabeta,,0,0,0,27.40879931,2.764975192,26.5267567394049,EXCLUSION,,
2023-12,No Elegible,Vulnerabilidad Moderada,1,1,1,1,1.776038647,2.823478261,1.790108696,1,foten,3,average,jefatura_masculina,no,espanol_ningun_adulto,adultos_uno_mas_analfabeta,,0,0,0,26.18890898,2.730928248,25.3461237001146,EXCLUSION,,
2024-04,Lista de Reserva,Vulnerabilidad Elevada,2.070141643,1,2.578385269,1,1.776038647,1,2.580217391,2.544987923,sotap,1,low,,,espanol_uno_mas_adultos,adultos_ninguno_analfabeta,0,0,0,17.46888676,30.38303782,3.367962543,47.4363342847381,EXCLUSION,,
2024-02,Elegible,Vulnerabilidad Moderada,1,1,1,1,1.776038647,2.823478261,2.580217391,1,sotap,4,average,jefatura_masculina,no,espanol_uno_mas_adultos,adultos_ninguno_analfabeta,,0,0,0,32.12448674,2.896589272,31.0906886322201,INCLUSION,,
2023-06,Lista de Reserva,Vulnerabilidad Baja,1,1,1,1,1,1.498900966,1,1,sotap,2,average,jefatura_femenina,no,espanol_uno_mas_adultos,adultos_ninguno_analfabeta,-500,0,0,0,3.815111519,2.10647915,3.69233741520706,EXCLUSION,,
2024-03,Elegible,Vulnerabilidad Moderada,1,1.525552408,1,1,1.776038647,2.823478261,2.580217391,1,foten,1,low,,,espanol_uno_mas_adultos,adultos_ninguno_analfabeta,,0,0,3.741369748,32.12448674,3.007954444,34.9524594000805,INCLUSION,,
2023-12,Elegible,Vulnerabilidad Baja,2.700708215,1,1.249197356,1,1,1,1.790108696,1,sotap,1,low,,,espanol_uno_mas_adultos,adultos_ninguno_analfabeta,0,0,0,11.93561888,5.614422911,2.511971873,17.7534641984784,INCLUSION,,
2023-08,Elegible,Vulnerabilidad Moderada,2.700708215,1,2.578385269,1,1,1.498900966,1,1,foten,1,low,,,espanol_uno_mas_adultos,adultos_ninguno_analfabeta,,0,0,20.97871872,3.815111519,2.730929228,25.3461722823354,INCLUSION,,
2023-10,No Elegible,Vulnerabilidad Baja,1,1,1,1,1.776038647,1,1.790108696,1,sotap,2,average,jefatura_femenina,si,espanol_uno_mas_adultos,adultos_ninguno_analfabeta,0,0,0,0,12.01413641,2.33531262,11.6275094861898,EXCLUSION,,
2023-10,Lista de Reserva,Vulnerabilidad Baja,1,1,1,1,1,1.498900966,1,1,sotap,1,low,,,espanol_uno_mas_adultos,adultos_ninguno_analfabeta,-500,0,0,0,3.815111519,2.10647915,3.69233741520706,EXCLUSION,,
2023-10,No Elegible,Vulnerabilidad Elevada,2.700708215,1,1.249197356,1,1.776038647,2.823478261,2.580217391,1.043888889,sotap,1,low,,,espanol_uno_mas_adultos,adultos_ninguno_analfabeta,0,0,0,11.93561888,32.85812825,3.272339318,44.120439855964,EXCLUSION,,
2024-05,No Elegible,Vulnerabilidad Baja,1,1,1,1,1.776038647,1.498900966,1.790108696,1,sotap,2,average,jefatura_femenina,si,espanol_uno_mas_adultos,adultos_ninguno_analfabeta,-500,0,0,0,17.10850297,2.477495573,16.5579342359224,EXCLUSION,,
2023-12,Elegible,Vulnerabilidad Moderada,1,1,1,1,1.776038647,2.823478261,2.580217391,1,sotap,1,low,,,espanol_uno_mas_adultos,adultos_ninguno_analfabeta,0,0,0,0,32.12448674,2.896589272,31.0906886322201,INCLUSION,,
2023-08,Lista de Reserva,Vulnerabilidad Baja,1,1,1,1,1.776038647,1.498900966,1.790108696,1,pcr_cdmx,1,low,,,espanol_uno_mas_adultos,adultos_ninguno_analfabeta,0,0,0,0,17.10850297,2.477495573,16.5579342359224,EXCLUSION,,
2024-05,No Elegible,Vulnerabilidad Elevada,2.700708215,1,3.251728045,1,1.776038647,1,1.790108696,2.544987923,sotap,1,low,,,espanol_uno_mas_adultos,adultos_ninguno_analfabeta,,0,0,24.2379543,24.59957006,3.408034155,48.8258872032274,EXCLUSION,,
2024-05,Lista de Reserva,Vulnerabilidad Moderada,1,1.525552408,2.578385269,1,1.776038647,1.498900966,1.790108696,1,futij,1,low,,,espanol_ningun_adulto,adultos_ninguno_analfabeta,,0,0,13.7168894,17.10850297,2.885790892,30.7162468537038,EXCLUSION,,
2024-05,Lista de Reserva,Vulnerabilidad Elevada,1,2.051104816,2.578385269,1,1.776038647,2.823478261,2.580217391,1,pcr_cdmx,2,average,jefatura_femenina,si,espanol_ningun_adulto,adultos_ninguno_analfabeta,0,0,0,17.3510839,32.12448674,3.413059597,49.000147763206,EXCLUSION,,
2024-02,No Elegible,Vulnerabilidad Moderada,1,1,1,1,1.776038647,2.117608696,2.580217391,1,sotap,1,low,,,espanol_ningun_adulto,adultos_ninguno_analfabeta,0,0,0,0,27.40879931,2.764975192,26.5267567394049,EXCLUSION,,
2024-01,Elegible,Vulnerabilidad Baja,2.700708215,1,1,1,1.776038647,1,1.790108696,1,sotap,3,average,jefatura_masculina,si,espanol_ningun_adulto,adultos_ninguno_analfabeta,0,0,0,9.472088355,12.01413641,2.61725769,21.404419116542,INCLUSION,,
2024-04,No Elegible,Vulnerabilidad Moderada,1,1,2.578385269,1,1.776038647,1.498900966,2.580217391,1,sotap,3,average,jefatura_femenina,no,espanol_ningun_adulto,adultos_ninguno_analfabeta,,0,0,8.975915299,22.17502718,2.886077492,30.7261818595575,EXCLUSION,,
2023-09,No Elegible,Vulnerabilidad Elevada,1,1.525552408,2.578385269,1,1.776038647,2.823478261,2.580217391,1.043888889,pcr_cdmx,2,average,jefatura_masculina,si,espanol_uno_mas_adultos,adultos_uno_mas_analfabeta,,0,0,13.7168894,32.85812825,3.325360407,45.9590334425682,EXCLUSION,,
2024-05,No Elegible,Vulnerabilidad Elevada,2.700708215,1,3.251728045,1,1.776038647,1,2.580217391,1,sotap,1,low,,,espanol_uno_mas_adultos,adultos_ninguno_analfabeta,,0,0,24.2379543,16.59309681,3.184574771,41.0770702688857,EXCLUSION,,
2024-05,No Elegible,Vulnerabilidad Elevada,2.070141643,1,1,1,1.776038647,2.823478261,2.580217391,1.043888889,sotap,3,low,jefatura_masculina,no,espanol_uno_mas_adultos,adultos_ninguno_analfabeta,0,0,0,6.702282231,32.85812825,3.116564434,38.7186892002626,EXCLUSION,,
2023-10,Elegible,Vulnerabilidad Moderada,2.070141643,1,1,1,1.776038647,1,1.790108696,2.544987923,sotap,4,average,jefatura_masculina,no,espanol_uno_mas_adultos,adultos_ninguno_analfabeta,,-500,0,6.702282231,24.59957006,2.8860694,30.725899671375,INCLUSION,,
2023-07,No Elegible,Vulnerabilidad Elevada,2.070141643,1,2.578385269,1,1,2.117608696,1.790108696,1.043888889,sotap,2,low,jefatura_femenina,no,espanol_uno_mas_adultos,adultos_ninguno_analfabeta,0,0,-500,17.46888676,14.70478802,2.930385106,32.2626262415519,EXCLUSION,,
2024-05,No Elegible,Vulnerabilidad Elevada,1,1,2.578385269,1,1.776038647,2.823478261,2.580217391,1,pcr_cdmx,1,low,,,espanol_uno_mas_adultos,adultos_ninguno_analfabeta,0,0,0,8.975915299,32.12448674,3.163765312,40.3554578614572,EXCLUSION,,
2023-07,No Elegible por Intenciones,Vulnerabilidad Baja,2.070141643,1,1,1,1.776038647,1.498900966,1.790108696,1.043888889,pcr_cdmx,1,low,,,espanol_uno_mas_adultos,adultos_ninguno_analfabeta,,0,0,6.702282231,17.68003002,2.692946147,24.0290373494022,EXCLUSION,,
2023-07,Lista de Reserva,Vulnerabilidad Baja,1,2.051104816,1,1,1,1.498900966,1,1.043888889,sotap,1,low,,,espanol_uno_mas_adultos,adultos_uno_mas_analfabeta,,0,0,6.609317356,4.243121443,2.315157003,10.9285853496763,EXCLUSION,,
2024-06,No Elegible,Vulnerabilidad Baja,1.599560907,1,2.578385269,1,1,2.117608696,1,1.043888889,pcr_cdmx,1,low,,,espanol_uno_mas_adultos,adultos_ninguno_analfabeta,0,0,0,14.28054816,7.858894815,2.644413613,22.3460982012954,EXCLUSION,,
2024-05,Lista de Reserva,Vulnerabilidad Baja,1,1,1,1,1.776038647,1,1,1,fomon,2,average,jefatura_femenina,no,espanol_uno_mas_adultos,adultos_ninguno_analfabeta,,0,0,0,5.532745347,2.154418035,5.35469606898819,EXCLUSION,,
2023-10,Lista de Reserva,Vulnerabilidad Moderada,1,1,1,1,1,2.117608696,2.580217391,1.738466184,sotap,2,low,jefatura_femenina,no,espanol_uno_mas_adultos,adultos_ninguno_analfabeta,,0,0,0,27.07165714,2.755565608,26.2004641415777,EXCLUSION,,
2023-06,No Elegible,Vulnerabilidad Elevada,1,1,3.251728045,1,1.776038647,2.823478261,2.580217391,1,sotap,3,low,jefatura_masculina,si,espanol_uno_mas_adultos,adultos_ninguno_analfabeta,0,0,0,11.51832969,32.12448674,3.23944252,42.979689689974,EXCLUSION,,
2024-03,Elegible,Vulnerabilidad Moderada,1,1.525552408,1,1,1.776038647,2.117608696,1.790108696,1,pcr_cdmx,4,average,jefatura_femenina,no,espanol_ningun_adulto,adultos_ninguno_analfabeta,,0,0,3.741369748,21.88512181,2.722175411,25.0426074728928,INCLUSION,,
2023-09,No Elegible,Vulnerabilidad Moderada,1,1,1,1,1.776038647,2.823478261,1.790108696,1,sotap,1,low,,,espanol_ningun_adulto,adultos_uno_mas_analfabeta,,0,0,0,26.18890898,2.730928248,25.3461237001146,EXCLUSION,,
2024-04,Lista de Reserva,Vulnerabilidad Baja,1,1.525552408,1,1,1.776038647,1.498900966,1.790108696,1,sotap,1,low,,,espanol_uno_mas_adultos,adultos_ninguno_analfabeta,0,0,0,3.741369748,17.10850297,2.588860746,20.4197050037828,EXCLUSION,,
2024-04,Elegible,Vulnerabilidad Elevada,2.070141643,1,1,1,1.776038647,2.823478261,2.580217391,1.043888889,foten,2,average,jefatura_masculina,si,espanol_uno_mas_adultos,adultos_uno_mas_analfabeta,,0,0,6.702282231,32.85812825,3.116564434,38.7186892002626,INCLUSION,,
2024-01,Elegible por Proceso Acelerado,Vulnerabilidad Baja,1,1,1,1,1,1,1,1,sotap,1,low,,,espanol_ningun_adulto,adultos_ninguno_analfabeta,,0,0,0,0,2,0,INCLUSION,,
2024-05,No Elegible,Vulnerabilidad Elevada,2.070141643,1,1,1,1.776038647,2.823478261,1.790108696,1.043888889,sotap,3,low,jefatura_masculina,no,espanol_ningun_adulto,adultos_ninguno_analfabeta,0,0,0,6.702282231,26.85846924,2.949114914,32.9121052168634,EXCLUSION,,
2024-01,Elegible por Proceso Acelerado,Vulnerabilidad Moderada,1,1,1,1,1.776038647,2.823478261,1.790108696,1.043888889,sotap,1,low,,,espanol_uno_mas_adultos,adultos_ninguno_analfabeta,0,0,0,0,26.85846924,2.749615568,25.9941368413876,INCLUSION,,
2024-02,No Elegible,Vulnerabilidad Moderada,1,1,1,1,1.776038647,2.823478261,1.790108696,1,sotap,6,average,jefatura_femenina,no,espanol_uno_mas_adultos,adultos_ninguno_analfabeta,0,0,0,0,26.18890898,2.730928248,25.3461237001146,EXCLUSION,,
2023-09,No Elegible,Vulnerabilidad Moderada,2.700708215,1,2.578385269,1,1,1.498900966,1,1,sotap,1,low,,,espanol_uno_mas_adultos,adultos_ninguno_analfabeta,-500,0,0,20.97871872,3.815111519,2.730929228,25.3461722823354,EXCLUSION,,
2023-10,Elegible,Vulnerabilidad Baja,1,1,1,1,1,1.498900966,1,1,futij,3,average,jefatura_femenina,no,espanol_uno_mas_adultos,adultos_ninguno_analfabeta,,-500,0,0,3.815111519,2.10647915,3.69233741520706,INCLUSION,,
2024-02,No Elegible,Vulnerabilidad Elevada,1,2.051104816,1,1,1.776038647,2.823478261,1.790108696,1,sotap,4,average,jefatura_masculina,no,espanol_uno_mas_adultos,adultos_ninguno_analfabeta,0,0,0,6.609317356,26.18890898,2.927660413,32.1681354979481,EXCLUSION,,
2023-10,Elegible,Vulnerabilidad Baja,1,1,1,1,1,2.117608696,1.790108696,1.043888889,sotap,1,low,,,espanol_uno_mas_adultos,adultos_ninguno_analfabeta,0,0,0,0,14.70478802,2.410408275,14.2315732367284,INCLUSION,,
2024-02,No Elegible,Vulnerabilidad Moderada,1,1,1,1,1.776038647,2.823478261,1.790108696,1,fupal,1,low,,,espanol_uno_mas_adultos,adultos_ninguno_analfabeta,,0,0,0,26.18890898,2.730928248,25.3461237001146,EXCLUSION,,
2024-02,Elegible,Vulnerabilidad Moderada,1,1.525552408,2.578385269,1,1.776038647,1,1.790108696,1.043888889,sotap,1,low,,,espanol_uno_mas_adultos,adultos_ninguno_analfabeta,0,0,0,13.7168894,12.53066404,2.758024142,26.2857273583102,INCLUSION,,
2024-02,Elegible,Vulnerabilidad Elevada,2.700708215,1,2.578385269,1,1.776038647,2.117608696,1.790108696,1.043888889,foten,1,low,,,espanol_uno_mas_adultos,adultos_ninguno_analfabeta,,0,0,20.97871872,22.50821784,3.252650827,43.4377157488193,INCLUSION,,
2023-08,Lista de Reserva,Vulnerabilidad Severa,2.700708215,2.051104816,3.251728045,1,1.776038647,2.823478261,1.790108696,1,foten,4,average,jefatura_masculina,no,espanol_uno_mas_adultos,adultos_ninguno_analfabeta,,0,0,35.61565687,26.18890898,3.791059708,62.1079280238481,EXCLUSION,,
2023-11,Lista de Reserva,Vulnerabilidad Baja,1,1,1,1.564135978,1,2.117608696,1.790108696,1.043888889,sotap,1,low,,,espanol_uno_mas_adultos,adultos_uno_mas_analfabeta,,0,0,3.975239986,14.70478802,2.528734801,18.3347404207178,EXCLUSION,,
2024-06,No Elegible,Vulnerabilidad Elevada,1,1.525552408,1,1,1.776038647,2.823478261,2.580217391,1,sotap,3,average,jefatura_masculina,no,espanol_uno_mas_adultos,adultos_ninguno_analfabeta,,0,-500,3.741369748,32.12448674,3.007954444,34.9524594000805,EXCLUSION,,
2024-01,Elegible,Vulnerabilidad Baja,1,1,1,1,1,1,1.790108696,1,sotap,1,low,,,espanol_uno_mas_adultos,adultos_ninguno_analfabeta,500,0,0,0,5.614422911,2.156697643,5.43374516730111,INCLUSION,,
2023-10,Elegible,Vulnerabilidad Elevada,2.700708215,2.051104816,3.251728045,1,1,2.117608696,1.790108696,1,sotap,1,low,,,espanol_uno_mas_adultos,adultos_ninguno_analfabeta,,0,0,35.61565687,14.16503897,3.455475425,50.4709981746399,INCLUSION,,
2023-10,No Elegible,Vulnerabilidad Moderada,1,1,2.578385269,1,1.776038647,1,2.580217391,1.043888889,sotap,2,low,jefatura_masculina,si,espanol_uno_mas_adultos,adultos_ninguno_analfabeta,0,-500,0,8.975915299,17.15905947,2.746082638,25.8716330064331,EXCLUSION,,
2024-02,Lista de Reserva,Vulnerabilidad Moderada,1,1,1,1,1.776038647,2.823478261,1.790108696,1,fupal,1,low,,,espanol_uno_mas_adultos,adultos_ninguno_analfabeta,,0,0,0,26.18890898,2.730928248,25.3461237001146,EXCLUSION,,
2024-02,Elegible,Vulnerabilidad Baja,1,1,1,1,1,1,1,1,sotap,1,low,,,espanol_uno_mas_adultos,adultos_ninguno_analfabeta,,0,0,0,0,2,0,INCLUSION,,
2024-01,Elegible por Proceso Acelerado,Vulnerabilidad Baja,2.700708215,1,1,1,1,2.117608696,1.790108696,1.043888889,sotap,4,average,jefatura_femenina,si,espanol_uno_mas_adultos,adultos_ninguno_analfabeta,,0,0,9.472088355,14.70478802,2.692353344,24.0084828670806,INCLUSION,,
2023-08,Elegible,Vulnerabilidad Elevada,1,1,1,1,1.776038647,2.823478261,2.580217391,1.043888889,sotap,3,low,jefatura_masculina,si,espanol_uno_mas_adultos,adultos_ninguno_analfabeta,0,0,0,0,32.85812825,2.917065088,31.8007208247868,INCLUSION,,
2024-06,No Elegible,Vulnerabilidad Baja,1,1,1,1,1,2.117608696,1.790108696,1,sotap,1,low,,,espanol_uno_mas_adultos,adultos_ninguno_analfabeta,,0,0,0,14.16503897,2.395343965,13.7091938509064,EXCLUSION,,
2024-02,No Elegible por Duplicidad,Vulnerabilidad Baja,1,1,1,1,1,2.117608696,1,1,sotap,1,low,,,espanol_uno_mas_adultos,adultos_ninguno_analfabeta,,0,0,0,7.392265486,2.206316944,7.15437499039503,EXCLUSION,,
2023-10,Lista de Reserva,Vulnerabilidad Elevada,1,1.525552408,2.578385269,1,1.776038647,2.823478261,1.790108696,1.043888889,sotap,1,low,,,espanol_uno_mas_adultos,adultos_uno_mas_analfabeta,0,0,0,13.7168894,26.85846924,3.157910887,40.152449459169,EXCLUSION,,
2023-06,Lista de Reserva,Vulnerabilidad Moderada,2.070141643,1,1,1,1.776038647,1.498900966,2.580217391,1.043888889,foten,1,low,,,espanol_uno_mas_adultos,adultos_ninguno_analfabeta,0,0,0,6.702282231,22.80125306,2.835878661,28.9854543107519,EXCLUSION,,
2024-07,No Elegible,Vulnerabilidad Moderada,1,2.051104816,1,1,1.776038647,2.117608696,1.790108696,1,sotap,3,low,jefatura_masculina,no,espanol_uno_mas_adultos,adultos_ninguno_analfabeta,,0,0,6.609317356,21.88512181,2.807542403,28.0028485028658,EXCLUSION,,
2023-07,Lista de Reserva,Vulnerabilidad Baja,1,1,1,1,1.776038647,1,2.580217391,1.043888889,sotap,1,low,,,espanol_ningun_adulto,adultos_uno_mas_analfabeta,0,0,0,0,17.15905947,2.478906597,16.6068637771959,EXCLUSION,,
2024-02,No Elegible,Vulnerabilidad Elevada,2.070141643,1,2.578385269,1,1.776038647,2.823478261,2.580217391,1.043888889,sotap,1,low,,,espanol_uno_mas_adultos,adultos_ninguno_analfabeta,0,0,0,17.46888676,32.85812825,3.43704192,49.8317738296103,EXCLUSION,,
2024-05,No Elegible,Vulnerabilidad Severa,2.700708215,1,3.251728045,1,1.776038647,2.117608696,2.580217391,1.043888889,sotap,4,complete,jefatura_femenina,si,espanol_uno_mas_adultos,adultos_ninguno_analfabeta,,0,0,24.2379543,28.09152966,3.505494188,52.2054720513398,EXCLUSION,,
2024-03,Lista de Reserva,Vulnerabilidad Elevada,1,1,2.578385269,1,1.776038647,2.823478261,2.580217391,1,foten,1,low,,,espanol_uno_mas_adultos,adultos_ninguno_analfabeta,0,0,0,8.975915299,32.12448674,3.163765312,40.3554578614572,EXCLUSION,,
2024-04,No Elegible por Duplicidad,Vulnerabilidad Elevada,2.700708215,1,3.251728045,1,1.776038647,2.117608696,2.580217391,1,sotap,1,low,,,espanol_uno_mas_adultos,adultos_ninguno_analfabeta,0,0,0,24.2379543,27.40879931,3.486439293,51.5447126467332,EXCLUSION,,
2023-06,No Elegible,Vulnerabilidad Moderada,1,1,1,1,1.776038647,2.823478261,2.580217391,1,pcr_cdmx,4,average,jefatura_masculina,no,espanol_uno_mas_adultos,adultos_ninguno_analfabeta,,0,0,0,32.12448674,2.896589272,31.0906886322201,EXCLUSION,,
2024-04,Lista de Reserva,Vulnerabilidad Severa,2.070141643,1,2.578385269,1,1.776038647,1.498900966,2.580217391,2.544987923,sotap,3,complete,jefatura_femenina,si,espanol_ningun_adulto,adultos_uno_mas_analfabeta,0,0,0,17.46888676,37.43330939,3.564734492,54.259721065344,EXCLUSION,,
2023-08,No Elegible,Vulnerabilidad Elevada,1,1,2.578385269,1,1.776038647,2.823478261,2.580217391,1.043888889,foten,2,average,jefatura_femenina,si,espanol_uno_mas_adultos,adultos_ninguno_analfabeta,,0,0,8.975915299,32.85812825,3.184241129,41.0654900540239,EXCLUSION,,
2024-06,No Elegible,Vulnerabilidad Baja,1,1,1,1,1.776038647,2.117608696,1.790108696,1,futij,1,low,,,espanol_uno_mas_adultos,adultos_ninguno_analfabeta,,-500,0,0,21.88512181,2.610810239,21.1808367050324,EXCLUSION,,
2024-06,No Elegible,Vulnerabilidad Elevada,2.700708215,1,1.249197356,1,1.776038647,2.117608696,1.790108696,1.043888889,sotap,3,average,jefatura_femenina,si,espanol_uno_mas_adultos,adultos_ninguno_analfabeta,,0,0,11.93561888,22.50821784,2.983474979,34.1035999128682,EXCLUSION,,
2023-11,Lista de Reserva,Vulnerabilidad Baja,1,1,1,1,1.776038647,1.498900966,1.790108696,1,pcr_cdmx,1,low,,,espanol_uno_mas_adultos,adultos_ninguno_analfabeta,,0,0,0,17.10850297,2.477495573,16.5579342359224,EXCLUSION,,
2023-09,Elegible,Vulnerabilidad Baja,1,1,1,1,1.776038647,1,2.580217391,1.043888889,sotap,1,low,,,espanol_uno_mas_adultos,adultos_ninguno_analfabeta,,0,0,0,17.15905947,2.478906597,16.6068637771959,INCLUSION,,
2024-04,Elegible,Vulnerabilidad Elevada,1,1,2.578385269,1,1.776038647,2.117608696,2.580217391,1.043888889,sotap,2,average,jefatura_femenina,si,espanol_ningun_adulto,adultos_uno_mas_analfabeta,,0,0,8.975915299,28.09152966,3.051206127,36.4522853732487,INCLUSION,,
2023-06,Elegible,Vulnerabilidad Baja,1,1,1,1,1,1,1.790108696,1,sotap,1,low,,,espanol_ningun_adulto,adultos_uno_mas_analfabeta,,0,0,0,5.614422911,2.156697643,5.43374516730111,INCLUSION,,
2023-08,No Elegible,Vulnerabilidad Elevada,2.070141643,1,1,1,1.776038647,2.117608696,2.580217391,1.043888889,fupal,2,low,jefatura_masculina,no,espanol_uno_mas_adultos,adultos_ninguno_analfabeta,,0,0,6.702282231,28.09152966,2.983529432,34.1054845194874,EXCLUSION,,
2024-03,No Elegible,Vulnerabilidad Severa,2.700708215,1,2.578385269,1,1.776038647,2.823478261,2.580217391,1,sotap,2,average,jefatura_masculina,no,espanol_uno_mas_adultos,adultos_ninguno_analfabeta,0,0,0,20.97871872,32.12448674,3.521039349,52.7445234993484,EXCLUSION,,
2023-08,Elegible,Vulnerabilidad Moderada,1,1.525552408,1,1,1.776038647,2.117608696,1.790108696,1,sotap,1,low,,,espanol_uno_mas_adultos,adultos_ninguno_analfabeta,,0,0,3.741369748,21.88512181,2.722175411,25.0426074728928,INCLUSION,,
2024-04,Lista de Reserva,Vulnerabilidad Baja,1,1,2.578385269,1,1.776038647,1,1.790108696,1,fomon,1,low,,,espanol_uno_mas_adultos,adultos_ninguno_analfabeta,0,0,0,8.975915299,12.01413641,2.602488661,20.8922787154269,EXCLUSION,,
2024-04,No Elegible,Vulnerabilidad Elevada,2.070141643,1,3.251728045,1,1,2.117608696,2.580217391,1.043888889,sotap,4,average,jefatura_femenina,no,espanol_uno_mas_adultos,adultos_ninguno_analfabeta,0,0,0,20.51851115,19.54126117,3.156145058,40.0912212016064,EXCLUSION,,
2024-06,Lista de Reserva,Vulnerabilidad Severa,2.070141643,2.051104816,2.578385269,1,1.776038647,2.823478261,2.580217391,2.544987923,sotap,3,complete,jefatura_masculina,si,espanol_ningun_adulto,adultos_uno_mas_analfabeta,0,0,0,27.51489601,50,4.214497142,76.7913028784978,EXCLUSION,,
2023-11,Elegible,Vulnerabilidad Baja,1,2.051104816,1.249197356,1,1.776038647,1,1.790108696,1.043888889,sotap,1,low,,,espanol_uno_mas_adultos,adultos_ninguno_analfabeta,0,0,0,8.909093135,12.53066404,2.614915843,21.3232114017062,INCLUSION,,
2023-09,No Elegible,Vulnerabilidad Baja,1,1,1,1,1,2.117608696,1,1,pcr_cdmx,1,low,,,espanol_uno_mas_adultos,adultos_ninguno_analfabeta,0,0,0,0,7.392265486,2.206316944,7.15437499039503,EXCLUSION,,
2023-12,No Elegible,Vulnerabilidad Elevada,1,1,2.578385269,1,1.776038647,2.823478261,2.580217391,1.043888889,fupal,1,low,,,espanol_uno_mas_adultos,adultos_ninguno_analfabeta,,0,0,8.975915299,32.85812825,3.184241129,41.0654900540239,EXCLUSION,,
2024-01,Lista de Reserva,Vulnerabilidad Baja,1,1,2.578385269,1,1.776038647,1,1.790108696,1.043888889,sotap,1,low,,,espanol_uno_mas_adultos,adultos_ninguno_analfabeta,,0,0,8.975915299,12.53066404,2.616904864,21.3921839697659,EXCLUSION,,
2024-06,No Elegible,Vulnerabilidad Moderada,1,1,1.249197356,1,1.776038647,2.117608696,2.580217391,1.043888889,sotap,1,low,,,espanol_uno_mas_adultos,adultos_ninguno_analfabeta,0,0,0,1.921713018,28.09152966,2.841231571,29.1710718086438,EXCLUSION,,
2023-07,Lista de Reserva,Vulnerabilidad Elevada,2.700708215,1,3.251728045,1,1.776038647,2.823478261,1,1,sotap,3,low,jefatura_masculina,no,espanol_ningun_adulto,adultos_ninguno_analfabeta,0,0,0,24.2379543,17.78726377,3.21790378,42.2328077419459,EXCLUSION,,
2023-12,Elegible,Vulnerabilidad Baja,1,1,1,1,1.776038647,1.498900966,1.790108696,1,fusal,1,low,,,espanol_uno_mas_adultos,adultos_ninguno_analfabeta,,0,0,0,17.10850297,2.477495573,16.5579342359224,INCLUSION,,
2024-05,No Elegible por Duplicidad,Vulnerabilidad Elevada,2.070141643,1,1,1,1.776038647,2.823478261,2.580217391,1.043888889,sotap,2,complete,jefatura_femenina,si,espanol_uno_mas_adultos,adultos_ninguno_analfabeta,-500,0,0,6.702282231,32.85812825,3.116564434,38.7186892002626,EXCLUSION,,
2024-05,No Elegible,Vulnerabilidad Baja,1,1,1,1,1.776038647,1,1.790108696,1,sotap,1,low,,,espanol_uno_mas_adultos,adultos_uno_mas_analfabeta,,0,0,0,12.01413641,2.33531262,11.6275094861898,EXCLUSION,,
2024-04,No Elegible,Vulnerabilidad Elevada,1,1,1,1,1.776038647,2.823478261,2.580217391,1.043888889,foten,1,low,,,espanol_uno_mas_adultos,adultos_ninguno_analfabeta,,0,0,0,32.85812825,2.917065088,31.8007208247868,EXCLUSION,,
2024-01,Elegible,Vulnerabilidad Baja,2.070141643,1,1,1.564135978,1,1,1.790108696,1.043888889,sotap,2,low,jefatura_masculina,no,espanol_uno_mas_adultos,adultos_ninguno_analfabeta,,0,0,11.47057999,6.061858428,2.510617433,17.7064964865867,INCLUSION,,
2023-08,No Elegible,Vulnerabilidad Elevada,1,1,2.578385269,1,1.776038647,2.823478261,1.790108696,1.043888889,sotap,3,average,jefatura_femenina,si,espanol_uno_mas_adultos,adultos_ninguno_analfabeta,-500,0,0,8.975915299,26.85846924,3.016791609,35.2589060706247,EXCLUSION,,
2023-10,No Elegible,Vulnerabilidad Elevada,2.700708215,1.525552408,2.578385269,1,1.776038647,2.117608696,1.790108696,1,sotap,1,low,,,espanol_uno_mas_adultos,adultos_ninguno_analfabeta,0,0,0,27.05638709,21.88512181,3.416167479,49.1079253879757,EXCLUSION,,
2024-01,No Elegible por Intenciones,Vulnerabilidad Elevada,1.599560907,2.051104816,1,1,1.776038647,2.117608696,1.790108696,1,sotap,1,low,,,espanol_ningun_adulto,adultos_ninguno_analfabeta,0,0,0,11.61905914,21.88512181,2.956661789,33.1738087872167,EXCLUSION,,
2024-01,Elegible,Vulnerabilidad Elevada,1,1,2.578385269,1,1.776038647,2.117608696,1.790108696,1.738466184,sotap,4,average,jefatura_masculina,no,espanol_uno_mas_adultos,adultos_ninguno_analfabeta,0,0,0,8.975915299,30.44211729,3.116810651,38.7272287427276,INCLUSION,,
2023-09,Elegible,Vulnerabilidad Moderada,1,1,1,1,1.776038647,1.498900966,2.580217391,1.738466184,sotap,1,low,,,espanol_uno_mas_adultos,adultos_uno_mas_analfabeta,,0,0,0,30.77500505,2.858925454,29.784634612486,INCLUSION,,
2023-09,Elegible,Vulnerabilidad Baja,1,1,1,1,1.776038647,1.498900966,1,1,sotap,4,low,jefatura_femenina,no,espanol_uno_mas_adultos,adultos_ninguno_analfabeta,0,0,0,0,9.93697889,2.277339487,9.61719697234091,INCLUSION,,
2024-02,No Elegible,Vulnerabilidad Elevada,2.070141643,1,1,1,1.776038647,2.823478261,1.790108696,1.043888889,sotap,2,average,jefatura_femenina,si,espanol_uno_mas_adultos,adultos_ninguno_analfabeta,,0,0,6.702282231,26.85846924,2.949114914,32.9121052168634,EXCLUSION,,
2024-01,Elegible,Vulnerabilidad Baja,1,1,1,1,1,1.498900966,1,1,foten,2,average,jefatura_masculina,no,espanol_uno_mas_adultos,adultos_ninguno_analfabeta,0,0,0,0,3.815111519,2.10647915,3.69233741520706,INCLUSION,,
2024-05,No Elegible,Vulnerabilidad Moderada,1,1,1,1,1.776038647,2.823478261,2.580217391,1,fupal,3,low,jefatura_femenina,no,espanol_ningun_adulto,adultos_uno_mas_analfabeta,,0,0,0,32.12448674,2.896589272,31.0906886322201,EXCLUSION,,
2023-10,Lista de Reserva,Vulnerabilidad Baja,1,1,1,1,1,2.823478261,1,1,fupal,1,low,,,espanol_uno_mas_adultos,adultos_ninguno_analfabeta,,0,0,0,10.61532135,2.296271916,10.2737096936357,EXCLUSION,,
2024-01,Elegible,Vulnerabilidad Elevada,2.070141643,1.525552408,1,1,1.776038647,2.117608696,1.790108696,1.043888889,sotap,2,average,jefatura_femenina,si,espanol_uno_mas_adultos,adultos_uno_mas_analfabeta,,0,0,11.1900528,22.50821784,2.961282546,33.3340407708478,INCLUSION,,
2024-02,No Elegible,Vulnerabilidad Baja,1,1,1,1,1.776038647,1.498900966,1.790108696,1,sotap,4,average,jefatura_masculina,no,espanol_uno_mas_adultos,adultos_ninguno_analfabeta,,0,0,0,17.10850297,2.477495573,16.5579342359224,EXCLUSION,,
2024-03,No Elegible por Intenciones,Vulnerabilidad Elevada,1,2.051104816,1,1,1.776038647,2.823478261,1.790108696,1,fupal,4,average,jefatura_masculina,no,espanol_uno_mas_adultos,adultos_ninguno_analfabeta,,0,0,6.609317356,26.18890898,2.927660413,32.1681354979481,EXCLUSION,,
2023-12,Lista de Reserva,Vulnerabilidad Elevada,2.070141643,1,1,1,1.776038647,2.117608696,2.580217391,2.544987923,sotap,1,low,,,espanol_uno_mas_adultos,adultos_ninguno_analfabeta,,0,0,6.702282231,44.04383881,3.428755821,49.5444324087312,EXCLUSION,,
2023-08,No Elegible,Vulnerabilidad Baja,2.070141643,1,1,1,1,1.498900966,1.790108696,1.043888889,sotap,1,low,,,espanol_uno_mas_adultos,adultos_ninguno_analfabeta,0,0,0,6.702282231,10.52243148,2.49317872,17.1017774880179,EXCLUSION,,
2023-08,No Elegible,Vulnerabilidad Elevada,2.070141643,1,1,1,1.776038647,2.117608696,2.580217391,1.043888889,sotap,2,complete,jefatura_femenina,si,espanol_uno_mas_adultos,adultos_ninguno_analfabeta,,0,0,6.702282231,28.09152966,2.983529432,34.1054845194874,EXCLUSION,,
2024-02,Elegible,Vulnerabilidad Moderada,1,1,2.578385269,1,1.776038647,2.117608696,1.790108696,1.043888889,sotap,1,low,,,espanol_uno_mas_adultos,adultos_ninguno_analfabeta,,0,0,8.975915299,22.50821784,2.89537679,31.0486501109281,INCLUSION,,
2023-12,No Elegible,Vulnerabilidad Elevada,1,1,2.578385269,1,1.776038647,2.823478261,2.580217391,1.043888889,sotap,4,average,jefatura_femenina,no,espanol_uno_mas_adultos,adultos_ninguno_analfabeta,0,0,0,8.975915299,32.85812825,3.184241129,41.0654900540239,EXCLUSION,,
2024-04,No Elegible,Vulnerabilidad Baja,1,1,1,1,1.776038647,1,1,1,sotap,1,low,,,espanol_uno_mas_adultos,adultos_ninguno_analfabeta,0,0,-500,0,5.532745347,2.154418035,5.35469606898819,EXCLUSION,,
2023-07,No Elegible,Vulnerabilidad Elevada,2.070141643,2.051104816,2.578385269,1,1,1,1.790108696,1.043888889,sotap,2,average,jefatura_femenina,si,espanol_uno_mas_adultos,adultos_ninguno_analfabeta,-500,0,0,27.51489601,6.061858428,2.98819066,34.2671346404263,EXCLUSION,,
2024-04,Elegible,Vulnerabilidad Elevada,1,2.051104816,2.578385269,1,1.776038647,2.117608696,1.790108696,1,sotap,1,low,,,espanol_uno_mas_adultos,adultos_ninguno_analfabeta,,0,0,17.3510839,21.88512181,3.127280564,39.0902958360183,INCLUSION,,
2024-05,No Elegible,Vulnerabilidad Baja,1,1.525552408,1,1,1,2.117608696,1.790108696,1,sotap,4,average,jefatura_masculina,no,espanol_uno_mas_adultos,adultos_ninguno_analfabeta,,0,0,3.741369748,14.16503897,2.506709138,17.5709646187668,EXCLUSION,,
2023-10,Elegible,Vulnerabilidad Elevada,2.700708215,1,1,1,1.776038647,2.823478261,1.790108696,1,sotap,3,average,jefatura_femenina,no,espanol_uno_mas_adultos,adultos_ninguno_analfabeta,0,0,0,9.472088355,26.18890898,3.012873318,35.1230333304669,INCLUSION,,
2023-12,Elegible,Vulnerabilidad Elevada,1,1,2.578385269,1,1.776038647,2.823478261,1.790108696,1,sotap,2,low,jefatura_masculina,no,espanol_uno_mas_adultos,adultos_ninguno_analfabeta,-500,0,0,8.975915299,26.18890898,2.998104289,34.6108929293517,INCLUSION,,
2023-08,Elegible,Vulnerabilidad Elevada,2.070141643,1,1,1,1.776038647,2.823478261,1.790108696,1.043888889,foten,4,average,jefatura_femenina,si,espanol_uno_mas_adultos,adultos_ninguno_analfabeta,0,0,0,6.702282231,26.85846924,2.949114914,32.9121052168634,INCLUSION,,
2024-04,Lista de Reserva,Vulnerabilidad Moderada,1,1,1,1,1.776038647,2.823478261,1.790108696,1.043888889,sotap,1,low,,,espanol_uno_mas_adultos,adultos_ninguno_analfabeta,0,0,0,0,26.85846924,2.749615568,25.9941368413876,EXCLUSION,,
2023-08,Elegible,Vulnerabilidad Baja,1,1,2.578385269,1,1.776038647,1,1.790108696,1,sotap,4,average,jefatura_femenina,no,espanol_uno_mas_adultos,adultos_ninguno_analfabeta,0,0,0,8.975915299,12.01413641,2.602488661,20.8922787154269,INCLUSION,,
2024-04,No Elegible,Vulnerabilidad Moderada,1,1,2.578385269,1,1.776038647,1,2.580217391,1.043888889,sotap,3,average,jefatura_femenina,no,espanol_uno_mas_adultos,adultos_ninguno_analfabeta,-500,0,0,8.975915299,17.15905947,2.746082638,25.8716330064331,EXCLUSION,,
2023-11,No Elegible,Vulnerabilidad Elevada,2.700708215,1,3.251728045,1,1.776038647,2.823478261,1.790108696,1,futij,2,low,jefatura_masculina,no,espanol_uno_mas_adultos,adultos_ninguno_analfabeta,0,0,0,24.2379543,26.18890898,3.45239235,50.3640796074429,EXCLUSION,,
2024-05,Lista de Reserva,Vulnerabilidad Baja,1,1,1,1,1,1,1,1,fupal,1,low,,,espanol_uno_mas_adultos,adultos_ninguno_analfabeta,,0,0,0,0,2,0,EXCLUSION,,
2023-07,Lista de Reserva,Vulnerabilidad Moderada,1,1,1,1,1.776038647,2.117608696,2.580217391,1.043888889,sotap,1,low,,,espanol_uno_mas_adultos,adultos_ninguno_analfabeta,0,0,0,0,28.09152966,2.784030087,27.1875161440115,EXCLUSION,,
2023-12,Elegible,Vulnerabilidad Baja,1,1,1,1,1,1,1,1,sotap,4,average,jefatura_femenina,si,espanol_uno_mas_adultos,adultos_ninguno_analfabeta,0,-500,0,0,0,2,0,INCLUSION,,
2024-04,No Elegible,Vulnerabilidad Baja,2.070141643,1.525552408,1,1,1,1,1.790108696,1.043888889,sotap,1,low,,,espanol_uno_mas_adultos,adultos_uno_mas_analfabeta,,0,0,11.1900528,6.061858428,2.502267294,17.4169416510853,EXCLUSION,,
2024-04,No Elegible,Vulnerabilidad Elevada,1,1,3.251728045,1,1.776038647,2.823478261,2.580217391,1.043888889,sotap,1,low,,,espanol_uno_mas_adultos,adultos_uno_mas_analfabeta,,0,0,11.51832969,32.85812825,3.259918337,43.6897218825406,EXCLUSION,,
2023-11,No Elegible,Vulnerabilidad Elevada,2.070141643,1,1,1,1.776038647,2.823478261,2.580217391,1.043888889,foten,1,low,,,espanol_uno_mas_adultos,adultos_uno_mas_analfabeta,,0,0,6.702282231,32.85812825,3.116564434,38.7186892002626,EXCLUSION,,
2023-11,Elegible,Vulnerabilidad Elevada,1,1,1,1,1.776038647,2.823478261,2.580217391,1.043888889,fupal,1,low,,,espanol_uno_mas_adultos,adultos_ninguno_analfabeta,,0,0,0,32.85812825,2.917065088,31.8007208247868,INCLUSION,,
2024-04,No Elegible,Vulnerabilidad Elevada,2.070141643,1,1,1,1.776038647,2.117608696,2.580217391,1.043888889,sotap,2,average,jefatura_femenina,no,espanol_uno_mas_adultos,adultos_ninguno_analfabeta,,0,0,6.702282231,28.09152966,2.983529432,34.1054845194874,EXCLUSION,,
2024-05,No Elegible,Vulnerabilidad Moderada,1,1,1,1,1.776038647,2.823478261,1.790108696,1,sotap,1,low,,,espanol_uno_mas_adultos,adultos_ninguno_analfabeta,,0,0,0,26.18890898,2.730928248,25.3461237001146,EXCLUSION,,
2024-01,No Elegible,Vulnerabilidad Severa,2.700708215,1,2.578385269,1,1.776038647,2.823478261,2.580217391,1,foten,5,high,jefatura_femenina,si,espanol_uno_mas_adultos,adultos_ninguno_analfabeta,,0,0,20.97871872,32.12448674,3.521039349,52.7445234993484,EXCLUSION,,
2024-05,No Elegible por Intenciones,Vulnerabilidad Elevada,1,1.525552408,2.578385269,1,1.776038647,2.823478261,1.790108696,1,sotap,2,average,jefatura_femenina,si,espanol_uno_mas_adultos,adultos_uno_mas_analfabeta,,0,0,13.7168894,26.18890898,3.139223567,39.504436317896,EXCLUSION,,
2024-01,Elegible,Vulnerabilidad Baja,1,1,1,1,1.776038647,2.823478261,1,1,fupal,1,low,,,espanol_uno_mas_adultos,adultos_uno_mas_analfabeta,0,0,0,0,17.78726377,2.496439678,17.2148518346176,INCLUSION,,
2024-02,No Elegible,Vulnerabilidad Baja,1,1,1,1,1,1,1,1.043888889,sotap,3,low,jefatura_masculina,no,espanol_uno_mas_adultos,adultos_ninguno_analfabeta,0,0,0,0,0.386821499,2.010796126,0.374373196340681,EXCLUSION,,
2024-01,Elegible por Proceso Acelerado,Vulnerabilidad Baja,1,2.051104816,1,1,1.776038647,2.117608696,1,1,sotap,1,low,,,espanol_uno_mas_adultos,adultos_ninguno_analfabeta,,0,0,6.609317356,14.06650994,2.5893262,20.4358473814543,INCLUSION,,
2023-12,Elegible,Vulnerabilidad Baja,1,1,1,1,1.776038647,2.117608696,1.790108696,1,sotap,2,average,jefatura_femenina,si,espanol_uno_mas_adultos,adultos_ninguno_analfabeta,0,0,0,0,21.88512181,2.610810239,21.1808367050324,INCLUSION,,
2024-04,Elegible,Vulnerabilidad Elevada,2.700708215,1,3.251728045,1,1.776038647,2.823478261,1.790108696,1.043888889,sotap,3,low,jefatura_masculina,no,espanol_uno_mas_adultos,adultos_ninguno_analfabeta,0,0,0,24.2379543,26.85846924,3.471079669,51.0120927487159,INCLUSION,,
2023-11,No Elegible,Vulnerabilidad Elevada,2.700708215,1.525552408,1.249197356,1,1.776038647,2.823478261,1.790108696,1,fupal,5,low,jefatura_femenina,no,espanol_uno_mas_adultos,adultos_ninguno_analfabeta,,0,0,17.00620089,26.18890898,3.237132827,42.8996011409557,EXCLUSION,,
2024-01,No Elegible,Vulnerabilidad Baja,1,2.051104816,1,1,1.776038647,1,2.580217391,1,sotap,3,low,jefatura_masculina,no,espanol_uno_mas_adultos,adultos_ninguno_analfabeta,0,0,0,6.609317356,16.59309681,2.659842834,22.8811261593908,EXCLUSION,,
2023-08,No Elegible,Vulnerabilidad Elevada,1,1,1.249197356,1.564135978,1.776038647,2.823478261,1.790108696,1.043888889,foten,4,average,jefatura_femenina,si,espanol_uno_mas_adultos,adultos_ninguno_analfabeta,0,0,0,6.124342631,26.85846924,2.931912031,32.3155669425958,EXCLUSION,,
2024-02,No Elegible,Vulnerabilidad Moderada,2.700708215,1,1,1,1.776038647,2.823478261,1,1,sotap,1,low,,,espanol_uno_mas_adultos,adultos_ninguno_analfabeta,,0,0,9.472088355,17.78726377,2.778384748,26.9917614649699,EXCLUSION,,
2024-03,No Elegible,Vulnerabilidad Elevada,1,2.051104816,2.578385269,1,1.776038647,2.823478261,2.580217391,1.043888889,pcr_cdmx,3,average,jefatura_femenina,si,espanol_ningun_adulto,adultos_ninguno_analfabeta,0,0,0,17.3510839,32.85812825,3.433535414,49.7101799557726,EXCLUSION,,
2023-12,Elegible,Vulnerabilidad Elevada,2.070141643,1,1,1,1.776038647,1,2.580217391,2.544987923,sotap,5,high,jefatura_femenina,no,espanol_uno_mas_adultos,adultos_ninguno_analfabeta,-500,0,0,6.702282231,30.38303782,3.047485057,36.3232496553904,INCLUSION,,
2023-08,Elegible,Vulnerabilidad Elevada,2.700708215,1,3.251728045,1,1.776038647,2.117608696,2.580217391,1,sotap,6,high,jefatura_masculina,no,espanol_uno_mas_adultos,adultos_ninguno_analfabeta,0,0,0,24.2379543,27.40879931,3.486439293,51.5447126467332,INCLUSION,,
2023-07,No Elegible,Vulnerabilidad Baja,1,2.051104816,1,1,1,1,1,1,pcr_cdmx,1,low,,,espanol_ningun_adulto,adultos_ninguno_analfabeta,,0,0,6.609317356,0,2.196732164,6.82201179783344,EXCLUSION,,
2023-07,No Elegible,Vulnerabilidad Moderada,1,1.525552408,1,1,1.776038647,2.117608696,1.790108696,1,sotap,1,low,,,espanol_uno_mas_adultos,adultos_ninguno_analfabeta,0,0,0,3.741369748,21.88512181,2.722175411,25.0426074728928,EXCLUSION,,
2024-06,Lista de Reserva,Vulnerabilidad Elevada,2.070141643,1,2.578385269,1,1.776038647,1,2.580217391,2.544987923,sotap,3,average,jefatura_femenina,si,espanol_uno_mas_adultos,adultos_ninguno_analfabeta,0,0,0,17.46888676,30.38303782,3.367962543,47.4363342847381,EXCLUSION,,
2024-05,No Elegible,Vulnerabilidad Baja,1,1,1,1,1,1.498900966,1.790108696,1,sotap,1,low,,,espanol_uno_mas_adultos,adultos_ninguno_analfabeta,0,0,0,0,10.02735341,2.279861825,9.70466314991279,EXCLUSION,,
2023-11,No Elegible,Vulnerabilidad Elevada,2.700708215,1,2.578385269,1,1.776038647,2.117608696,2.580217391,1,sotap,4,average,jefatura_femenina,no,espanol_uno_mas_adultos,adultos_ninguno_analfabeta,,0,0,20.97871872,27.40879931,3.389425269,48.1805916065332,EXCLUSION,,
2023-09,No Elegible,Vulnerabilidad Baja,1,1,1,1,1,2.117608696,1.790108696,1,sotap,4,average,jefatura_masculina,no,espanol_uno_mas_adultos,adultos_ninguno_analfabeta,0,0,0,0,14.16503897,2.395343965,13.7091938509064,EXCLUSION,,
2023-07,Lista de Reserva,Vulnerabilidad Moderada,1,1,1,1,1.776038647,2.823478261,2.580217391,1,pcr_cdmx,1,low,,,espanol_ningun_adulto,adultos_ninguno_analfabeta,0,0,0,0,32.12448674,2.896589272,31.0906886322201,EXCLUSION,,
2024-04,Elegible,Vulnerabilidad Baja,2.070141643,1,1,1,1.776038647,1.498900966,1.790108696,1.043888889,sotap,1,low,,,espanol_uno_mas_adultos,adultos_ninguno_analfabeta,,0,0,6.702282231,17.68003002,2.692946147,24.0290373494022,INCLUSION,,
2023-10,Lista de Reserva,Vulnerabilidad Moderada,1,1,1,1,1.776038647,2.823478261,1.790108696,1,sotap,1,low,,,espanol_uno_mas_adultos,adultos_ninguno_analfabeta,,0,0,0,26.18890898,2.730928248,25.3461237001146,EXCLUSION,,
2023-12,Elegible,Vulnerabilidad Moderada,1,2.051104816,2.578385269,1,1.776038647,1,1.790108696,1,fupal,1,low,,,espanol_uno_mas_adultos,adultos_ninguno_analfabeta,0,0,0,17.3510839,12.01413641,2.851782945,29.5369686171757,INCLUSION,,
2023-06,No Elegible,Vulnerabilidad Baja,1,1,1,1,1.776038647,2.117608696,1.790108696,1,sotap,1,low,,,espanol_uno_mas_adultos,adultos_ninguno_analfabeta,,0,0,0,21.88512181,2.610810239,21.1808367050324,EXCLUSION,,
2024-04,No Elegible por Intenciones,Vulnerabilidad Baja,2.700708215,1,2.578385269,1,1,1,1,1,fomon,2,low,jefatura_femenina,no,espanol_uno_mas_adultos,adultos_ninguno_analfabeta,0,0,0,20.97871872,0,2.624450078,21.6538348671283,EXCLUSION,,
2024-04,No Elegible,Vulnerabilidad Moderada,1,1.525552408,1,1,1.776038647,2.823478261,1.790108696,1,sotap,1,low,,,espanol_uno_mas_adultos,adultos_ninguno_analfabeta,,0,0,3.741369748,26.18890898,2.842293421,29.207894467975,EXCLUSION,,
2024-03,Elegible,Vulnerabilidad Elevada,1,1,1,1,1.776038647,2.823478261,2.580217391,1.043888889,futij,2,complete,jefatura_femenina,no,espanol_uno_mas_adultos,adultos_ninguno_analfabeta,0,0,0,0,32.85812825,2.917065088,31.8007208247868,INCLUSION,,
2023-10,Elegible,Vulnerabilidad Baja,1,1,1,1,1.776038647,2.117608696,1.790108696,1,sotap,1,low,,,espanol_uno_mas_adultos,adultos_uno_mas_analfabeta,0,0,0,0,21.88512181,2.610810239,21.1808367050324,INCLUSION,,
2024-02,No Elegible,Vulnerabilidad Baja,1,1.525552408,2.578385269,1,1,1.498900966,1,1,sotap,6,average,jefatura_femenina,no,espanol_uno_mas_adultos,adultos_ninguno_analfabeta,,0,0,13.7168894,3.815111519,2.51477447,17.8506500329885,EXCLUSION,,
2024-01,Lista de Reserva,Vulnerabilidad Moderada,2.700708215,1,3.251728045,1,1,1,1.790108696,1,fupal,1,low,,,espanol_uno_mas_adultos,adultos_ninguno_analfabeta,,0,0,24.2379543,5.614422911,2.878161744,30.4517010746294,EXCLUSION,,
2023-12,Elegible,Vulnerabilidad Elevada,1,1,2.578385269,1,1.776038647,2.823478261,2.580217391,1.043888889,sotap,1,low,,,espanol_ningun_adulto,adultos_uno_mas_analfabeta,,0,0,8.975915299,32.85812825,3.184241129,41.0654900540239,INCLUSION,,
2023-11,No Elegible,Vulnerabilidad Baja,2.070141643,1,1,1,1,2.117608696,1,1.043888889,futij,1,low,,,espanol_uno_mas_adultos,adultos_ninguno_analfabeta,,-500,0,6.702282231,7.858894815,2.418839839,14.5239560964343,EXCLUSION,,
2023-10,Elegible,Vulnerabilidad Elevada,1,1,2.578385269,1,1.776038647,2.117608696,2.580217391,1.043888889,sotap,1,low,,,espanol_uno_mas_adultos,adultos_ninguno_analfabeta,-500,0,0,8.975915299,28.09152966,3.051206127,36.4522853732487,INCLUSION,,
2023-11,No Elegible por Intenciones,Vulnerabilidad Elevada,2.070141643,2.051104816,1,1,1.776038647,2.823478261,1.790108696,1.043888889,futij,1,low,,,espanol_uno_mas_adultos,adultos_ninguno_analfabeta,-500,0,0,14.63015408,26.85846924,3.185095016,41.095103909836,EXCLUSION,,
2023-09,Elegible,Vulnerabilidad Elevada,2.070141643,1,3.251728045,1,1,1.498900966,1.790108696,1.043888889,sotap,1,low,,,espanol_ningun_adulto,adultos_uno_mas_analfabeta,0,0,0,20.51851115,10.52243148,2.904430968,31.3626264698603,INCLUSION,,
2023-11,Lista de Reserva,Vulnerabilidad Moderada,1,1.525552408,1,1,1.776038647,2.117608696,1.790108696,1,sotap,1,low,,,espanol_ningun_adulto,adultos_ninguno_analfabeta,,0,0,3.741369748,21.88512181,2.722175411,25.0426074728928,EXCLUSION,,
2023-12,Elegible,Vulnerabilidad Elevada,1,1,2.578385269,1,1.776038647,2.823478261,2.580217391,1.043888889,sotap,3,average,jefatura_femenina,si,espanol_uno_mas_adultos,adultos_ninguno_analfabeta,0,-500,0,8.975915299,32.85812825,3.184241129,41.0654900540239,INCLUSION,,
2023-08,Elegible,Vulnerabilidad Baja,2.700708215,1,1.249197356,1,1.776038647,1,1.790108696,1,fupal,1,low,,,espanol_uno_mas_adultos,adultos_ninguno_analfabeta,,0,0,11.93561888,12.01413641,2.69058685,23.9472285173671,INCLUSION,,
2024-04,No Elegible por Intenciones,Vulnerabilidad Baja,1,1.525552408,1,1,1,1.498900966,1,1,sotap,3,low,jefatura_masculina,no,espanol_uno_mas_adultos,adultos_ninguno_analfabeta,0,0,0,3.741369748,3.815111519,2.217844323,7.55410818306745,EXCLUSION,,
2024-03,No Elegible,Vulnerabilidad Elevada,1,1,2.578385269,1,1.776038647,2.823478261,1.790108696,1,sotap,5,high,jefatura_femenina,no,espanol_uno_mas_adultos,adultos_ninguno_analfabeta,0,0,0,8.975915299,26.18890898,2.998104289,34.6108929293517,EXCLUSION,,
2024-01,Elegible,Vulnerabilidad Moderada,1,1,2.578385269,1,1.776038647,2.117608696,1.790108696,1,sotap,3,average,jefatura_masculina,no,espanol_uno_mas_adultos,adultos_ninguno_analfabeta,0,0,0,8.975915299,21.88512181,2.877986279,30.4456059342695,INCLUSION,,
2023-08,Lista de Reserva,Vulnerabilidad Baja,1,1.525552408,1,1,1.776038647,1.498900966,1.790108696,1,fupal,2,low,jefatura_masculina,no,espanol_uno_mas_adultos,adultos_ninguno_analfabeta,,-500,0,3.741369748,17.10850297,2.588860746,20.4197050037828,EXCLUSION,,
2023-08,Elegible,Vulnerabilidad Elevada,1,2.051104816,1,1,1.776038647,2.823478261,1.790108696,1,sotap,2,low,jefatura_masculina,no,espanol_uno_mas_adultos,adultos_ninguno_analfabeta,,0,0,6.609317356,26.18890898,2.927660413,32.1681354979481,INCLUSION,,
2023-08,Lista de Reserva,Vulnerabilidad Baja,1,1,1,1,1,2.117608696,1.790108696,1,sotap,4,average,jefatura_masculina,no,espanol_uno_mas_adultos,adultos_ninguno_analfabeta,,0,-500,0,14.16503897,2.395343965,13.7091938509064,EXCLUSION,,
2024-02,Elegible,Vulnerabilidad Moderada,1,1,1,1,1.776038647,2.823478261,2.580217391,1,foten,1,low,,,espanol_uno_mas_adultos,adultos_ninguno_analfabeta,0,0,0,0,32.12448674,2.896589272,31.0906886322201,INCLUSION,,
2023-11,No Elegible,Vulnerabilidad Elevada,2.070141643,1,1,1,1.776038647,2.117608696,2.580217391,1.043888889,sotap,3,complete,jefatura_femenina,si,espanol_uno_mas_adultos,adultos_ninguno_analfabeta,,0,0,6.702282231,28.09152966,2.983529432,34.1054845194874,EXCLUSION,,
2024-01,No Elegible,Vulnerabilidad Moderada,1,1,1,1,1.776038647,2.823478261,1.790108696,1,fupal,1,low,,,espanol_uno_mas_adultos,adultos_ninguno_analfabeta,,0,0,0,26.18890898,2.730928248,25.3461237001146,EXCLUSION,,
2024-03,Lista de Reserva,Vulnerabilidad Baja,1,1,1,1,1.776038647,1,1.790108696,1,sotap,4,low,jefatura_femenina,no,espanol_uno_mas_adultos,adultos_ninguno_analfabeta,-500,0,0,0,12.01413641,2.33531262,11.6275094861898,EXCLUSION,,
2024-06,No Elegible,Vulnerabilidad Elevada,2.700708215,1,3.251728045,1,1.776038647,2.823478261,1.790108696,1,foten,2,average,jefatura_femenina,si,espanol_uno_mas_adultos,adultos_ninguno_analfabeta,,0,0,24.2379543,26.18890898,3.45239235,50.3640796074429,EXCLUSION,,
2024-03,Elegible,Vulnerabilidad Elevada,1,1,2.578385269,1,1.776038647,2.823478261,2.580217391,1.043888889,fupal,3,average,jefatura_femenina,si,espanol_uno_mas_adultos,adultos_ninguno_analfabeta,0,0,0,8.975915299,32.85812825,3.184241129,41.0654900540239,INCLUSION,,
2024-01,No Elegible,Vulnerabilidad Moderada,2.070141643,1,2.578385269,1,1,1.498900966,1.790108696,1.043888889,foten,3,low,jefatura_masculina,no,espanol_uno_mas_adultos,adultos_ninguno_analfabeta,0,0,0,17.46888676,10.52243148,2.813656206,28.2148621173657,EXCLUSION,,
2023-06,No Elegible,Vulnerabilidad Elevada,1,2.051104816,2.578385269,1,1.776038647,2.823478261,1.790108696,1,foten,1,low,,,espanol_uno_mas_adultos,adultos_ninguno_analfabeta,0,0,0,17.3510839,26.18890898,3.247398574,43.2555828311005,EXCLUSION,,
2024-04,Elegible,Vulnerabilidad Baja,1,1,1,1,1,1.498900966,1,1,sotap,1,low,,,espanol_uno_mas_adultos,adultos_ninguno_analfabeta,0,0,0,0,3.815111519,2.10647915,3.69233741520706,INCLUSION,,
2024-01,Elegible,Vulnerabilidad Moderada,2.070141643,1,1,1,1.776038647,2.117608696,1.790108696,1.043888889,sotap,4,low,jefatura_masculina,no,espanol_uno_mas_adultos,adultos_ninguno_analfabeta,0,0,-500,6.702282231,22.50821784,2.827700095,28.7018492571668,INCLUSION,,
2024-06,No Elegible,Vulnerabilidad Moderada,1,1.525552408,1,1,1.776038647,2.823478261,1.790108696,1,foten,1,low,,,espanol_uno_mas_adultos,adultos_ninguno_analfabeta,,0,0,3.741369748,26.18890898,2.842293421,29.207894467975,EXCLUSION,,
2024-06,No Elegible,Vulnerabilidad Baja,1,1,1,1,1,2.117608696,1.790108696,1,fupal,1,low,,,espanol_uno_mas_adultos,adultos_ninguno_analfabeta,0,0,0,0,14.16503897,2.395343965,13.7091938509064,EXCLUSION,,
2024-01,No Elegible por Duplicidad,Vulnerabilidad Baja,1,1,1,1,1,1,1,1,fupal,1,low,,,espanol_uno_mas_adultos,adultos_ninguno_analfabeta,-500,0,0,0,0,2,0,EXCLUSION,,
2023-06,No Elegible,Vulnerabilidad Elevada,1,2.051104816,1.249197356,1,1.776038647,2.823478261,2.580217391,1.043888889,sotap,2,complete,jefatura_femenina,si,espanol_uno_mas_adultos,adultos_ninguno_analfabeta,,0,0,8.909093135,32.85812825,3.182252108,40.9965174859642,EXCLUSION,,
2024-03,Elegible,Vulnerabilidad Baja,1,1,1,1,1.776038647,2.117608696,1.790108696,1,sotap,1,low,,,espanol_uno_mas_adultos,adultos_ninguno_analfabeta,-500,0,0,0,21.88512181,2.610810239,21.1808367050324,INCLUSION,,
2023-10,Lista de Reserva,Vulnerabilidad Severa,2.070141643,1,1,1,1.776038647,2.823478261,2.580217391,2.544987923,sotap,4,average,jefatura_femenina,no,espanol_uno_mas_adultos,adultos_ninguno_analfabeta,0,0,0,6.702282231,50,3.594991325,55.3089183754758,EXCLUSION,,
2023-08,Lista de Reserva,Vulnerabilidad Moderada,1,1,1,1,1.776038647,2.823478261,1.790108696,1,fupal,1,low,,,espanol_uno_mas_adultos,adultos_uno_mas_analfabeta,-500,0,0,0,26.18890898,2.730928248,25.3461237001146,EXCLUSION,,
2023-10,Lista de Reserva,Vulnerabilidad Baja,1,1,1,1,1.776038647,1.498900966,1.790108696,1,sotap,1,low,,,espanol_uno_mas_adultos,adultos_ninguno_analfabeta,,0,0,0,17.10850297,2.477495573,16.5579342359224,EXCLUSION,,
2024-01,Elegible,Vulnerabilidad Elevada,1,1,1.249197356,1,1.776038647,2.117608696,2.580217391,1.738466184,sotap,2,low,jefatura_femenina,no,espanol_ningun_adulto,adultos_ninguno_analfabeta,0,0,0,1.921713018,36.78475459,3.083858084,37.5845400671715,INCLUSION,,
2024-05,No Elegible,Vulnerabilidad Moderada,1,1,2.578385269,1,1.776038647,2.117608696,1.790108696,1,sotap,1,low,,,espanol_uno_mas_adultos,adultos_ninguno_analfabeta,,0,0,8.975915299,21.88512181,2.877986279,30.4456059342695,EXCLUSION,,
2024-06,Lista de Reserva,Vulnerabilidad Moderada,1,1,1,1,1.776038647,2.823478261,2.580217391,1,foten,2,average,jefatura_masculina,no,espanol_uno_mas_adultos,adultos_ninguno_analfabeta,,0,0,0,32.12448674,2.896589272,31.0906886322201,EXCLUSION,,
2023-09,No Elegible,Vulnerabilidad Moderada,2.070141643,1,1.249197356,1,1.776038647,1.498900966,1.790108696,1.043888889,sotap,2,average,jefatura_masculina,si,espanol_uno_mas_adultos,adultos_ninguno_analfabeta,-500,0,0,9.00737574,17.68003002,2.76155929,26.4083110726153,EXCLUSION,,
2023-10,Elegible,Vulnerabilidad Baja,1,1,1,1,1,1,1,1,futij,1,low,,,espanol_uno_mas_adultos,adultos_ninguno_analfabeta,,-500,0,0,0,2,0,INCLUSION,,
2024-04,No Elegible,Vulnerabilidad Baja,1,1.525552408,1,1,1.776038647,1.498900966,1.790108696,1,sotap,4,average,jefatura_masculina,no,espanol_ningun_adulto,adultos_ninguno_analfabeta,,0,0,3.741369748,17.10850297,2.588860746,20.4197050037828,EXCLUSION,,
2024-01,No Elegible,Vulnerabilidad Baja,1,1,1,1,1.776038647,1.498900966,1.790108696,1,sotap,3,low,jefatura_femenina,no,espanol_uno_mas_adultos,adultos_ninguno_analfabeta,,0,0,0,17.10850297,2.477495573,16.5579342359224,EXCLUSION,,
2024-01,No Elegible,Vulnerabilidad Elevada,2.070141643,1,3.251728045,1,1.776038647,2.117608696,1.790108696,1.043888889,sotap,3,average,jefatura_femenina,si,espanol_uno_mas_adultos,adultos_uno_mas_analfabeta,500,0,0,20.51851115,22.50821784,3.238952342,42.9626982390091,EXCLUSION,,
2023-12,No Elegible,Vulnerabilidad Elevada,1,1,3.251728045,1,1.776038647,2.823478261,2.580217391,1,foten,3,low,jefatura_masculina,si,espanol_uno_mas_adultos,adultos_ninguno_analfabeta,-500,0,0,11.51832969,32.12448674,3.23944252,42.979689689974,EXCLUSION,,
2024-04,No Elegible,Vulnerabilidad Elevada,2.700708215,1,2.578385269,1,1.776038647,2.823478261,1.790108696,1,sotap,1,low,,,espanol_uno_mas_adultos,adultos_ninguno_analfabeta,0,0,0,20.97871872,26.18890898,3.355378326,46.9999585672429,EXCLUSION,,
2023-12,No Elegible,Vulnerabilidad Elevada,1,1,3.251728045,1,1.776038647,2.823478261,1.790108696,1.043888889,sotap,2,average,jefatura_femenina,si,espanol_uno_mas_adultos,adultos_ninguno_analfabeta,0,0,0,11.51832969,26.85846924,3.092468817,37.8831378991415,EXCLUSION,,
2024-06,No Elegible,Vulnerabilidad Baja,1,1,3.251728045,1,1,1.498900966,1,1.043888889,sotap,2,average,jefatura_masculina,no,espanol_uno_mas_adultos,adultos_ninguno_analfabeta,,0,0,11.51832969,4.243121443,2.461278087,15.9955746095967,EXCLUSION,,
2024-02,No Elegible,Vulnerabilidad Moderada,2.700708215,1,1,1,1.776038647,2.117608696,1.790108696,1,pcr_cdmx,1,low,,,espanol_uno_mas_adultos,adultos_ninguno_analfabeta,,0,0,9.472088355,21.88512181,2.892755308,30.9577463353847,EXCLUSION,,
2024-06,No Elegible por Duplicidad,Vulnerabilidad Elevada,1.599560907,1,2.578385269,1,1.776038647,2.823478261,2.580217391,1.043888889,sotap,1,low,,,espanol_uno_mas_adultos,adultos_ninguno_analfabeta,0,0,0,14.28054816,32.85812825,3.342138208,46.5408313051237,EXCLUSION,,
2023-10,No Elegible,Vulnerabilidad Baja,1,2.051104816,1,1,1.776038647,2.823478261,1,1,fupal,1,low,,,espanol_uno_mas_adultos,adultos_ninguno_analfabeta,,-500,0,6.609317356,17.78726377,2.693171842,24.0368636324511,EXCLUSION,,
2024-04,No Elegible,Vulnerabilidad Baja,1,1,1,1,1.776038647,1.498900966,1.790108696,1,fupal,2,low,jefatura_masculina,no,espanol_uno_mas_adultos,adultos_ninguno_analfabeta,,-500,0,0,17.10850297,2.477495573,16.5579342359224,EXCLUSION,,
2023-07,No Elegible,Vulnerabilidad Elevada,1,2.051104816,1,1,1.776038647,2.823478261,1.790108696,1.043888889,sotap,4,average,jefatura_femenina,si,espanol_uno_mas_adultos,adultos_ninguno_analfabeta,,0,0,6.609317356,26.85846924,2.946347732,32.816148639221,EXCLUSION,,
2024-01,No Elegible,Vulnerabilidad Baja,1,1,1,1,1.776038647,1.498900966,1.790108696,1.043888889,sotap,1,low,,,espanol_uno_mas_adultos,adultos_ninguno_analfabeta,0,0,0,0,17.68003002,2.493446802,17.1110689739264,EXCLUSION,,
2023-11,Elegible,Vulnerabilidad Elevada,1,1,3.251728045,1,1.776038647,2.823478261,1.790108696,1,foten,1,low,,,espanol_ningun_adulto,adultos_uno_mas_analfabeta,,0,0,11.51832969,26.18890898,3.073781497,37.2351247578685,INCLUSION,,
2024-05,Elegible,Vulnerabilidad Baja,2.070141643,1,1,1,1.776038647,1.498900966,1.790108696,1,sotap,4,average,jefatura_femenina,si,espanol_uno_mas_adultos,adultos_ninguno_analfabeta,0,0,0,6.702282231,17.10850297,2.676994919,23.4759026113982,INCLUSION,,
2024-05,No Elegible,Vulnerabilidad Severa,1,2.051104816,2.578385269,1,1.776038647,2.823478261,2.580217391,1.738466184,sotap,2,complete,jefatura_femenina,si,espanol_ningun_adulto,adultos_uno_mas_analfabeta,0,0,0,17.3510839,42.19960637,3.69425457,58.7510399683929,EXCLUSION,,
2023-08,No Elegible,Vulnerabilidad Elevada,1,1,1,1,1.776038647,2.823478261,2.580217391,1.043888889,foten,3,low,jefatura_femenina,no,espanol_uno_mas_adultos,adultos_ninguno_analfabeta,-500,0,0,0,32.85812825,2.917065088,31.8007208247868,EXCLUSION,,
2023-07,Lista de Reserva,Vulnerabilidad Severa,2.700708215,1,2.578385269,1,1.776038647,2.823478261,2.580217391,1,sotap,2,average,jefatura_masculina,no,espanol_uno_mas_adultos,adultos_ninguno_analfabeta,,0,0,20.97871872,32.12448674,3.521039349,52.7445234993484,EXCLUSION,,
2023-09,No Elegible,Vulnerabilidad Moderada,1,1,1,1,1.776038647,2.823478261,2.580217391,1,sotap,2,low,jefatura_masculina,no,espanol_uno_mas_adultos,adultos_ninguno_analfabeta,,-500,0,0,32.12448674,2.896589272,31.0906886322201,EXCLUSION,,
2023-08,No Elegible por Intenciones,Vulnerabilidad Baja,1,1,1,1,1.776038647,1.498900966,1.790108696,1,sotap,1,low,,,espanol_uno_mas_adultos,adultos_ninguno_analfabeta,0,0,0,0,17.10850297,2.477495573,16.5579342359224,EXCLUSION,,
2024-04,No Elegible,Vulnerabilidad Elevada,1,1,2.578385269,1,1.776038647,2.823478261,2.580217391,1.043888889,fupal,2,average,jefatura_femenina,si,espanol_uno_mas_adultos,adultos_ninguno_analfabeta,,0,0,8.975915299,32.85812825,3.184241129,41.0654900540239,EXCLUSION,,
2024-01,Elegible,Vulnerabilidad Severa,2.070141643,2.051104816,1,1,1.776038647,2.823478261,1.790108696,2.544987923,sotap,2,average,jefatura_femenina,si,espanol_uno_mas_adultos,adultos_ninguno_analfabeta,,0,0,14.63015408,42.50305317,3.621732844,56.2362294843847,INCLUSION,,
2023-09,No Elegible por Intenciones,Vulnerabilidad Severa,2.700708215,1,3.251728045,1,1.776038647,2.117608696,2.580217391,2.544987923,sotap,2,average,jefatura_masculina,no,espanol_uno_mas_adultos,adultos_ninguno_analfabeta,0,0,0,24.2379543,44.04383881,3.950720577,67.6444199405837,EXCLUSION,,
2023-07,No Elegible,Vulnerabilidad Baja,1,1,1,1,1,1,1.790108696,1.043888889,foten,4,average,jefatura_masculina,no,espanol_ningun_adulto,adultos_uno_mas_analfabeta,,0,0,0,6.061858428,2.169185496,5.86678176192853,EXCLUSION,,
2024-06,Lista de Reserva,Vulnerabilidad Moderada,2.700708215,1,2.578385269,1,1,1,1.790108696,1,sotap,5,high,jefatura_masculina,no,espanol_uno_mas_adultos,adultos_ninguno_analfabeta,0,0,0,20.97871872,5.614422911,2.78114772,27.0875800344294,EXCLUSION,,
2024-06,No Elegible,Vulnerabilidad Moderada,1,1,1,1,1.776038647,2.117608696,2.580217391,1,fupal,2,average,jefatura_femenina,no,espanol_uno_mas_adultos,adultos_ninguno_analfabeta,,0,0,0,27.40879931,2.764975192,26.5267567394049,EXCLUSION,,
2023-10,Lista de Reserva,Vulnerabilidad Baja,1,1,1,1,1,1.498900966,1,1,sotap,2,low,jefatura_masculina,no,espanol_uno_mas_adultos,adultos_ninguno_analfabeta,0,0,0,0,3.815111519,2.10647915,3.69233741520706,EXCLUSION,,
2024-02,Lista de Reserva,Vulnerabilidad Baja,1,1,1,1,1,2.823478261,1,1,sotap,1,low,,,espanol_uno_mas_adultos,adultos_ninguno_analfabeta,0,0,0,0,10.61532135,2.296271916,10.2737096936357,EXCLUSION,,
2023-08,Lista de Reserva,Vulnerabilidad Moderada,2.070141643,1,1,1,1.776038647,1.498900966,2.580217391,1.043888889,sotap,3,average,jefatura_femenina,si,espanol_uno_mas_adultos,adultos_ninguno_analfabeta,,0,0,6.702282231,22.80125306,2.835878661,28.9854543107519,EXCLUSION,,
2024-02,Elegible,Vulnerabilidad Baja,1,1,1,1,1,1,1.790108696,1,fusal,1,low,,,espanol_ningun_adulto,adultos_ninguno_analfabeta,,0,0,0,5.614422911,2.156697643,5.43374516730111,INCLUSION,,
2023-08,Elegible,Vulnerabilidad Baja,2.700708215,1,1,1,1,1,1,1,foten,1,low,,,espanol_uno_mas_adultos,adultos_ninguno_analfabeta,,0,0,9.472088355,0,2.28194507,9.77690963035226,INCLUSION,,
2023-12,Elegible,Vulnerabilidad Baja,1,1,1,1,1,1.498900966,1,1,pcr_cdmx,3,average,jefatura_femenina,no,espanol_uno_mas_adultos,adultos_ninguno_analfabeta,0,0,0,0,3.815111519,2.10647915,3.69233741520706,INCLUSION,,
2024-07,No Elegible,Vulnerabilidad Baja,1,1,1,1,1,1,1,1,sotap,1,low,,,espanol_uno_mas_adultos,adultos_ninguno_analfabeta,0,0,0,0,0,2,0,EXCLUSION,,
2023-08,No Elegible,Vulnerabilidad Elevada,2.070141643,1,1,1,1.776038647,1,2.580217391,2.544987923,sotap,1,low,,,espanol_ningun_adulto,adultos_ninguno_analfabeta,0,0,-500,6.702282231,30.38303782,3.047485057,36.3232496553904,EXCLUSION,,
2024-01,Lista de Reserva,Vulnerabilidad Elevada,1,1,2.578385269,1,1.776038647,2.117608696,2.580217391,1,sotap,3,average,jefatura_femenina,si,espanol_uno_mas_adultos,adultos_ninguno_analfabeta,,0,0,8.975915299,27.40879931,3.032151233,35.791525968642,EXCLUSION,,
2024-01,Elegible,Vulnerabilidad Baja,2.700708215,1,1.249197356,1.564135978,1,1,1.790108696,1.043888889,fomon,1,low,,,espanol_uno_mas_adultos,adultos_ninguno_analfabeta,0,0,0,17.32315919,6.061858428,2.684824618,23.7474175378219,INCLUSION,,
2024-02,No Elegible,Vulnerabilidad Elevada,2.070141643,1,2.578385269,1,1,1.498900966,2.580217391,2.544987923,sotap,1,low,,,espanol_uno_mas_adultos,adultos_ninguno_analfabeta,0,0,0,17.46888676,27.63345952,3.291222254,44.7752401640104,EXCLUSION,,
2023-08,Elegible,Vulnerabilidad Moderada,1,1,3.251728045,1,1.776038647,1.498900966,1.790108696,1,foten,1,low,,,espanol_uno_mas_adultos,adultos_ninguno_analfabeta,0,0,0,11.51832969,17.10850297,2.820348822,28.4469352936763,INCLUSION,,
2024-05,Lista de Reserva,Vulnerabilidad Elevada,2.070141643,1,2.578385269,1,1.776038647,2.823478261,2.580217391,1.043888889,fupal,1,low,,,espanol_ningun_adulto,adultos_uno_mas_analfabeta,,0,0,17.46888676,32.85812825,3.43704192,49.8317738296103,EXCLUSION,,
2023-12,No Elegible,Vulnerabilidad Baja,2.070141643,1,1,1,1.776038647,1,2.580217391,1.043888889,fupal,1,low,,,espanol_uno_mas_adultos,adultos_ninguno_analfabeta,-500,0,0,6.702282231,17.15905947,2.678405943,23.5248321526717,EXCLUSION,,
2023-07,No Elegible,Vulnerabilidad Baja,1,1,1,1,1,1.498900966,1.790108696,1,pcr_cdmx,1,low,,,espanol_uno_mas_adultos,adultos_ninguno_analfabeta,,0,0,0,10.02735341,2.279861825,9.70466314991279,EXCLUSION,,
2023-07,No Elegible,Vulnerabilidad Baja,1,1.525552408,1,1,1,2.117608696,1.790108696,1,sotap,1,low,,,espanol_uno_mas_adultos,adultos_ninguno_analfabeta,0,0,0,3.741369748,14.16503897,2.506709138,17.5709646187668,EXCLUSION,,
2024-04,No Elegible,Vulnerabilidad Severa,2.700708215,2.051104816,2.578385269,1,1.776038647,2.117608696,2.580217391,1,sotap,2,average,jefatura_femenina,si,espanol_uno_mas_adultos,adultos_uno_mas_analfabeta,0,0,0,31.71522481,27.40879931,3.709006849,59.2626091990155,EXCLUSION,,
2023-08,No Elegible por Duplicidad,Vulnerabilidad Elevada,1,1,3.251728045,1,1.776038647,1.498900966,2.580217391,1.043888889,sotap,1,low,,,espanol_uno_mas_adultos,adultos_ninguno_analfabeta,0,0,-500,11.51832969,22.80125306,2.979232564,33.95648699303,EXCLUSION,,
2024-06,Lista de Reserva,Vulnerabilidad Baja,1,1,1,1,1,1,1,1,sotap,1,low,,,espanol_uno_mas_adultos,adultos_ninguno_analfabeta,,0,0,0,0,2,0,EXCLUSION,,
2024-04,No Elegible,Vulnerabilidad Baja,2.700708215,1,1,1,1,1,1.790108696,1,fupal,1,low,,,espanol_uno_mas_adultos,adultos_ninguno_analfabeta,0,0,0,9.472088355,5.614422911,2.438642712,15.2106547976534,EXCLUSION,,
2024-03,No Elegible,Vulnerabilidad Severa,2.700708215,1.525552408,3.251728045,1,1.776038647,2.823478261,1.790108696,1,sotap,4,average,jefatura_femenina,si,espanol_ningun_adulto,adultos_ninguno_analfabeta,-500,0,0,30.67858802,26.18890898,3.644103496,57.0119793611862,EXCLUSION,,
2023-07,No Elegible,Vulnerabilidad Elevada,2.070141643,1,1,1,1.776038647,1.498900966,2.580217391,2.544987923,pcr_cdmx,2,average,jefatura_masculina,no,espanol_uno_mas_adultos,adultos_ninguno_analfabeta,-500,0,0,6.702282231,37.43330939,3.244257006,43.1466364359962,EXCLUSION,,
2024-05,No Elegible,Vulnerabilidad Baja,1,1,2.578385269,1,1,1.498900966,1,1,fupal,1,low,,,espanol_uno_mas_adultos,adultos_uno_mas_analfabeta,0,0,0,8.975915299,3.815111519,2.373655191,12.9571066444442,EXCLUSION,,
2024-01,Lista de Reserva,Vulnerabilidad Baja,1,1,1,1,1,1.498900966,1,1,sotap,1,low,,,espanol_uno_mas_adultos,adultos_ninguno_analfabeta,,0,0,0,3.815111519,2.10647915,3.69233741520706,EXCLUSION,,
2024-02,No Elegible,Vulnerabilidad Baja,1,1,1,1,1,1,1.790108696,1,fomon,1,low,,,espanol_uno_mas_adultos,adultos_ninguno_analfabeta,0,0,0,0,5.614422911,2.156697643,5.43374516730111,EXCLUSION,,
2023-06,No Elegible,Vulnerabilidad Baja,1,2.051104816,1,1,1.776038647,1.498900966,1.790108696,1,sotap,3,low,jefatura_masculina,si,espanol_uno_mas_adultos,adultos_ninguno_analfabeta,,0,0,6.609317356,17.10850297,2.674227738,23.3799460337559,EXCLUSION,,
2024-03,Elegible,Vulnerabilidad Severa,1,2.051104816,2.578385269,1,1.776038647,2.823478261,2.580217391,1.738466184,sotap,3,average,jefatura_femenina,si,espanol_uno_mas_adultos,adultos_ninguno_analfabeta,0,0,0,17.3510839,42.19960637,3.69425457,58.7510399683929,INCLUSION,,
2024-04,No Elegible,Vulnerabilidad Baja,1,1,1,1,1,1,1.790108696,1,sotap,1,low,,,espanol_ningun_adulto,adultos_ninguno_analfabeta,,0,0,0,5.614422911,2.156697643,5.43374516730111,EXCLUSION,,
2024-04,No Elegible,Vulnerabilidad Baja,1,1,1,1,1,2.117608696,1.790108696,1,sotap,1,low,,,espanol_uno_mas_adultos,adultos_ninguno_analfabeta,,0,0,0,14.16503897,2.395343965,13.7091938509064,EXCLUSION,,
2024-06,No Elegible,Vulnerabilidad Elevada,1,2.051104816,2.578385269,1,1.776038647,1,2.580217391,1.738466184,sotap,3,average,jefatura_femenina,si,espanol_uno_mas_adultos,adultos_ninguno_analfabeta,,0,0,17.3510839,24.36547812,3.196506911,41.4908317996062,EXCLUSION,,
2023-11,Lista de Reserva,Vulnerabilidad Baja,2.700708215,1,1.249197356,1,1,1,1,1,pcr_cdmx,5,average,jefatura_masculina,no,espanol_uno_mas_adultos,adultos_ninguno_analfabeta,0,0,0,11.93561888,0,2.35527423,12.3197190311773,EXCLUSION,,
2024-05,Lista de Reserva,Vulnerabilidad Elevada,2.070141643,1,2.578385269,1,1.776038647,2.117608696,2.580217391,1.043888889,foten,4,average,jefatura_femenina,no,espanol_uno_mas_adultos,adultos_ninguno_analfabeta,,0,0,17.46888676,28.09152966,3.304006918,45.2185691488351,EXCLUSION,,
2024-07,No Elegible,Vulnerabilidad Baja,1,1,1,1,1.776038647,1,1.790108696,1,fusal,1,low,,,espanol_ningun_adulto,adultos_ninguno_analfabeta,,0,0,0,12.01413641,2.33531262,11.6275094861898,EXCLUSION,,
2023-09,Elegible,Vulnerabilidad Moderada,1,1,2.578385269,1,1.776038647,2.117608696,1.790108696,1,,2,average,jefatura_masculina,si,espanol_ningun_adulto,adultos_uno_mas_analfabeta,,0,0,8.975915299,21.88512181,2.877986279,30.4456059342695,INCLUSION,,
2023-06,No Elegible,Vulnerabilidad Baja,1,1,1,1,1,1,1.790108696,1,fupal,1,low,,,espanol_uno_mas_adultos,adultos_ninguno_analfabeta,,0,0,0,5.614422911,2.156697643,5.43374516730111,EXCLUSION,,
2024-01,Lista de Reserva,Vulnerabilidad Elevada,2.070141643,1,2.578385269,1,1.776038647,2.117608696,2.580217391,1.043888889,sotap,1,low,,,espanol_ningun_adulto,adultos_uno_mas_analfabeta,0,0,0,17.46888676,28.09152966,3.304006918,45.2185691488351,EXCLUSION,,
2024-02,No Elegible,Vulnerabilidad Baja,1,1.525552408,1,1,1.776038647,1,1,1,sotap,1,low,,,espanol_uno_mas_adultos,adultos_ninguno_analfabeta,,0,0,3.741369748,5.532745347,2.265783208,9.21646683684858,EXCLUSION,,
2024-07,Lista de Reserva,Vulnerabilidad Elevada,2.700708215,1,3.251728045,1,1.776038647,2.117608696,2.580217391,1,sotap,2,average,jefatura_femenina,si,espanol_uno_mas_adultos,adultos_ninguno_analfabeta,,0,0,24.2379543,27.40879931,3.486439293,51.5447126467332,EXCLUSION,,
2023-08,Elegible,Vulnerabilidad Elevada,2.070141643,1,2.578385269,1,1.776038647,1,2.580217391,2.544987923,sotap,2,low,jefatura_femenina,no,espanol_uno_mas_adultos,adultos_uno_mas_analfabeta,-500,0,0,17.46888676,30.38303782,3.367962543,47.4363342847381,INCLUSION,,
2023-08,Elegible,Vulnerabilidad Moderada,1,1,1,1,1.776038647,2.823478261,1.790108696,1,sotap,1,low,,,espanol_uno_mas_adultos,adultos_ninguno_analfabeta,0,0,0,0,26.18890898,2.730928248,25.3461237001146,INCLUSION,,
2023-09,Lista de Reserva,Vulnerabilidad Baja,1,1,1,1.564135978,1,2.117608696,1,1,sotap,1,low,,,espanol_uno_mas_adultos,adultos_ninguno_analfabeta,,0,0,3.975239986,7.392265486,2.32464347,11.2575421743845,EXCLUSION,,
2023-07,Lista de Reserva,Vulnerabilidad Elevada,2.700708215,2.051104816,2.578385269,1,1,1,1,1,fupal,2,average,jefatura_masculina,si,espanol_uno_mas_adultos,adultos_uno_mas_analfabeta,,0,0,31.71522481,0,2.944031657,32.7358524596106,EXCLUSION,,
2024-05,No Elegible,Vulnerabilidad Baja,1,1,2.578385269,1,1,1.498900966,1,1,sotap,7,high,jefatura_masculina,no,espanol_uno_mas_adultos,adultos_ninguno_analfabeta,,0,0,8.975915299,3.815111519,2.373655191,12.9571066444442,EXCLUSION,,
2024-01,Elegible,Vulnerabilidad Baja,1,1.525552408,1,1,1.776038647,1.498900966,1,1,sotap,2,low,jefatura_masculina,no,espanol_uno_mas_adultos,adultos_ninguno_analfabeta,,0,-500,3.741369748,9.93697889,2.388704659,13.4789677402013,INCLUSION,,
2024-03,Elegible,Vulnerabilidad Baja,2.700708215,1,1,1,1.776038647,1,1.790108696,1,sotap,1,low,,,espanol_uno_mas_adultos,adultos_ninguno_analfabeta,0,0,0,9.472088355,12.01413641,2.61725769,21.404419116542,INCLUSION,,
2023-12,No Elegible,Vulnerabilidad Baja,1,1,1,1,1.776038647,1.498900966,1.790108696,1,fomon,1,low,,,espanol_uno_mas_adultos,adultos_ninguno_analfabeta,,0,0,0,17.10850297,2.477495573,16.5579342359224,EXCLUSION,,
2024-01,Elegible,Vulnerabilidad Baja,1,1,1,1,1.776038647,1.498900966,1.790108696,1,pcr_cdmx,3,low,jefatura_masculina,no,espanol_ningun_adulto,adultos_uno_mas_analfabeta,,0,0,0,17.10850297,2.477495573,16.5579342359224,INCLUSION,,
2023-11,Lista de Reserva,Vulnerabilidad Severa,2.700708215,2.051104816,3.251728045,1,1.776038647,2.823478261,1.790108696,1,futij,2,complete,jefatura_femenina,si,espanol_uno_mas_adultos,adultos_ninguno_analfabeta,0,0,0,35.61565687,26.18890898,3.791059708,62.1079280238481,EXCLUSION,,
2023-07,No Elegible,Vulnerabilidad Elevada,1,1.525552408,2.578385269,1,1.776038647,1.498900966,1.790108696,1.043888889,sotap,3,low,jefatura_femenina,no,espanol_uno_mas_adultos,adultos_uno_mas_analfabeta,,0,-500,13.7168894,17.68003002,2.901742121,31.2693815917078,EXCLUSION,,
2024-03,Elegible,Vulnerabilidad Elevada,1,1,3.251728045,1,1.776038647,2.823478261,1.790108696,1,fupal,4,average,jefatura_masculina,no,espanol_uno_mas_adultos,adultos_ninguno_analfabeta,-500,0,0,11.51832969,26.18890898,3.073781497,37.2351247578685,INCLUSION,,
2024-01,No Elegible,Vulnerabilidad Baja,2.070141643,1,1,1,1.776038647,1.498900966,1.790108696,1.043888889,pcr_cdmx,1,low,,,espanol_uno_mas_adultos,adultos_ninguno_analfabeta,0,0,0,6.702282231,17.68003002,2.692946147,24.0290373494022,EXCLUSION,,
2023-08,No Elegible,Vulnerabilidad Moderada,1,1.525552408,1,1,1.776038647,2.117608696,2.580217391,1.043888889,sotap,1,low,,,espanol_uno_mas_adultos,adultos_ninguno_analfabeta,0,0,0,3.741369748,28.09152966,2.895395259,31.0492869118719,EXCLUSION,,
2024-03,Elegible,Vulnerabilidad Elevada,2.700708215,2.051104816,2.578385269,1,1,1,1,1,sotap,2,complete,jefatura_femenina,si,espanol_uno_mas_adultos,adultos_ninguno_analfabeta,,0,0,31.71522481,0,2.944031657,32.7358524596106,INCLUSION,,
2023-08,Elegible,Vulnerabilidad Baja,1,1.525552408,1,1,1,2.117608696,1,1,futij,1,low,,,espanol_uno_mas_adultos,adultos_ninguno_analfabeta,,0,0,3.741369748,7.392265486,2.317682116,11.0161457582554,INCLUSION,,
2024-02,Elegible,Vulnerabilidad Elevada,1,1.525552408,1,1.564135978,1.776038647,2.823478261,2.580217391,1,fupal,3,low,jefatura_masculina,no,espanol_uno_mas_adultos,adultos_ninguno_analfabeta,,0,-500,8.159313021,32.12448674,3.139458425,39.5125765055489,INCLUSION,,
2024-06,No Elegible,Vulnerabilidad Elevada,2.700708215,1,2.578385269,1,1.776038647,1.498900966,1.790108696,2.544987923,fupal,1,low,,,espanol_uno_mas_adultos,adultos_ninguno_analfabeta,,0,0,20.97871872,31.0340229,3.490604678,51.6891518761834,EXCLUSION,,
2024-06,No Elegible,Vulnerabilidad Moderada,1,1,1,1,1.776038647,2.823478261,1.790108696,1,sotap,1,low,,,espanol_uno_mas_adultos,adultos_ninguno_analfabeta,,0,0,0,26.18890898,2.730928248,25.3461237001146,EXCLUSION,,
2023-10,No Elegible,Vulnerabilidad Baja,1,1,2.578385269,1,1,1.498900966,1,1,sotap,2,low,jefatura_femenina,no,espanol_uno_mas_adultos,adultos_ninguno_analfabeta,,0,0,8.975915299,3.815111519,2.373655191,12.9571066444442,EXCLUSION,,
2023-09,Lista de Reserva,Vulnerabilidad Baja,1,1,1,1,1.776038647,1.498900966,2.580217391,1,sotap,4,average,jefatura_masculina,no,espanol_uno_mas_adultos,adultos_ninguno_analfabeta,,0,0,0,22.17502718,2.618901451,21.4614126303204,EXCLUSION,,
2024-07,Lista de Reserva,Vulnerabilidad Baja,1,1.525552408,1,1,1.776038647,1,1,1,sotap,1,low,,,espanol_uno_mas_adultos,adultos_ninguno_analfabeta,,0,0,3.741369748,5.532745347,2.265783208,9.21646683684858,EXCLUSION,,
2024-06,No Elegible,Vulnerabilidad Baja,1,1,1,1,1.776038647,1.498900966,1.790108696,1,fupal,1,low,,,espanol_uno_mas_adultos,adultos_ninguno_analfabeta,,0,0,0,17.10850297,2.477495573,16.5579342359224,EXCLUSION,,
2023-08,Lista de Reserva,Vulnerabilidad Moderada,2.700708215,1,2.578385269,1,1,2.117608696,1,1,pcr_cdmx,2,average,jefatura_femenina,si,espanol_ningun_adulto,adultos_ninguno_analfabeta,,0,0,20.97871872,7.392265486,2.830767021,28.8082098575234,EXCLUSION,,
2023-09,No Elegible,Vulnerabilidad Elevada,2.700708215,2.051104816,1.249197356,1,1.776038647,1,1.790108696,1,sotap,4,average,jefatura_masculina,no,espanol_uno_mas_adultos,adultos_ninguno_analfabeta,,0,0,20.89305637,12.01413641,2.957212882,33.1929253032328,EXCLUSION,,
2024-02,No Elegible,Vulnerabilidad Baja,1,1,2.578385269,1,1,1.498900966,1,1,fupal,1,low,,,espanol_uno_mas_adultos,adultos_ninguno_analfabeta,0,0,0,8.975915299,3.815111519,2.373655191,12.9571066444442,EXCLUSION,,
2024-02,Elegible,Vulnerabilidad Baja,1,1,2.578385269,1,1,1.498900966,1.790108696,1.043888889,pcr_cdmx,1,low,,,espanol_uno_mas_adultos,adultos_ninguno_analfabeta,0,0,0,8.975915299,10.52243148,2.560855415,19.4485783417792,INCLUSION,,
2024-01,Lista de Reserva,Vulnerabilidad Baja,2.700708215,1,1.249197356,1,1,1,1.790108696,1,fomon,2,average,jefatura_femenina,si,espanol_uno_mas_adultos,adultos_ninguno_analfabeta,0,0,0,11.93561888,5.614422911,2.511971873,17.7534641984784,EXCLUSION,,
2024-05,Lista de Reserva,Vulnerabilidad Elevada,1,1,3.251728045,1,1.776038647,2.823478261,1.790108696,1.738466184,sotap,5,high,jefatura_femenina,no,espanol_uno_mas_adultos,adultos_ninguno_analfabeta,,0,0,11.51832969,35.38399904,3.330414986,46.1343076246477,EXCLUSION,,
2024-05,Elegible,Vulnerabilidad Baja,1,1,1,1,1.776038647,1.498900966,1.790108696,1,sotap,1,low,,,espanol_uno_mas_adultos,adultos_ninguno_analfabeta,0,0,0,0,17.10850297,2.477495573,16.5579342359224,INCLUSION,,
2024-04,Lista de Reserva,Vulnerabilidad Baja,1,1,2.578385269,1,1.776038647,1,1.790108696,1.043888889,sotap,3,average,jefatura_masculina,no,espanol_uno_mas_adultos,adultos_ninguno_analfabeta,0,0,0,8.975915299,12.53066404,2.616904864,21.3921839697659,EXCLUSION,,
2024-02,No Elegible,Vulnerabilidad Baja,1,1,1,1,1,1.498900966,1,1,sotap,3,low,jefatura_masculina,no,espanol_uno_mas_adultos,adultos_ninguno_analfabeta,0,0,0,0,3.815111519,2.10647915,3.69233741520706,EXCLUSION,,
2024-05,No Elegible,Vulnerabilidad Moderada,1,1,1,1,1.776038647,2.823478261,1.790108696,1,sotap,1,low,,,espanol_uno_mas_adultos,adultos_ninguno_analfabeta,,0,0,0,26.18890898,2.730928248,25.3461237001146,EXCLUSION,,
2023-10,Lista de Reserva,Vulnerabilidad Baja,1,1,1,1,1,1,1,1,sotap,2,average,jefatura_femenina,si,espanol_uno_mas_adultos,adultos_ninguno_analfabeta,-500,0,0,0,0,2,0,EXCLUSION,,
2023-09,No Elegible,Vulnerabilidad Elevada,1,1,2.578385269,1,1.776038647,2.117608696,2.580217391,1.043888889,sotap,1,low,,,espanol_uno_mas_adultos,adultos_uno_mas_analfabeta,0,0,0,8.975915299,28.09152966,3.051206127,36.4522853732487,EXCLUSION,,
2023-12,Lista de Reserva,Vulnerabilidad Baja,2.700708215,1,1,1,1.776038647,1,1.790108696,1,fupal,1,low,,,espanol_uno_mas_adultos,adultos_ninguno_analfabeta,,0,0,9.472088355,12.01413641,2.61725769,21.404419116542,EXCLUSION,,
2024-02,Elegible,Vulnerabilidad Elevada,2.700708215,1,1.249197356,1,1.776038647,2.823478261,1.790108696,1.043888889,foten,4,low,jefatura_masculina,no,espanol_uno_mas_adultos,adultos_ninguno_analfabeta,,0,0,11.93561888,26.85846924,3.104889798,38.3138558725649,INCLUSION,,
2023-10,Elegible,Vulnerabilidad Severa,2.070141643,2.051104816,2.578385269,1,1.776038647,2.823478261,2.580217391,2.544987923,sotap,3,complete,jefatura_masculina,no,espanol_uno_mas_adultos,adultos_uno_mas_analfabeta,0,0,0,27.51489601,50,4.214497142,76.7913028784978,INCLUSION,,
2023-09,Lista de Reserva,Vulnerabilidad Severa,2.700708215,1,1.249197356,1,1.776038647,2.117608696,2.580217391,2.544987923,,3,low,jefatura_femenina,si,espanol_uno_mas_adultos,adultos_ninguno_analfabeta,0,0,0,11.93561888,44.04383881,3.584530706,54.9461830644327,EXCLUSION,,
2024-02,Elegible,Vulnerabilidad Moderada,1,1,2.578385269,1.564135978,1.776038647,1,1.790108696,1,foten,1,low,,,espanol_uno_mas_adultos,adultos_ninguno_analfabeta,0,0,0,14.01324416,12.01413641,2.7524292,26.0917138565028,INCLUSION,,
2023-08,No Elegible,Vulnerabilidad Baja,1,1,1,1,1.776038647,1.498900966,1.790108696,1,sotap,1,low,,,espanol_uno_mas_adultos,adultos_ninguno_analfabeta,,0,0,0,17.10850297,2.477495573,16.5579342359224,EXCLUSION,,
2024-05,No Elegible,Vulnerabilidad Baja,1,1,1.249197356,1,1.776038647,1,2.580217391,1,sotap,3,average,jefatura_femenina,no,espanol_uno_mas_adultos,adultos_ninguno_analfabeta,0,0,0,1.921713018,16.59309681,2.520312154,18.0426700261896,EXCLUSION,,
2023-12,Elegible,Vulnerabilidad Baja,1,1,1,1,1,1,1,1,fomon,1,low,,,espanol_uno_mas_adultos,adultos_ninguno_analfabeta,0,0,0,0,0,2,0,INCLUSION,,
2024-03,No Elegible,Vulnerabilidad Baja,2.070141643,1,1,1,1.776038647,1,1.790108696,1,fomon,2,average,jefatura_femenina,si,espanol_uno_mas_adultos,adultos_ninguno_analfabeta,,0,0,6.702282231,12.01413641,2.534811966,18.5454778616656,EXCLUSION,,
2024-01,No Elegible por Duplicidad,Vulnerabilidad Baja,1,1,1,1,1.776038647,1,1,1,pcr_cdmx,1,low,,,espanol_uno_mas_adultos,adultos_ninguno_analfabeta,0,0,0,0,5.532745347,2.154418035,5.35469606898819,EXCLUSION,,
2024-05,Elegible,Vulnerabilidad Elevada,2.070141643,1,1,1,1.776038647,2.823478261,1.790108696,1.043888889,sotap,3,average,jefatura_femenina,no,espanol_uno_mas_adultos,adultos_ninguno_analfabeta,,0,0,6.702282231,26.85846924,2.949114914,32.9121052168634,INCLUSION,,
2023-06,No Elegible,Vulnerabilidad Elevada,2.070141643,1,2.578385269,1,1.776038647,2.823478261,2.580217391,1.043888889,sotap,3,average,jefatura_masculina,no,espanol_uno_mas_adultos,adultos_ninguno_analfabeta,0,0,0,17.46888676,32.85812825,3.43704192,49.8317738296103,EXCLUSION,,
2024-01,No Elegible,Vulnerabilidad Baja,1,1,1,1,1.776038647,1.498900966,2.580217391,1,sotap,4,average,jefatura_masculina,no,espanol_uno_mas_adultos,adultos_ninguno_analfabeta,0,0,0,0,22.17502718,2.618901451,21.4614126303204,EXCLUSION,,
2023-10,Lista de Reserva,Vulnerabilidad Elevada,2.070141643,1,1,1.564135978,1.776038647,1.498900966,2.580217391,1,sotap,2,average,jefatura_femenina,si,espanol_uno_mas_adultos,adultos_ninguno_analfabeta,0,0,0,11.47057999,22.17502718,2.960333388,33.3011273549786,EXCLUSION,,
2024-05,No Elegible,Vulnerabilidad Moderada,1,1,1,1,1.776038647,2.823478261,1.790108696,1,sotap,1,low,,,espanol_uno_mas_adultos,adultos_ninguno_analfabeta,0,0,0,0,26.18890898,2.730928248,25.3461237001146,EXCLUSION,,
2024-02,No Elegible,Vulnerabilidad Severa,2.070141643,1,1,1,1.776038647,2.823478261,2.580217391,2.544987923,fupal,3,average,jefatura_masculina,no,espanol_ningun_adulto,adultos_ninguno_analfabeta,,0,0,6.702282231,50,3.594991325,55.3089183754758,EXCLUSION,,
2024-01,Elegible,Vulnerabilidad Elevada,2.070141643,1,2.578385269,1,1.776038647,1,2.580217391,2.544987923,sotap,2,average,jefatura_femenina,si,espanol_ningun_adulto,adultos_ninguno_analfabeta,,0,0,17.46888676,30.38303782,3.367962543,47.4363342847381,INCLUSION,,
2023-09,Lista de Reserva,Vulnerabilidad Elevada,1,2.051104816,1,1,1.776038647,2.823478261,1.790108696,1,sotap,1,low,,,espanol_uno_mas_adultos,adultos_ninguno_analfabeta,0,0,0,6.609317356,26.18890898,2.927660413,32.1681354979481,EXCLUSION,,
2024-02,No Elegible,Vulnerabilidad Baja,2.700708215,1,1,1,1,1.498900966,1,1,fupal,1,low,,,espanol_uno_mas_adultos,adultos_ninguno_analfabeta,,0,0,9.472088355,3.815111519,2.38842422,13.4692470455593,EXCLUSION,,
2024-01,Elegible,Vulnerabilidad Elevada,2.700708215,1,3.251728045,1.564135978,1,1.498900966,2.580217391,1,foten,1,low,,,espanol_ningun_adulto,adultos_uno_mas_analfabeta,,0,0,31.08118723,14.41616583,3.327511845,46.0336501136734,INCLUSION,,
2023-12,Lista de Reserva,Vulnerabilidad Elevada,2.700708215,1,1.249197356,1,1,2.117608696,1.790108696,1.738466184,sotap,2,average,jefatura_femenina,si,espanol_uno_mas_adultos,adultos_ninguno_analfabeta,,0,0,11.93561888,21.57742793,2.957496782,33.202763752962,EXCLUSION,,
2024-01,No Elegible,Vulnerabilidad Baja,1,1,1,1,1.776038647,2.117608696,1.790108696,1,pcr_cdmx,1,low,,,espanol_ningun_adulto,adultos_ninguno_analfabeta,,0,0,0,21.88512181,2.610810239,21.1808367050324,EXCLUSION,,
2023-12,No Elegible,Vulnerabilidad Moderada,1,1,1,1,1.776038647,2.823478261,1.790108696,1,sotap,2,average,jefatura_femenina,no,espanol_uno_mas_adultos,adultos_ninguno_analfabeta,0,0,0,0,26.18890898,2.730928248,25.3461237001146,EXCLUSION,,
2024-04,No Elegible,Vulnerabilidad Elevada,2.070141643,1,1,1.564135978,1.776038647,2.117608696,2.580217391,1.043888889,sotap,2,complete,jefatura_femenina,si,espanol_uno_mas_adultos,adultos_ninguno_analfabeta,,0,0,11.47057999,28.09152966,3.125462023,39.0272308686697,EXCLUSION,,
2023-08,Elegible,Vulnerabilidad Moderada,1,1,1,1,1.776038647,2.823478261,2.580217391,1,sotap,7,average,jefatura_masculina,no,espanol_ningun_adulto,adultos_ninguno_analfabeta,,0,0,0,32.12448674,2.896589272,31.0906886322201,INCLUSION,,
2023-11,No Elegible,Vulnerabilidad Baja,1,1,1,1,1.776038647,2.117608696,1.790108696,1,sotap,1,low,,,espanol_uno_mas_adultos,adultos_ninguno_analfabeta,,0,0,0,21.88512181,2.610810239,21.1808367050324,EXCLUSION,,
2023-07,Lista de Reserva,Vulnerabilidad Baja,1,1,1,1,1,1,1.790108696,1,sotap,3,average,jefatura_femenina,si,espanol_uno_mas_adultos,adultos_ninguno_analfabeta,0,0,0,0,5.614422911,2.156697643,5.43374516730111,EXCLUSION,,
2024-01,Elegible,Vulnerabilidad Baja,1,1,1,1,1,1,1,1,sotap,1,low,,,espanol_uno_mas_adultos,adultos_ninguno_analfabeta,0,0,0,0,0,2,0,INCLUSION,,
2024-03,No Elegible,Vulnerabilidad Elevada,1,1,2.578385269,1,1.776038647,2.823478261,2.580217391,1,sotap,1,low,,,espanol_uno_mas_adultos,adultos_ninguno_analfabeta,0,0,0,8.975915299,32.12448674,3.163765312,40.3554578614572,EXCLUSION,,
2024-05,Lista de Reserva,Vulnerabilidad Moderada,1,1,2.578385269,1,1.776038647,1.498900966,1.790108696,1,sotap,3,complete,jefatura_femenina,si,espanol_uno_mas_adultos,adultos_ninguno_analfabeta,,0,0,8.975915299,17.10850297,2.744671614,25.8227034651596,EXCLUSION,,
2024-04,No Elegible,Vulnerabilidad Elevada,1,2.051104816,1,1,1.776038647,2.823478261,2.580217391,1,foten,1,low,,,espanol_uno_mas_adultos,adultos_ninguno_analfabeta,,0,0,6.609317356,32.12448674,3.093321436,37.9127004300535,EXCLUSION,,
2024-05,No Elegible,Vulnerabilidad Elevada,1,2.051104816,1,1,1.776038647,2.823478261,2.580217391,1,sotap,2,average,jefatura_masculina,si,espanol_uno_mas_adultos,adultos_uno_mas_analfabeta,0,0,0,6.609317356,32.12448674,3.093321436,37.9127004300535,EXCLUSION,,
2023-07,No Elegible,Vulnerabilidad Elevada,1,2.051104816,1,1,1.776038647,2.823478261,2.580217391,1,sotap,6,high,jefatura_femenina,no,espanol_uno_mas_adultos,adultos_ninguno_analfabeta,0,0,0,6.609317356,32.12448674,3.093321436,37.9127004300535,EXCLUSION,,
2024-01,Lista de Reserva,Vulnerabilidad Baja,2.700708215,1,1.249197356,1,1.776038647,1.498900966,1,1,sotap,1,low,,,espanol_uno_mas_adultos,adultos_ninguno_analfabeta,0,0,0,11.93561888,9.93697889,2.632613717,21.9369160035182,EXCLUSION,,
2024-02,Elegible,Vulnerabilidad Severa,2.700708215,1,3.251728045,1,1.776038647,2.823478261,2.580217391,1,fupal,2,average,jefatura_femenina,si,espanol_ningun_adulto,adultos_uno_mas_analfabeta,,0,0,24.2379543,32.12448674,3.618053373,56.1086445395484,INCLUSION,,
2023-10,Lista de Reserva,Vulnerabilidad Elevada,2.700708215,1,2.578385269,1,1.776038647,2.823478261,1.790108696,1,sotap,1,low,,,espanol_uno_mas_adultos,adultos_ninguno_analfabeta,-500,0,0,20.97871872,26.18890898,3.355378326,46.9999585672429,EXCLUSION,,
2024-01,Elegible por Proceso Acelerado,Vulnerabilidad Moderada,2.700708215,1,2.578385269,1,1,1.498900966,1,1,sotap,1,low,,,espanol_uno_mas_adultos,adultos_ninguno_analfabeta,,0,0,20.97871872,3.815111519,2.730929228,25.3461722823354,INCLUSION,,
2023-08,No Elegible,Vulnerabilidad Elevada,1,1.525552408,2.578385269,1,1.776038647,2.117608696,1.790108696,1,futij,3,average,jefatura_femenina,si,espanol_uno_mas_adultos,adultos_ninguno_analfabeta,,0,0,13.7168894,21.88512181,3.019105558,35.3391493228138,EXCLUSION,,
2024-05,No Elegible,Vulnerabilidad Elevada,1,1.525552408,2.578385269,1,1.776038647,2.823478261,1.790108696,1,sotap,3,average,jefatura_masculina,no,espanol_uno_mas_adultos,adultos_ninguno_analfabeta,,0,0,13.7168894,26.18890898,3.139223567,39.504436317896,EXCLUSION,,
2023-09,No Elegible,Vulnerabilidad Severa,2.700708215,1,3.251728045,1,1.776038647,1,2.580217391,2.544987923,futij,2,complete,jefatura_femenina,si,espanol_ningun_adulto,adultos_ninguno_analfabeta,,0,0,24.2379543,30.38303782,3.569449813,54.4232371872429,EXCLUSION,,
2024-01,Elegible,Vulnerabilidad Moderada,1,1,2.578385269,1,1.776038647,2.823478261,1,1,sotap,1,low,,,espanol_uno_mas_adultos,adultos_uno_mas_analfabeta,,0,0,8.975915299,17.78726377,2.763615719,26.4796210638548,INCLUSION,,
2024-01,No Elegible,Vulnerabilidad Baja,1.599560907,1,1,1,1.776038647,1.498900966,1.790108696,1,pcr_cdmx,4,low,jefatura_masculina,no,espanol_uno_mas_adultos,adultos_ninguno_analfabeta,0,0,0,4.186184624,17.10850297,2.602101053,20.8788344673074,EXCLUSION,,
2024-07,No Elegible,Vulnerabilidad Severa,2.700708215,1.525552408,3.251728045,1,1.776038647,2.823478261,1.790108696,1,sotap,1,low,,,espanol_uno_mas_adultos,adultos_uno_mas_analfabeta,0,0,0,30.67858802,26.18890898,3.644103496,57.0119793611862,EXCLUSION,,
2024-03,Lista de Reserva,Vulnerabilidad Moderada,1,1,2.578385269,1,1,2.117608696,2.580217391,1.043888889,sotap,2,low,jefatura_masculina,no,espanol_uno_mas_adultos,adultos_ninguno_analfabeta,0,0,0,8.975915299,19.54126117,2.812569505,28.1771730735253,EXCLUSION,,
2024-05,No Elegible,Vulnerabilidad Baja,1,1,1,1,1,1,1.790108696,1,sotap,2,average,jefatura_femenina,si,espanol_uno_mas_adultos,adultos_ninguno_analfabeta,0,0,0,0,5.614422911,2.156697643,5.43374516730111,EXCLUSION,,
2024-01,Lista de Reserva,Vulnerabilidad Elevada,1,1,2.578385269,1,1.776038647,2.117608696,2.580217391,1.043888889,foten,5,high,jefatura_masculina,no,espanol_uno_mas_adultos,adultos_ninguno_analfabeta,,0,0,8.975915299,28.09152966,3.051206127,36.4522853732487,EXCLUSION,,
2023-08,No Elegible,Vulnerabilidad Moderada,2.070141643,1,3.251728045,1,1,1.498900966,1.790108696,1,sotap,1,low,,,espanol_ningun_adulto,adultos_ninguno_analfabeta,-500,0,0,20.51851115,10.02735341,2.890613418,30.8834805072309,EXCLUSION,,
2024-05,No Elegible,Vulnerabilidad Baja,1,1,1,1,1.776038647,1.498900966,2.580217391,1.043888889,sotap,1,low,,,espanol_uno_mas_adultos,adultos_ninguno_analfabeta,0,0,0,0,22.80125306,2.636379315,22.0674859352761,EXCLUSION,,
2024-04,Lista de Reserva,Vulnerabilidad Baja,2.070141643,1,1,1,1.776038647,1,2.580217391,1.043888889,pcr_cdmx,2,average,jefatura_masculina,no,espanol_uno_mas_adultos,adultos_ninguno_analfabeta,0,0,0,6.702282231,17.15905947,2.678405943,23.5248321526717,EXCLUSION,,
2024-02,Elegible,Vulnerabilidad Baja,1.599560907,1,1,1,1,2.823478261,1.790108696,1.043888889,sotap,5,average,jefatura_masculina,no,espanol_uno_mas_adultos,adultos_ninguno_analfabeta,0,0,0,4.186184624,18.47313819,2.640187803,22.1995543612926,INCLUSION,,
2024-01,Lista de Reserva,Vulnerabilidad Baja,1,1,1,1,1.776038647,2.117608696,1.790108696,1,sotap,5,average,jefatura_masculina,no,espanol_uno_mas_adultos,adultos_ninguno_analfabeta,,0,0,0,21.88512181,2.610810239,21.1808367050324,EXCLUSION,,
2024-03,Elegible,Vulnerabilidad Baja,2.700708215,1.525552408,1,1,1,1.498900966,1,1,sotap,1,low,,,espanol_uno_mas_adultos,adultos_ninguno_analfabeta,,-500,0,14.26831886,3.815111519,2.531188254,18.4198250444407,INCLUSION,,
2023-11,Lista de Reserva,Vulnerabilidad Baja,1,1,1,1,1.776038647,2.117608696,1.790108696,1.043888889,sotap,1,low,,,espanol_uno_mas_adultos,adultos_ninguno_analfabeta,-500,0,0,0,22.50821784,2.628200749,21.783880881691,EXCLUSION,,
2024-04,No Elegible,Vulnerabilidad Severa,2.700708215,1,3.251728045,1,1.776038647,2.117608696,2.580217391,2.544987923,fupal,2,average,jefatura_femenina,si,espanol_ningun_adulto,adultos_uno_mas_analfabeta,,0,0,24.2379543,44.04383881,3.950720577,67.6444199405837,EXCLUSION,,
2024-06,No Elegible,Vulnerabilidad Baja,1,1,1,1,1,1,1,1,sotap,1,low,,,espanol_uno_mas_adultos,adultos_ninguno_analfabeta,0,0,0,0,0,2,0,EXCLUSION,,
2023-11,Lista de Reserva,Vulnerabilidad Moderada,1,1,2.578385269,1,1.776038647,1.498900966,1.790108696,1.043888889,sotap,2,low,jefatura_femenina,no,espanol_uno_mas_adultos,adultos_ninguno_analfabeta,,0,0,8.975915299,17.68003002,2.760622842,26.3758382031635,EXCLUSION,,
2024-04,Lista de Reserva,Vulnerabilidad Elevada,1,1.525552408,2.578385269,1,1.776038647,2.823478261,1,1,sotap,1,low,,,espanol_uno_mas_adultos,adultos_uno_mas_analfabeta,0,0,0,13.7168894,17.78726377,2.904734997,31.373164452399,EXCLUSION,,
2024-05,Elegible,Vulnerabilidad Baja,1,2.051104816,1,1,1,1,1,1,sotap,4,average,jefatura_masculina,no,espanol_uno_mas_adultos,adultos_ninguno_analfabeta,,0,0,6.609317356,0,2.196732164,6.82201179783344,INCLUSION,,
2023-07,Lista de Reserva,Vulnerabilidad Baja,1,1,2.578385269,1,1,1,1,1,sotap,1,low,,,espanol_ningun_adulto,adultos_ninguno_analfabeta,,0,0,8.975915299,0,2.267176041,9.26476922923712,EXCLUSION,,
2024-01,No Elegible,Vulnerabilidad Moderada,1,1,1,1,1.776038647,2.823478261,1.790108696,1,sotap,1,low,,,espanol_uno_mas_adultos,adultos_ninguno_analfabeta,0,0,0,0,26.18890898,2.730928248,25.3461237001146,EXCLUSION,,
2024-02,Elegible,Vulnerabilidad Moderada,1,1,1,1,1.776038647,2.823478261,2.580217391,1,sotap,4,average,jefatura_femenina,si,espanol_uno_mas_adultos,adultos_ninguno_analfabeta,0,0,0,0,32.12448674,2.896589272,31.0906886322201,INCLUSION,,
2023-08,No Elegible,Vulnerabilidad Baja,1,1,1,1,1,2.117608696,2.580217391,1,sotap,1,low,,,espanol_uno_mas_adultos,adultos_ninguno_analfabeta,0,0,0,0,18.94985465,2.528887403,18.3400293775083,EXCLUSION,,
2023-09,No Elegible,Vulnerabilidad Moderada,1,1,1,1,1.776038647,2.823478261,1.790108696,1,sotap,1,low,,,espanol_ningun_adulto,adultos_ninguno_analfabeta,0,0,0,0,26.18890898,2.730928248,25.3461237001146,EXCLUSION,,
2023-12,Lista de Reserva,Vulnerabilidad Baja,1,1,1,1,1,1,2.580217391,1.043888889,fupal,1,low,,,espanol_uno_mas_adultos,adultos_ninguno_analfabeta,,0,0,0,10.07114734,2.281084107,9.74704774745146,EXCLUSION,,
2024-01,No Elegible,Vulnerabilidad Baja,1,1,1,1.564135978,1.776038647,1.498900966,1.790108696,1,fupal,1,low,,,espanol_uno_mas_adultos,adultos_ninguno_analfabeta,0,0,0,3.975239986,17.10850297,2.5958221,20.6611014199119,EXCLUSION,,
2023-08,Lista de Reserva,Vulnerabilidad Baja,2.070141643,1,1.249197356,1,1,1,1,1.043888889,sotap,1,low,,,espanol_uno_mas_adultos,adultos_ninguno_analfabeta,-500,0,0,9.00737574,0.386821499,2.278908614,9.67161529502962,EXCLUSION,,
2024-04,No Elegible por Duplicidad,Vulnerabilidad Elevada,2.700708215,1,1,1,1.776038647,2.823478261,2.580217391,1,foten,4,average,jefatura_femenina,si,espanol_uno_mas_adultos,adultos_ninguno_analfabeta,,0,0,9.472088355,32.12448674,3.178534341,40.8675982625723,EXCLUSION,,
2023-11,Lista de Reserva,Vulnerabilidad Baja,1,1,1,1,1.776038647,1,1.790108696,1,sotap,2,average,jefatura_femenina,si,espanol_uno_mas_adultos,adultos_ninguno_analfabeta,,0,0,0,12.01413641,2.33531262,11.6275094861898,EXCLUSION,,
2024-02,No Elegible,Vulnerabilidad Baja,1,1,1,1,1,1.498900966,1,1,sotap,1,low,,,espanol_uno_mas_adultos,adultos_ninguno_analfabeta,,0,0,0,3.815111519,2.10647915,3.69233741520706,EXCLUSION,,
2024-02,Elegible,Vulnerabilidad Baja,2.070141643,1,1,1,1.776038647,1,1.790108696,1.043888889,pcr_cdmx,1,low,,,espanol_uno_mas_adultos,adultos_ninguno_analfabeta,0,0,0,6.702282231,12.53066404,2.549228169,19.0453831160046,INCLUSION,,
2024-05,Lista de Reserva,Vulnerabilidad Elevada,1,1.525552408,2.578385269,1,1.776038647,2.823478261,2.580217391,1,sotap,3,average,jefatura_masculina,no,espanol_uno_mas_adultos,adultos_ninguno_analfabeta,0,0,0,13.7168894,32.12448674,3.304884591,45.2490012500015,EXCLUSION,,
2024-03,Elegible,Vulnerabilidad Moderada,1,1,3.251728045,1,1.776038647,2.823478261,1,1,sotap,1,low,,,espanol_uno_mas_adultos,adultos_ninguno_analfabeta,,0,0,11.51832969,17.78726377,2.839292927,29.1038528923715,INCLUSION,,
2024-02,No Elegible,Vulnerabilidad Baja,1,1,1,1,1,1.498900966,1.790108696,1.043888889,sotap,5,average,jefatura_masculina,no,espanol_uno_mas_adultos,adultos_ninguno_analfabeta,,0,0,0,10.52243148,2.293679375,10.1838091125421,EXCLUSION,,
2024-05,No Elegible,Vulnerabilidad Baja,1.599560907,1,1,1,1,2.823478261,1.790108696,1.043888889,sotap,3,average,jefatura_femenina,si,espanol_uno_mas_adultos,adultos_ninguno_analfabeta,0,0,0,4.186184624,18.47313819,2.640187803,22.1995543612926,EXCLUSION,,
2024-07,Lista de Reserva,Vulnerabilidad Elevada,1,1,2.578385269,1,1.776038647,2.117608696,2.580217391,1.043888889,sotap,5,high,jefatura_femenina,no,espanol_uno_mas_adultos,adultos_ninguno_analfabeta,,0,0,8.975915299,28.09152966,3.051206127,36.4522853732487,EXCLUSION,,
2023-07,Lista de Reserva,Vulnerabilidad Moderada,1,1,1,1,1.776038647,2.823478261,2.580217391,1,fupal,1,low,,,espanol_uno_mas_adultos,adultos_ninguno_analfabeta,,0,0,0,32.12448674,2.896589272,31.0906886322201,EXCLUSION,,
2024-02,No Elegible,Vulnerabilidad Moderada,1,1,1,1,1.776038647,2.823478261,1.790108696,1.043888889,futij,1,low,,,espanol_uno_mas_adultos,adultos_uno_mas_analfabeta,,0,0,0,26.85846924,2.749615568,25.9941368413876,EXCLUSION,,
2023-07,Elegible,Vulnerabilidad Baja,1,1,3.251728045,1,1.776038647,1,1.790108696,1.043888889,sotap,1,low,,,espanol_ningun_adulto,adultos_ninguno_analfabeta,,0,0,11.51832969,12.53066404,2.692582072,24.0164157982827,INCLUSION,,
2023-11,No Elegible,Vulnerabilidad Moderada,2.700708215,1,1,1,1.776038647,1,2.580217391,1,sotap,2,complete,jefatura_femenina,si,espanol_uno_mas_adultos,adultos_ninguno_analfabeta,0,0,0,9.472088355,16.59309681,2.74505574,25.8360239919096,EXCLUSION,,
2023-09,No Elegible por Intenciones,Vulnerabilidad Baja,2.070141643,1,1,1,1,1.498900966,2.580217391,1.043888889,fupal,1,low,,,espanol_uno_mas_adultos,adultos_ninguno_analfabeta,,0,0,6.702282231,14.95862607,2.6169922,21.3952108999171,EXCLUSION,,
2023-08,Elegible,Vulnerabilidad Baja,1,1,1,1,1.776038647,2.117608696,1.790108696,1,sotap,1,low,,,espanol_uno_mas_adultos,adultos_ninguno_analfabeta,,0,0,0,21.88512181,2.610810239,21.1808367050324,INCLUSION,,
2024-01,No Elegible,Vulnerabilidad Baja,1,1,1,1,1.776038647,1,1.790108696,1,sotap,1,low,,,espanol_uno_mas_adultos,adultos_ninguno_analfabeta,,0,0,0,12.01413641,2.33531262,11.6275094861898,EXCLUSION,,
2023-08,Lista de Reserva,Vulnerabilidad Moderada,1,1,1,1,1.776038647,2.823478261,1.790108696,1,sotap,1,low,,,espanol_uno_mas_adultos,adultos_ninguno_analfabeta,,0,0,0,26.18890898,2.730928248,25.3461237001146,EXCLUSION,,
2024-03,No Elegible,Vulnerabilidad Baja,1,1,1,1,1,1,1.790108696,1,sotap,3,low,jefatura_masculina,no,espanol_uno_mas_adultos,adultos_ninguno_analfabeta,0,0,0,0,5.614422911,2.156697643,5.43374516730111,EXCLUSION,,
2023-10,Elegible,Vulnerabilidad Severa,2.700708215,1.525552408,3.251728045,1,1.776038647,2.823478261,1.790108696,1,fupal,2,average,jefatura_femenina,si,espanol_ningun_adulto,adultos_uno_mas_analfabeta,,0,0,30.67858802,26.18890898,3.644103496,57.0119793611862,INCLUSION,,
2024-06,No Elegible,Vulnerabilidad Baja,1,1,1,1,1.776038647,1.498900966,1,1,sotap,1,low,,,espanol_uno_mas_adultos,adultos_ninguno_analfabeta,0,0,0,0,9.93697889,2.277339487,9.61719697234091,EXCLUSION,,
2023-07,No Elegible,Vulnerabilidad Elevada,1,1,1,1.564135978,1.776038647,2.823478261,2.580217391,1.043888889,sotap,1,low,,,espanol_uno_mas_adultos,adultos_ninguno_analfabeta,0,0,0,3.975239986,32.85812825,3.035391615,35.9038880087762,EXCLUSION,,
2024-02,No Elegible,Vulnerabilidad Elevada,2.700708215,1,1,1,1.776038647,2.823478261,1.790108696,1,sotap,5,average,jefatura_masculina,no,espanol_uno_mas_adultos,adultos_uno_mas_analfabeta,,-500,0,9.472088355,26.18890898,3.012873318,35.1230333304669,EXCLUSION,,
2024-06,Lista de Reserva,Vulnerabilidad Baja,1,1,1,1,1,1,1,1,sotap,1,low,,,espanol_uno_mas_adultos,adultos_ninguno_analfabeta,,0,0,0,0,2,0,EXCLUSION,,
2024-04,No Elegible,Vulnerabilidad Moderada,1,2.051104816,1,1,1.776038647,2.117608696,1.790108696,1,foten,1,low,,,espanol_uno_mas_adultos,adultos_ninguno_analfabeta,,0,0,6.609317356,21.88512181,2.807542403,28.0028485028658,EXCLUSION,,
2024-01,No Elegible por Duplicidad,Vulnerabilidad Elevada,2.070141643,1,1,1,1.776038647,2.823478261,1.790108696,1.043888889,fupal,5,high,jefatura_masculina,no,espanol_ningun_adulto,adultos_ninguno_analfabeta,,0,0,6.702282231,26.85846924,2.949114914,32.9121052168634,EXCLUSION,,
2023-12,No Elegible,Vulnerabilidad Baja,2.070141643,1,1,1,1,1,1,1.043888889,pcr_cdmx,1,low,,,espanol_uno_mas_adultos,adultos_ninguno_analfabeta,,0,0,6.702282231,0.386821499,2.210295472,7.29234157181649,EXCLUSION,,
2023-06,Lista de Reserva,Vulnerabilidad Baja,1,1,1,1,1,1,1,1,sotap,2,average,jefatura_femenina,si,espanol_uno_mas_adultos,adultos_ninguno_analfabeta,,0,0,0,0,2,0,EXCLUSION,,
2024-04,Lista de Reserva,Vulnerabilidad Elevada,2.070141643,2.051104816,1,1,1.776038647,2.823478261,1.790108696,1.043888889,sotap,1,low,,,espanol_uno_mas_adultos,adultos_uno_mas_analfabeta,,0,0,14.63015408,26.85846924,3.185095016,41.095103909836,EXCLUSION,,
2023-10,Lista de Reserva,Vulnerabilidad Elevada,2.070141643,2.051104816,1,1,1.776038647,2.823478261,2.580217391,1.043888889,sotap,4,average,jefatura_masculina,no,espanol_uno_mas_adultos,adultos_ninguno_analfabeta,-500,0,0,14.63015408,32.85812825,3.352544536,46.9016878932352,EXCLUSION,,
2023-10,Lista de Reserva,Vulnerabilidad Elevada,1,2.051104816,1,1,1.776038647,2.823478261,2.580217391,1,,4,average,jefatura_masculina,no,espanol_uno_mas_adultos,adultos_ninguno_analfabeta,,0,0,6.609317356,32.12448674,3.093321436,37.9127004300535,EXCLUSION,,
2024-07,No Elegible,Vulnerabilidad Severa,2.700708215,2.051104816,3.251728045,1,1.776038647,2.823478261,1.790108696,1,sotap,1,low,,,espanol_ningun_adulto,adultos_uno_mas_analfabeta,0,0,0,35.61565687,26.18890898,3.791059708,62.1079280238481,EXCLUSION,,
2024-05,No Elegible,Vulnerabilidad Baja,1,1,1,1,1,1,1,1,sotap,1,low,,,espanol_uno_mas_adultos,adultos_ninguno_analfabeta,,-500,0,0,0,2,0,EXCLUSION,,
2023-10,Lista de Reserva,Vulnerabilidad Moderada,2.700708215,1,1,1,1.776038647,2.117608696,1.790108696,1,sotap,4,average,jefatura_masculina,no,espanol_uno_mas_adultos,adultos_ninguno_analfabeta,-500,0,0,9.472088355,21.88512181,2.892755308,30.9577463353847,EXCLUSION,,
2024-01,Lista de Reserva,Vulnerabilidad Moderada,1,1,1,1,1.776038647,2.823478261,1.790108696,1,sotap,4,low,jefatura_femenina,no,espanol_ningun_adulto,adultos_uno_mas_analfabeta,0,0,0,0,26.18890898,2.730928248,25.3461237001146,EXCLUSION,,
2024-02,No Elegible,Vulnerabilidad Elevada,1,1,3.251728045,1,1.776038647,2.117608696,2.580217391,1.043888889,sotap,1,low,,,espanol_ningun_adulto,adultos_uno_mas_analfabeta,0,0,0,11.51832969,28.09152966,3.126883335,39.0765172017654,EXCLUSION,,
2024-06,No Elegible,Vulnerabilidad Elevada,1,1.525552408,2.578385269,1,1.776038647,2.823478261,1.790108696,1,sotap,1,low,,,espanol_uno_mas_adultos,adultos_ninguno_analfabeta,,0,0,13.7168894,26.18890898,3.139223567,39.504436317896,EXCLUSION,,
2023-08,No Elegible por Intenciones,Vulnerabilidad Baja,1,1,1,1,1,1.498900966,1.790108696,1,sotap,1,low,,,espanol_uno_mas_adultos,adultos_uno_mas_analfabeta,,0,0,0,10.02735341,2.279861825,9.70466314991279,EXCLUSION,,
2024-04,No Elegible por Duplicidad,Vulnerabilidad Moderada,1,1,1,1,1.776038647,2.823478261,1.790108696,1,fupal,1,low,,,espanol_uno_mas_adultos,adultos_uno_mas_analfabeta,-500,0,0,0,26.18890898,2.730928248,25.3461237001146,EXCLUSION,,
2023-07,Lista de Reserva,Vulnerabilidad Baja,1,1,1,1,1.776038647,2.117608696,1.790108696,1,sotap,5,average,jefatura_masculina,no,espanol_uno_mas_adultos,adultos_ninguno_analfabeta,,0,0,0,21.88512181,2.610810239,21.1808367050324,EXCLUSION,,
2023-07,Lista de Reserva,Vulnerabilidad Baja,1,1,1.249197356,1,1,1.498900966,1.790108696,1.043888889,sotap,1,low,,,espanol_uno_mas_adultos,adultos_ninguno_analfabeta,,0,0,1.921713018,10.52243148,2.350880859,12.1673647771744,EXCLUSION,,
2024-05,No Elegible,Vulnerabilidad Elevada,2.070141643,1,3.251728045,1,1.776038647,2.117608696,2.580217391,1.043888889,sotap,1,low,,,espanol_uno_mas_adultos,adultos_ninguno_analfabeta,0,0,0,20.51851115,28.09152966,3.39478168,48.3663335013297,EXCLUSION,,
2024-03,Elegible,Vulnerabilidad Baja,2.700708215,1.525552408,1,1,1,1.498900966,1,1,sotap,1,low,,,espanol_uno_mas_adultos,adultos_ninguno_analfabeta,,0,0,14.26831886,3.815111519,2.531188254,18.4198250444407,INCLUSION,,
2024-04,Lista de Reserva,Vulnerabilidad Baja,1,1,1,1,1,1,1,1,pcr_cdmx,4,low,jefatura_masculina,no,espanol_uno_mas_adultos,adultos_ninguno_analfabeta,0,0,0,0,0,2,0,EXCLUSION,,
2023-08,No Elegible,Vulnerabilidad Severa,2.700708215,1,3.251728045,1,1.776038647,2.117608696,2.580217391,1.043888889,sotap,4,complete,jefatura_femenina,si,espanol_ningun_adulto,adultos_uno_mas_analfabeta,,0,0,24.2379543,28.09152966,3.505494188,52.2054720513398,EXCLUSION,,
2024-05,No Elegible,Vulnerabilidad Baja,2.700708215,1,1,1,1,1.498900966,1.790108696,1,sotap,1,low,,,espanol_uno_mas_adultos,adultos_ninguno_analfabeta,,0,0,9.472088355,10.02735341,2.561806895,19.481572780265,EXCLUSION,,
2024-04,No Elegible,Vulnerabilidad Baja,1,1,1,1,1.776038647,1.498900966,1.790108696,1,pcr_cdmx,1,low,,,espanol_uno_mas_adultos,adultos_ninguno_analfabeta,0,0,0,0,17.10850297,2.477495573,16.5579342359224,EXCLUSION,,
2023-08,No Elegible,Vulnerabilidad Baja,1,1,1,1,1,1,1,1,sotap,1,low,,,espanol_uno_mas_adultos,adultos_ninguno_analfabeta,-500,0,0,0,0,2,0,EXCLUSION,,
2023-07,No Elegible,Vulnerabilidad Elevada,2.070141643,1,2.578385269,1,1.776038647,2.823478261,2.580217391,1.043888889,sotap,2,average,jefatura_femenina,si,espanol_uno_mas_adultos,adultos_uno_mas_analfabeta,0,0,-500,17.46888676,32.85812825,3.43704192,49.8317738296103,EXCLUSION,,
2024-02,Elegible,Vulnerabilidad Baja,1,1,1,1,1,2.117608696,1.790108696,1,foten,1,low,,,espanol_uno_mas_adultos,adultos_ninguno_analfabeta,,0,0,0,14.16503897,2.395343965,13.7091938509064,INCLUSION,,
2023-08,No Elegible,Vulnerabilidad Elevada,2.700708215,1,3.251728045,1,1,2.117608696,2.580217391,1.738466184,fupal,1,low,,,espanol_ningun_adulto,adultos_uno_mas_analfabeta,,0,0,24.2379543,27.07165714,3.477029709,51.218420048906,EXCLUSION,,
2023-10,Lista de Reserva,Vulnerabilidad Elevada,1,1.525552408,1,1,1.776038647,2.823478261,2.580217391,1,sotap,1,low,,,espanol_uno_mas_adultos,adultos_ninguno_analfabeta,,0,0,3.741369748,32.12448674,3.007954444,34.9524594000805,EXCLUSION,,
2024-01,Elegible,Vulnerabilidad Severa,2.700708215,1,2.578385269,1,1.776038647,2.823478261,2.580217391,1.738466184,fupal,1,low,,,espanol_uno_mas_adultos,adultos_ninguno_analfabeta,0,0,0,20.97871872,42.19960637,3.802234322,62.4954157045354,INCLUSION,,
2023-07,No Elegible,Vulnerabilidad Baja,2.070141643,1,1,1,1,1,1.790108696,1.043888889,sotap,4,average,jefatura_masculina,no,espanol_uno_mas_adultos,adultos_ninguno_analfabeta,,0,-500,6.702282231,6.061858428,2.368684842,12.7847501374043,EXCLUSION,,
2024-04,No Elegible,Vulnerabilidad Baja,1,1,1,1.564135978,1,1,1.790108696,1,pcr_cdmx,4,low,jefatura_femenina,si,espanol_uno_mas_adultos,adultos_ninguno_analfabeta,0,0,0,3.975239986,5.614422911,2.275024169,9.53691235129057,EXCLUSION,,
2023-08,Elegible,Vulnerabilidad Elevada,1,1,1,1,1.776038647,2.117608696,2.580217391,1.738466184,sotap,4,average,jefatura_femenina,no,espanol_uno_mas_adultos,adultos_uno_mas_analfabeta,,0,0,0,36.78475459,3.0266566,35.6009844025392,INCLUSION,,
2024-06,No Elegible,Vulnerabilidad Baja,1,1,2.578385269,1,1.776038647,1,1.790108696,1,sotap,2,average,jefatura_femenina,si,espanol_uno_mas_adultos,adultos_ninguno_analfabeta,0,0,-500,8.975915299,12.01413641,2.602488661,20.8922787154269,EXCLUSION,,
2024-06,No Elegible,Vulnerabilidad Baja,1,1,1,1,1.776038647,1,2.580217391,1.043888889,sotap,3,low,jefatura_masculina,no,espanol_uno_mas_adultos,adultos_ninguno_analfabeta,-500,0,0,0,17.15905947,2.478906597,16.6068637771959,EXCLUSION,,
2023-12,No Elegible,Vulnerabilidad Elevada,1.599560907,1,1,1,1.776038647,2.117608696,2.580217391,1.043888889,sotap,1,low,,,espanol_uno_mas_adultos,adultos_ninguno_analfabeta,-500,0,0,4.186184624,28.09152966,2.908635566,31.5084163753965,EXCLUSION,,
2024-06,Lista de Reserva,Vulnerabilidad Baja,1,2.051104816,1,1,1.776038647,2.117608696,1,1,fomon,1,low,,,espanol_uno_mas_adultos,adultos_ninguno_analfabeta,0,0,0,6.609317356,14.06650994,2.5893262,20.4358473814543,EXCLUSION,,
2024-01,No Elegible,Vulnerabilidad Baja,1,1,1,1,1.776038647,1,1.790108696,1,sotap,5,average,jefatura_masculina,no,espanol_uno_mas_adultos,adultos_ninguno_analfabeta,0,0,0,0,12.01413641,2.33531262,11.6275094861898,EXCLUSION,,
2023-06,No Elegible,Vulnerabilidad Elevada,2.070141643,1,1,1,1.776038647,2.823478261,1.790108696,1.043888889,sotap,1,low,,,espanol_ningun_adulto,adultos_uno_mas_analfabeta,,0,0,6.702282231,26.85846924,2.949114914,32.9121052168634,EXCLUSION,,
2023-11,Elegible,Vulnerabilidad Baja,1,1,1,1,1.776038647,1,2.580217391,1.043888889,sotap,1,low,,,espanol_uno_mas_adultos,adultos_uno_mas_analfabeta,,0,0,0,17.15905947,2.478906597,16.6068637771959,INCLUSION,,
2024-06,Lista de Reserva,Vulnerabilidad Baja,1,1,1,1,1,1.498900966,1,1,sotap,1,low,,,espanol_uno_mas_adultos,adultos_ninguno_analfabeta,0,0,0,0,3.815111519,2.10647915,3.69233741520706,EXCLUSION,,
2024-06,No Elegible por Intenciones,Vulnerabilidad Moderada,2.070141643,1,1,1,1,2.117608696,2.580217391,1.043888889,sotap,6,average,jefatura_masculina,no,espanol_uno_mas_adultos,adultos_ninguno_analfabeta,,0,0,6.702282231,19.54126117,2.74489281,25.830372219764,EXCLUSION,,
2024-05,Lista de Reserva,Vulnerabilidad Elevada,2.070141643,1,2.578385269,1,1.776038647,2.823478261,2.580217391,1.043888889,sotap,3,average,jefatura_masculina,no,espanol_uno_mas_adultos,adultos_ninguno_analfabeta,,0,0,17.46888676,32.85812825,3.43704192,49.8317738296103,EXCLUSION,,
2024-01,No Elegible por Duplicidad,Vulnerabilidad Baja,1,1,1,1,1.776038647,1,1.790108696,1,pcr_cdmx,3,low,jefatura_masculina,no,espanol_uno_mas_adultos,adultos_ninguno_analfabeta,0,0,0,0,12.01413641,2.33531262,11.6275094861898,EXCLUSION,,
2023-09,No Elegible,Vulnerabilidad Baja,1,1,1,1,1.776038647,1.498900966,1,1,futij,1,low,,,espanol_uno_mas_adultos,adultos_ninguno_analfabeta,,0,0,0,9.93697889,2.277339487,9.61719697234091,EXCLUSION,,
2024-03,Elegible,Vulnerabilidad Elevada,2.070141643,1,2.578385269,1,1.776038647,2.823478261,2.580217391,1.043888889,sotap,2,low,jefatura_masculina,no,espanol_uno_mas_adultos,adultos_ninguno_analfabeta,-500,0,0,17.46888676,32.85812825,3.43704192,49.8317738296103,INCLUSION,,
2023-07,Lista de Reserva,Vulnerabilidad Elevada,2.700708215,1,1,1,1.776038647,2.823478261,1.790108696,1,sotap,2,complete,jefatura_femenina,si,espanol_uno_mas_adultos,adultos_ninguno_analfabeta,0,0,-500,9.472088355,26.18890898,3.012873318,35.1230333304669,EXCLUSION,,
2024-05,No Elegible,Vulnerabilidad Elevada,1,1,2.578385269,1,1.776038647,2.823478261,2.580217391,1,sotap,5,high,jefatura_femenina,no,espanol_uno_mas_adultos,adultos_ninguno_analfabeta,,-500,0,8.975915299,32.12448674,3.163765312,40.3554578614572,EXCLUSION,,
2023-11,Elegible,Vulnerabilidad Moderada,1,1,2.578385269,1,1.776038647,2.117608696,1.790108696,1,fupal,1,low,,,espanol_uno_mas_adultos,adultos_ninguno_analfabeta,,0,0,8.975915299,21.88512181,2.877986279,30.4456059342695,INCLUSION,,
2024-02,No Elegible por Intenciones,Vulnerabilidad Moderada,1,1,2.578385269,1,1.776038647,1.498900966,1.790108696,1,foten,1,low,,,espanol_uno_mas_adultos,adultos_ninguno_analfabeta,,0,0,8.975915299,17.10850297,2.744671614,25.8227034651596,EXCLUSION,,
2024-02,No Elegible,Vulnerabilidad Elevada,1,2.051104816,1,1,1.776038647,2.823478261,1.790108696,1,sotap,2,low,jefatura_masculina,no,espanol_uno_mas_adultos,adultos_ninguno_analfabeta,0,0,0,6.609317356,26.18890898,2.927660413,32.1681354979481,EXCLUSION,,
2024-04,Lista de Reserva,Vulnerabilidad Baja,1,1,2.578385269,1,1,1,1.790108696,1.043888889,sotap,2,average,jefatura_femenina,si,espanol_uno_mas_adultos,adultos_ninguno_analfabeta,,0,0,8.975915299,6.061858428,2.436361537,15.1315509911657,EXCLUSION,,
2024-06,No Elegible,Vulnerabilidad Elevada,2.700708215,1,3.251728045,1,1.776038647,2.117608696,2.580217391,1,sotap,1,low,,,espanol_ningun_adulto,adultos_ninguno_analfabeta,,0,0,24.2379543,27.40879931,3.486439293,51.5447126467332,EXCLUSION,,
2024-04,Elegible,Vulnerabilidad Baja,1,1,1,1,1,1,1,1,fupal,1,low,,,espanol_ningun_adulto,adultos_ninguno_analfabeta,,0,0,0,0,2,0,INCLUSION,,
2024-05,No Elegible,Vulnerabilidad Baja,1,1,1,1,1.776038647,2.117608696,1,1,sotap,2,low,jefatura_femenina,no,espanol_uno_mas_adultos,adultos_ninguno_analfabeta,0,0,0,0,14.06650994,2.392594036,13.6138355836209,EXCLUSION,,
2023-08,No Elegible por Intenciones,Vulnerabilidad Baja,1,1,1,1,1.776038647,2.117608696,1.790108696,1,sotap,2,low,jefatura_femenina,no,espanol_uno_mas_adultos,adultos_ninguno_analfabeta,0,0,0,0,21.88512181,2.610810239,21.1808367050324,EXCLUSION,,
2023-08,Lista de Reserva,Vulnerabilidad Baja,1,2.051104816,1,1,1,1.498900966,1,1,sotap,1,low,,,espanol_uno_mas_adultos,adultos_ninguno_analfabeta,,0,0,6.609317356,3.815111519,2.303211315,10.5143492130405,EXCLUSION,,
2023-11,Elegible,Vulnerabilidad Moderada,1,1,2.578385269,1,1.776038647,1.498900966,2.580217391,1.043888889,foten,1,low,,,espanol_uno_mas_adultos,adultos_ninguno_analfabeta,,0,0,8.975915299,22.80125306,2.903555356,31.3322551645133,INCLUSION,,
2024-02,No Elegible,Vulnerabilidad Elevada,1,1.525552408,2.578385269,1,1.776038647,2.117608696,2.580217391,1.043888889,foten,2,average,jefatura_femenina,si,espanol_uno_mas_adultos,adultos_ninguno_analfabeta,,0,0,13.7168894,28.09152966,3.192325406,41.3458287617929,EXCLUSION,,
2024-01,Elegible,Vulnerabilidad Elevada,1,1.525552408,2.578385269,1,1.776038647,2.823478261,2.580217391,1,futij,3,low,jefatura_masculina,no,espanol_uno_mas_adultos,adultos_ninguno_analfabeta,0,0,0,13.7168894,32.12448674,3.304884591,45.2490012500015,INCLUSION,,
2024-02,Elegible,Vulnerabilidad Baja,2.700708215,1,1,1,1.776038647,1,1,1,sotap,4,average,jefatura_masculina,no,espanol_ningun_adulto,adultos_uno_mas_analfabeta,,0,0,9.472088355,5.532745347,2.436363105,15.1316056993404,INCLUSION,,
2023-09,No Elegible,Vulnerabilidad Baja,1,1,1,1,1,2.117608696,1.790108696,1,pcr_cdmx,3,average,jefatura_femenina,no,espanol_uno_mas_adultos,adultos_ninguno_analfabeta,0,0,0,0,14.16503897,2.395343965,13.7091938509064,EXCLUSION,,
2024-05,Elegible,Vulnerabilidad Baja,1,1,2.578385269,1,1,1,1,1.043888889,sotap,1,low,,,espanol_uno_mas_adultos,adultos_ninguno_analfabeta,,0,-500,8.975915299,0.386821499,2.277972167,9.6391424255778,INCLUSION,,
2024-03,No Elegible,Vulnerabilidad Moderada,1,1.525552408,1,1,1.776038647,2.823478261,2.580217391,1,foten,1,low,,,espanol_uno_mas_adultos,adultos_ninguno_analfabeta,,0,0,3.741369748,32.12448674,3.007954444,34.9524594000805,EXCLUSION,,
2023-10,No Elegible,Vulnerabilidad Baja,1,1,1,1,1,1,1,1,fupal,1,low,,,espanol_uno_mas_adultos,adultos_ninguno_analfabeta,0,0,0,0,0,2,0,EXCLUSION,,
2023-08,No Elegible,Vulnerabilidad Baja,1.599560907,1.525552408,1,1,1.776038647,1.498900966,1,1.043888889,sotap,1,low,,,espanol_uno_mas_adultos,adultos_ninguno_analfabeta,-500,-500,0,8.393749546,10.43108127,2.540977168,18.75926744379,EXCLUSION,,
2023-12,Lista de Reserva,Vulnerabilidad Baja,1,1,1,1,1,1,1,1,sotap,1,low,,,espanol_uno_mas_adultos,adultos_ninguno_analfabeta,0,0,0,0,0,2,0,EXCLUSION,,
2023-10,Elegible,Vulnerabilidad Baja,1,1,1,1,1,2.117608696,1.790108696,1,sotap,1,low,,,espanol_uno_mas_adultos,adultos_ninguno_analfabeta,,0,0,0,14.16503897,2.395343965,13.7091938509064,INCLUSION,,
2024-04,No Elegible,Vulnerabilidad Moderada,1,1,1,1,1.776038647,2.823478261,1.790108696,1,sotap,1,low,,,espanol_uno_mas_adultos,adultos_ninguno_analfabeta,0,0,0,0,26.18890898,2.730928248,25.3461237001146,EXCLUSION,,
2024-05,No Elegible,Vulnerabilidad Moderada,1,1,2.578385269,1,1.776038647,2.117608696,1.790108696,1,sotap,1,low,,,espanol_uno_mas_adultos,adultos_uno_mas_analfabeta,,0,0,8.975915299,21.88512181,2.877986279,30.4456059342695,EXCLUSION,,
2023-10,Lista de Reserva,Vulnerabilidad Baja,1,1,2.578385269,1,1,1,1,1,pcr_cdmx,1,low,,,espanol_uno_mas_adultos,adultos_ninguno_analfabeta,0,0,0,8.975915299,0,2.267176041,9.26476922923712,EXCLUSION,,
2023-11,No Elegible,Vulnerabilidad Moderada,2.700708215,1,2.578385269,1,1,1,1.790108696,1.043888889,sotap,1,low,,,espanol_uno_mas_adultos,adultos_ninguno_analfabeta,0,0,0,20.97871872,6.061858428,2.793635574,27.5206166290569,EXCLUSION,,
2024-01,Elegible,Vulnerabilidad Baja,1,1,1,1,1.776038647,2.117608696,1.790108696,1,pcr_cdmx,2,low,jefatura_femenina,no,espanol_uno_mas_adultos,adultos_ninguno_analfabeta,0,0,0,0,21.88512181,2.610810239,21.1808367050324,INCLUSION,,
2024-03,Elegible,Vulnerabilidad Elevada,1,1,2.578385269,1,1.776038647,2.117608696,2.580217391,1.738466184,sotap,2,complete,jefatura_femenina,si,espanol_uno_mas_adultos,adultos_ninguno_analfabeta,0,0,0,8.975915299,36.78475459,3.29383264,44.8657536317763,INCLUSION,,
2024-02,No Elegible,Vulnerabilidad Elevada,1,1,2.578385269,1,1.776038647,2.117608696,2.580217391,1.738466184,sotap,4,average,jefatura_masculina,no,espanol_ningun_adulto,adultos_ninguno_analfabeta,,0,0,8.975915299,36.78475459,3.29383264,44.8657536317763,EXCLUSION,,
2024-02,Lista de Reserva,Vulnerabilidad Baja,1,1,2.578385269,1,1,1.498900966,1,1,sotap,1,low,,,espanol_ningun_adulto,adultos_ninguno_analfabeta,,0,0,8.975915299,3.815111519,2.373655191,12.9571066444442,EXCLUSION,,
2023-12,Elegible,Vulnerabilidad Baja,1,1,1,1,1,1.498900966,1.790108696,1,sotap,4,average,jefatura_femenina,si,espanol_uno_mas_adultos,adultos_ninguno_analfabeta,0,0,-500,0,10.02735341,2.279861825,9.70466314991279,INCLUSION,,
2024-02,Elegible,Vulnerabilidad Moderada,1,1,1,1,1.776038647,2.823478261,1.790108696,1,sotap,4,average,jefatura_masculina,no,espanol_uno_mas_adultos,adultos_ninguno_analfabeta,0,0,0,0,26.18890898,2.730928248,25.3461237001146,INCLUSION,,
2024-05,No Elegible,Vulnerabilidad Moderada,1,1.525552408,1,1,1.776038647,2.117608696,1.790108696,1.043888889,foten,1,low,,,espanol_uno_mas_adultos,adultos_ninguno_analfabeta,0,0,0,3.741369748,22.50821784,2.739565922,25.6456516495513,EXCLUSION,,
2024-07,No Elegible,Vulnerabilidad Moderada,1,1,2.578385269,1,1.776038647,2.823478261,1.790108696,1,foten,2,average,jefatura_femenina,si,espanol_uno_mas_adultos,adultos_ninguno_analfabeta,,0,0,8.975915299,26.18890898,2.998104289,34.6108929293517,EXCLUSION,,
2023-12,No Elegible,Vulnerabilidad Baja,1,1,2.578385269,1,1,1,1,1,sotap,1,low,,,espanol_ningun_adulto,adultos_ninguno_analfabeta,,0,0,8.975915299,0,2.267176041,9.26476922923712,EXCLUSION,,
2024-04,No Elegible,Vulnerabilidad Baja,1,1,2.578385269,1,1.776038647,1.498900966,1,1,fupal,1,low,,,espanol_uno_mas_adultos,adultos_ninguno_analfabeta,0,0,0,8.975915299,9.93697889,2.544515527,18.881966201578,EXCLUSION,,
2024-05,No Elegible,Vulnerabilidad Baja,1,1,1,1,1,2.117608696,1,1,sotap,1,low,,,espanol_uno_mas_adultos,adultos_ninguno_analfabeta,,0,0,0,7.392265486,2.206316944,7.15437499039503,EXCLUSION,,
2024-02,Elegible,Vulnerabilidad Elevada,1.599560907,1,2.578385269,1,1.776038647,2.823478261,2.580217391,1.043888889,sotap,3,low,jefatura_masculina,no,espanol_ningun_adulto,adultos_ninguno_analfabeta,0,0,0,14.28054816,32.85812825,3.342138208,46.5408313051237,INCLUSION,,
2023-10,No Elegible,Vulnerabilidad Moderada,1,1,1,1,1.776038647,2.823478261,1.790108696,1,sotap,3,average,jefatura_masculina,no,espanol_uno_mas_adultos,adultos_ninguno_analfabeta,,0,0,0,26.18890898,2.730928248,25.3461237001146,EXCLUSION,,
2023-06,No Elegible,Vulnerabilidad Baja,1,1,1,1,1.776038647,2.117608696,1.790108696,1,sotap,2,average,jefatura_femenina,si,espanol_uno_mas_adultos,adultos_ninguno_analfabeta,0,0,0,0,21.88512181,2.610810239,21.1808367050324,EXCLUSION,,
2024-04,Lista de Reserva,Vulnerabilidad Elevada,2.700708215,1.525552408,2.578385269,1,1,2.117608696,1.790108696,1.043888889,pcr_cdmx,4,average,jefatura_masculina,no,espanol_uno_mas_adultos,adultos_ninguno_analfabeta,0,0,0,27.05638709,14.70478802,3.215765515,42.1586619196717,EXCLUSION,,
2023-07,Lista de Reserva,Vulnerabilidad Elevada,1,1,1,1,1.776038647,2.823478261,2.580217391,1.043888889,sotap,4,average,jefatura_femenina,si,espanol_uno_mas_adultos,adultos_ninguno_analfabeta,0,0,0,0,32.85812825,2.917065088,31.8007208247868,EXCLUSION,,
2023-12,Lista de Reserva,Vulnerabilidad Baja,1,1,1,1,1.776038647,1,1.790108696,1,fupal,1,low,,,espanol_uno_mas_adultos,adultos_ninguno_analfabeta,,0,0,0,12.01413641,2.33531262,11.6275094861898,EXCLUSION,,
2024-07,No Elegible,Vulnerabilidad Elevada,2.070141643,1,1,1,1.776038647,2.117608696,2.580217391,1.043888889,sotap,2,average,jefatura_femenina,si,espanol_uno_mas_adultos,adultos_ninguno_analfabeta,-500,0,0,6.702282231,28.09152966,2.983529432,34.1054845194874,EXCLUSION,,
2024-01,Elegible,Vulnerabilidad Elevada,2.070141643,1,2.578385269,1,1.776038647,2.117608696,1.790108696,1.043888889,sotap,8,average,jefatura_masculina,no,espanol_uno_mas_adultos,adultos_ninguno_analfabeta,,0,0,17.46888676,22.50821784,3.148177581,39.8149338865145,INCLUSION,,
2023-12,No Elegible,Vulnerabilidad Moderada,1,2.051104816,2.578385269,1,1.776038647,1,1.790108696,1,sotap,2,average,jefatura_masculina,no,espanol_uno_mas_adultos,adultos_uno_mas_analfabeta,0,0,0,17.3510839,12.01413641,2.851782945,29.5369686171757,EXCLUSION,,
2023-11,Elegible,Vulnerabilidad Baja,1,1,1,1,1.776038647,2.117608696,1.790108696,1,sotap,2,average,jefatura_femenina,si,espanol_uno_mas_adultos,adultos_ninguno_analfabeta,0,0,0,0,21.88512181,2.610810239,21.1808367050324,INCLUSION,,
2024-01,No Elegible,Vulnerabilidad Moderada,2.070141643,1,1,1,1.776038647,2.117608696,1.790108696,1,sotap,1,low,,,espanol_uno_mas_adultos,adultos_ninguno_analfabeta,0,0,0,6.702282231,21.88512181,2.810309585,28.0988050805082,EXCLUSION,,
2024-04,Elegible,Vulnerabilidad Moderada,1,1.525552408,1,1,1.776038647,2.823478261,1.790108696,1,pcr_cdmx,2,average,jefatura_femenina,no,espanol_ningun_adulto,adultos_ninguno_analfabeta,,0,0,3.741369748,26.18890898,2.842293421,29.207894467975,INCLUSION,,
2024-04,No Elegible,Vulnerabilidad Baja,1,1,1,1,1,2.117608696,1,1,sotap,1,low,,,espanol_uno_mas_adultos,adultos_uno_mas_analfabeta,0,0,0,0,7.392265486,2.206316944,7.15437499039503,EXCLUSION,,
2023-12,No Elegible,Vulnerabilidad Severa,2.700708215,1,3.251728045,1,1.776038647,1.498900966,1.790108696,2.544987923,sotap,4,average,jefatura_femenina,si,espanol_uno_mas_adultos,adultos_uno_mas_analfabeta,0,0,0,24.2379543,31.0340229,3.587618702,55.0532729163834,EXCLUSION,,
2023-07,No Elegible,Vulnerabilidad Moderada,1,1,1,1,1.776038647,2.823478261,2.580217391,1,foten,1,low,,,espanol_uno_mas_adultos,adultos_ninguno_analfabeta,0,0,-500,0,32.12448674,2.896589272,31.0906886322201,EXCLUSION,,
2024-03,No Elegible,Vulnerabilidad Elevada,1,1,2.578385269,1,1.776038647,2.823478261,1.790108696,1,sotap,3,complete,jefatura_femenina,si,espanol_uno_mas_adultos,adultos_ninguno_analfabeta,,0,0,8.975915299,26.18890898,2.998104289,34.6108929293517,EXCLUSION,,
2024-01,Lista de Reserva,Vulnerabilidad Elevada,2.700708215,2.051104816,3.251728045,1,1,1.498900966,1,1,sotap,3,average,jefatura_femenina,no,espanol_uno_mas_adultos,adultos_uno_mas_analfabeta,0,0,0,35.61565687,3.815111519,3.16661061,40.4541417389405,EXCLUSION,,
2023-10,Lista de Reserva,Vulnerabilidad Baja,1,1,1,1.564135978,1,1,1,1,sotap,1,low,,,espanol_uno_mas_adultos,adultos_ninguno_analfabeta,,0,0,3.975239986,0,2.118326527,4.10316718398947,EXCLUSION,,
2024-03,No Elegible,Vulnerabilidad Baja,1,1,1,1,1,1,1,1,sotap,1,low,,,espanol_uno_mas_adultos,adultos_ninguno_analfabeta,0,0,0,0,0,2,0,EXCLUSION,,
2023-10,Elegible,Vulnerabilidad Moderada,1,1,1,1,1.776038647,2.823478261,1.790108696,1,sotap,1,low,,,espanol_uno_mas_adultos,adultos_ninguno_analfabeta,0,0,0,0,26.18890898,2.730928248,25.3461237001146,INCLUSION,,
2023-12,Lista de Reserva,Vulnerabilidad Baja,1,1,1,1,1.776038647,1.498900966,1.790108696,1,pcr_cdmx,2,average,jefatura_masculina,si,espanol_uno_mas_adultos,adultos_ninguno_analfabeta,,0,0,0,17.10850297,2.477495573,16.5579342359224,EXCLUSION,,
2023-10,No Elegible,Vulnerabilidad Elevada,2.700708215,1,1.249197356,1,1.776038647,2.823478261,1.790108696,1.043888889,sotap,3,average,jefatura_femenina,si,espanol_uno_mas_adultos,adultos_ninguno_analfabeta,0,0,0,11.93561888,26.85846924,3.104889798,38.3138558725649,EXCLUSION,,
2023-06,No Elegible,Vulnerabilidad Elevada,2.700708215,2.051104816,1,1,1.776038647,2.823478261,1.790108696,1,sotap,1,low,,,espanol_ningun_adulto,adultos_ninguno_analfabeta,0,0,0,17.94487015,26.18890898,3.265073146,43.8684777164118,EXCLUSION,,
2023-12,Lista de Reserva,Vulnerabilidad Severa,2.700708215,1,2.578385269,1,1.776038647,2.823478261,2.580217391,1.043888889,sotap,2,average,jefatura_femenina,si,espanol_uno_mas_adultos,adultos_ninguno_analfabeta,0,0,0,20.97871872,32.85812825,3.541515166,53.4545556919151,EXCLUSION,,
2023-07,Lista de Reserva,Vulnerabilidad Moderada,2.700708215,1,1,1,1,1,1.790108696,2.544987923,sotap,1,low,,,espanol_ningun_adulto,adultos_ninguno_analfabeta,-500,0,0,9.472088355,16.51639539,2.742915015,25.7617909003067,EXCLUSION,,
2023-08,Elegible,Vulnerabilidad Elevada,2.070141643,1,3.251728045,1,1.776038647,1.498900966,1,1.043888889,sotap,3,average,jefatura_masculina,no,espanol_uno_mas_adultos,adultos_uno_mas_analfabeta,0,0,0,20.51851115,10.43108127,2.901881398,31.2742160009683,INCLUSION,,
2023-08,Elegible,Vulnerabilidad Moderada,1,1,1.249197356,1,1.776038647,2.117608696,2.580217391,1.043888889,fomon,4,average,jefatura_masculina,no,espanol_ningun_adulto,adultos_ninguno_analfabeta,,0,0,1.921713018,28.09152966,2.841231571,29.1710718086438,INCLUSION,,
2023-07,No Elegible,Vulnerabilidad Moderada,2.700708215,1,1.249197356,1,1.776038647,1,2.580217391,1,sotap,1,low,,,espanol_uno_mas_adultos,adultos_ninguno_analfabeta,-500,0,0,11.93561888,16.59309681,2.8183849,28.3788333927347,EXCLUSION,,
2024-02,No Elegible por Intenciones,Vulnerabilidad Elevada,1,1,2.578385269,1,1.776038647,2.823478261,2.580217391,1,sotap,1,low,,,espanol_uno_mas_adultos,adultos_ninguno_analfabeta,0,0,0,8.975915299,32.12448674,3.163765312,40.3554578614572,EXCLUSION,,
2024-06,Lista de Reserva,Vulnerabilidad Baja,1,1.525552408,1,1,1.776038647,1,2.580217391,1.043888889,futij,1,low,,,espanol_uno_mas_adultos,adultos_ninguno_analfabeta,,0,0,3.741369748,17.15905947,2.59027177,20.4686345450563,EXCLUSION,,
2023-07,No Elegible,Vulnerabilidad Baja,1,1,1,1,1.776038647,1,2.580217391,1.043888889,sotap,1,low,,,espanol_uno_mas_adultos,adultos_ninguno_analfabeta,0,0,0,0,17.15905947,2.478906597,16.6068637771959,EXCLUSION,,
2024-04,No Elegible,Vulnerabilidad Baja,1,1,2.578385269,1,1.776038647,1.498900966,1,1,sotap,3,average,jefatura_femenina,si,espanol_uno_mas_adultos,adultos_ninguno_analfabeta,0,0,0,8.975915299,9.93697889,2.544515527,18.881966201578,EXCLUSION,,
2024-04,No Elegible por Duplicidad,Vulnerabilidad Elevada,1,2.051104816,2.578385269,1,1.776038647,2.823478261,1.790108696,1,foten,1,low,,,espanol_uno_mas_adultos,adultos_ninguno_analfabeta,,0,0,17.3510839,26.18890898,3.247398574,43.2555828311005,EXCLUSION,,
2024-03,No Elegible,Vulnerabilidad Moderada,1.599560907,1,1,1,1.776038647,2.823478261,2.580217391,1.043888889,fupal,1,low,,,espanol_uno_mas_adultos,adultos_ninguno_analfabeta,0,0,0,4.186184624,32.85812825,3.041670568,36.1216210561717,EXCLUSION,,
2023-11,No Elegible,Vulnerabilidad Baja,1,1,1,1,1.776038647,1.498900966,1.790108696,1,sotap,1,low,,,espanol_uno_mas_adultos,adultos_ninguno_analfabeta,0,0,0,0,17.10850297,2.477495573,16.5579342359224,EXCLUSION,,
2023-08,No Elegible,Vulnerabilidad Baja,1,1,1,1,1.776038647,1.498900966,2.580217391,1,sotap,1,low,,,espanol_uno_mas_adultos,adultos_ninguno_analfabeta,0,0,0,0,22.17502718,2.618901451,21.4614126303204,EXCLUSION,,
2023-07,Lista de Reserva,Vulnerabilidad Elevada,1,1,3.251728045,1,1.776038647,2.117608696,1.790108696,1,fupal,1,low,,,espanol_uno_mas_adultos,adultos_ninguno_analfabeta,,0,0,11.51832969,21.88512181,2.953663487,33.0698377627863,EXCLUSION,,
2023-08,No Elegible,Vulnerabilidad Elevada,1,1,2.578385269,1,1.776038647,2.823478261,2.580217391,1.043888889,sotap,1,low,,,espanol_uno_mas_adultos,adultos_ninguno_analfabeta,0,0,0,8.975915299,32.85812825,3.184241129,41.0654900540239,EXCLUSION,,
2024-02,Elegible,Vulnerabilidad Elevada,1,2.051104816,1,1,1.776038647,2.823478261,1.790108696,1,sotap,2,average,jefatura_femenina,si,espanol_uno_mas_adultos,adultos_ninguno_analfabeta,0,0,0,6.609317356,26.18890898,2.927660413,32.1681354979481,INCLUSION,,
2023-08,Lista de Reserva,Vulnerabilidad Baja,1,1,1,1,1,1,1,1,sotap,1,low,,,espanol_uno_mas_adultos,adultos_ninguno_analfabeta,0,0,0,0,0,2,0,EXCLUSION,,
2023-09,No Elegible,Vulnerabilidad Baja,1,1,1,1,1.776038647,2.117608696,1,1,sotap,1,low,,,espanol_ningun_adulto,adultos_ninguno_analfabeta,,0,0,0,14.06650994,2.392594036,13.6138355836209,EXCLUSION,,
2024-05,No Elegible,Vulnerabilidad Baja,1,1,1,1,1,1.498900966,1,1,sotap,4,average,jefatura_masculina,no,espanol_uno_mas_adultos,adultos_ninguno_analfabeta,0,0,0,0,3.815111519,2.10647915,3.69233741520706,EXCLUSION,,
2024-05,No Elegible,Vulnerabilidad Baja,2.070141643,1,1,1,1,1,2.580217391,1,sotap,3,low,jefatura_masculina,no,espanol_uno_mas_adultos,adultos_ninguno_analfabeta,0,0,0,6.702282231,9.580889352,2.466900431,16.1905351272391,EXCLUSION,,
2024-05,No Elegible,Vulnerabilidad Baja,1,1,1,1,1,1.498900966,1.790108696,1,sotap,3,low,jefatura_femenina,no,espanol_uno_mas_adultos,adultos_ninguno_analfabeta,0,0,0,0,10.02735341,2.279861825,9.70466314991279,EXCLUSION,,
2023-11,Elegible,Vulnerabilidad Elevada,1,1,2.578385269,1,1.776038647,2.823478261,2.580217391,1,sotap,1,low,,,espanol_uno_mas_adultos,adultos_ninguno_analfabeta,0,0,0,8.975915299,32.12448674,3.163765312,40.3554578614572,INCLUSION,,
2024-01,Lista de Reserva,Vulnerabilidad Elevada,2.070141643,1,1,1,1.776038647,2.117608696,2.580217391,1.043888889,foten,3,average,jefatura_femenina,si,espanol_uno_mas_adultos,adultos_ninguno_analfabeta,,0,0,6.702282231,28.09152966,2.983529432,34.1054845194874,EXCLUSION,,
2024-05,No Elegible,Vulnerabilidad Baja,1,1,1,1,1,1,1,1,sotap,3,low,jefatura_masculina,no,espanol_uno_mas_adultos,adultos_ninguno_analfabeta,0,0,0,0,0,2,0,EXCLUSION,,
2024-03,Lista de Reserva,Vulnerabilidad Baja,1,1,1,1,1.776038647,2.117608696,1.790108696,1,sotap,1,low,,,espanol_uno_mas_adultos,adultos_ninguno_analfabeta,0,0,0,0,21.88512181,2.610810239,21.1808367050324,EXCLUSION,,
2023-09,No Elegible,Vulnerabilidad Baja,1,1,2.578385269,1,1,1.498900966,1,1,sotap,1,low,,,espanol_uno_mas_adultos,adultos_ninguno_analfabeta,0,0,0,8.975915299,3.815111519,2.373655191,12.9571066444442,EXCLUSION,,
2023-10,No Elegible por Intenciones,Vulnerabilidad Elevada,1,1,1,1,1.776038647,2.117608696,2.580217391,1.738466184,sotap,2,average,jefatura_femenina,si,espanol_uno_mas_adultos,adultos_ninguno_analfabeta,0,0,0,0,36.78475459,3.0266566,35.6009844025392,EXCLUSION,,
2023-12,Elegible,Vulnerabilidad Severa,2.700708215,1.525552408,3.251728045,1,1.776038647,2.117608696,1.790108696,1,sotap,4,average,jefatura_femenina,no,espanol_uno_mas_adultos,adultos_ninguno_analfabeta,0,0,0,30.67858802,21.88512181,3.523985487,52.846692366104,INCLUSION,,
2024-04,No Elegible,Vulnerabilidad Elevada,1,1,1,1,1.776038647,2.117608696,2.580217391,1.738466184,pcr_cdmx,1,low,,,espanol_ningun_adulto,adultos_ninguno_analfabeta,,0,0,0,36.78475459,3.0266566,35.6009844025392,EXCLUSION,,
2023-11,No Elegible por Intenciones,Vulnerabilidad Baja,1,1,2.578385269,1,1.776038647,1,1.790108696,1.043888889,pcr_cdmx,1,low,,,espanol_uno_mas_adultos,adultos_ninguno_analfabeta,0,0,0,8.975915299,12.53066404,2.616904864,21.3921839697659,EXCLUSION,,
2024-03,Lista de Reserva,Vulnerabilidad Baja,1,1,1,1,1.776038647,1,2.580217391,1.043888889,pcr_cdmx,1,low,,,espanol_uno_mas_adultos,adultos_ninguno_analfabeta,0,0,0,0,17.15905947,2.478906597,16.6068637771959,EXCLUSION,,
2024-02,No Elegible,Vulnerabilidad Elevada,2.070141643,1,1,1,1.776038647,2.823478261,2.580217391,1.043888889,sotap,7,average,jefatura_femenina,no,espanol_uno_mas_adultos,adultos_ninguno_analfabeta,,-500,0,6.702282231,32.85812825,3.116564434,38.7186892002626,EXCLUSION,,
2023-06,No Elegible,Vulnerabilidad Moderada,1,1,1,1,1.776038647,2.117608696,2.580217391,1.043888889,sotap,2,average,jefatura_femenina,no,espanol_uno_mas_adultos,adultos_ninguno_analfabeta,,0,0,0,28.09152966,2.784030087,27.1875161440115,EXCLUSION,,
2023-11,Elegible,Vulnerabilidad Moderada,2.070141643,1,1,1,1.776038647,2.117608696,1.790108696,1.043888889,foten,1,low,,,espanol_uno_mas_adultos,adultos_ninguno_analfabeta,0,0,0,6.702282231,22.50821784,2.827700095,28.7018492571668,INCLUSION,,
2024-02,No Elegible,Vulnerabilidad Elevada,1,1,2.578385269,1,1.776038647,2.823478261,1.790108696,1.043888889,sotap,1,low,,,espanol_ningun_adulto,adultos_ninguno_analfabeta,0,0,0,8.975915299,26.85846924,3.016791609,35.2589060706247,EXCLUSION,,
2023-08,Elegible,Vulnerabilidad Elevada,2.700708215,1,2.578385269,1,1.776038647,2.823478261,1.790108696,1,sotap,4,average,jefatura_masculina,no,espanol_uno_mas_adultos,adultos_ninguno_analfabeta,0,0,-500,20.97871872,26.18890898,3.355378326,46.9999585672429,INCLUSION,,
2024-06,Lista de Reserva,Vulnerabilidad Moderada,2.700708215,1,2.578385269,1,1,2.117608696,1,1.043888889,sotap,1,low,,,espanol_uno_mas_adultos,adultos_ninguno_analfabeta,,0,0,20.97871872,7.858894815,2.843790571,29.2598225880868,EXCLUSION,,
2023-11,Elegible,Vulnerabilidad Baja,1,1.525552408,1,1,1.776038647,1,1,1,pcr_cdmx,1,low,,,espanol_uno_mas_adultos,adultos_ninguno_analfabeta,0,0,0,3.741369748,5.532745347,2.265783208,9.21646683684858,INCLUSION,,
2024-02,No Elegible,Vulnerabilidad Elevada,1,1,3.251728045,1,1.776038647,2.823478261,2.580217391,1,sotap,3,average,jefatura_femenina,no,espanol_uno_mas_adultos,adultos_ninguno_analfabeta,0,0,-500,11.51832969,32.12448674,3.23944252,42.979689689974,EXCLUSION,,
2024-04,No Elegible,Vulnerabilidad Baja,1.599560907,1,1,1,1,1,1.790108696,1.043888889,sotap,1,low,,,espanol_uno_mas_adultos,adultos_ninguno_analfabeta,,0,0,4.186184624,6.061858428,2.293790976,10.1876819933135,EXCLUSION,,
2024-05,Lista de Reserva,Vulnerabilidad Elevada,1,1,1,1,1.776038647,2.823478261,2.580217391,1.043888889,sotap,4,complete,jefatura_femenina,si,espanol_uno_mas_adultos,adultos_ninguno_analfabeta,,0,0,0,32.85812825,2.917065088,31.8007208247868,EXCLUSION,,
2023-09,No Elegible,Vulnerabilidad Baja,1,1,2.578385269,1,1,1.498900966,1,1,pcr_cdmx,1,low,,,espanol_ningun_adulto,adultos_ninguno_analfabeta,0,0,0,8.975915299,3.815111519,2.373655191,12.9571066444442,EXCLUSION,,
2023-08,No Elegible,Vulnerabilidad Moderada,1,1,1,1,1.776038647,2.823478261,1.790108696,1.043888889,sotap,1,low,,,espanol_uno_mas_adultos,adultos_ninguno_analfabeta,,0,0,0,26.85846924,2.749615568,25.9941368413876,EXCLUSION,,
2023-09,No Elegible,Vulnerabilidad Moderada,2.700708215,1,1.249197356,1,1,2.117608696,2.580217391,1,sotap,1,low,,,espanol_uno_mas_adultos,adultos_ninguno_analfabeta,-500,0,0,11.93561888,18.94985465,2.884161633,30.6597484086856,EXCLUSION,,
2024-05,No Elegible,Vulnerabilidad Severa,2.700708215,2.051104816,3.251728045,1,1.776038647,2.823478261,2.580217391,1.043888889,sotap,4,complete,jefatura_masculina,si,espanol_uno_mas_adultos,adultos_uno_mas_analfabeta,,0,0,35.61565687,32.85812825,3.977196548,68.5625251485202,EXCLUSION,,
2024-06,No Elegible,Vulnerabilidad Elevada,1,1,2.578385269,1.564135978,1.776038647,2.117608696,1.790108696,1.043888889,sotap,1,low,,,espanol_uno_mas_adultos,adultos_ninguno_analfabeta,-500,0,0,14.01324416,22.50821784,3.045317329,36.2480852520039,EXCLUSION,,
2023-10,Elegible,Vulnerabilidad Elevada,1,1,1,1,1.776038647,2.823478261,2.580217391,1.043888889,pcr_cdmx,2,average,jefatura_masculina,no,espanol_uno_mas_adultos,adultos_ninguno_analfabeta,-500,0,0,0,32.85812825,2.917065088,31.8007208247868,INCLUSION,,
2024-03,No Elegible,Vulnerabilidad Moderada,2.700708215,1,2.578385269,1,1,1,1.790108696,1,sotap,2,average,jefatura_femenina,no,espanol_ningun_adulto,adultos_uno_mas_analfabeta,0,0,0,20.97871872,5.614422911,2.78114772,27.0875800344294,EXCLUSION,,
2023-11,Elegible,Vulnerabilidad Moderada,1,1,1,1,1.776038647,2.823478261,1.790108696,1,sotap,1,low,,,espanol_uno_mas_adultos,adultos_ninguno_analfabeta,0,0,0,0,26.18890898,2.730928248,25.3461237001146,INCLUSION,,
2023-06,No Elegible,Vulnerabilidad Severa,2.700708215,1,2.578385269,1,1.776038647,2.823478261,2.580217391,1,sotap,2,low,jefatura_masculina,no,espanol_ningun_adulto,adultos_uno_mas_analfabeta,0,0,0,20.97871872,32.12448674,3.521039349,52.7445234993484,EXCLUSION,,
2023-11,Elegible,Vulnerabilidad Moderada,1,1.525552408,1,1,1.776038647,2.823478261,1.790108696,1,sotap,5,low,jefatura_masculina,no,espanol_uno_mas_adultos,adultos_ninguno_analfabeta,,0,0,3.741369748,26.18890898,2.842293421,29.207894467975,INCLUSION,,
2024-02,No Elegible,Vulnerabilidad Severa,2.700708215,1,2.578385269,1,1.776038647,2.823478261,2.580217391,1.738466184,sotap,3,complete,jefatura_femenina,si,espanol_uno_mas_adultos,adultos_ninguno_analfabeta,-500,0,0,20.97871872,42.19960637,3.802234322,62.4954157045354,EXCLUSION,,
2024-03,No Elegible,Vulnerabilidad Moderada,1,1,1,1,1.776038647,2.823478261,2.580217391,1,sotap,7,low,jefatura_masculina,no,espanol_ningun_adulto,adultos_ninguno_analfabeta,,0,0,0,32.12448674,2.896589272,31.0906886322201,EXCLUSION,,
2023-10,No Elegible,Vulnerabilidad Elevada,1,1,2.578385269,1,1.776038647,2.117608696,2.580217391,1.043888889,sotap,5,high,jefatura_masculina,no,espanol_uno_mas_adultos,adultos_ninguno_analfabeta,,0,0,8.975915299,28.09152966,3.051206127,36.4522853732487,EXCLUSION,,
2024-05,Lista de Reserva,Vulnerabilidad Baja,1.599560907,1,1,1,1,1,1.790108696,1.043888889,fupal,1,low,,,espanol_uno_mas_adultos,adultos_ninguno_analfabeta,0,0,0,4.186184624,6.061858428,2.293790976,10.1876819933135,EXCLUSION,,
2023-06,No Elegible,Vulnerabilidad Moderada,1.599560907,1,1,1,1.776038647,2.823478261,1.790108696,1.043888889,sotap,1,low,,,espanol_uno_mas_adultos,adultos_ninguno_analfabeta,0,0,0,4.186184624,26.85846924,2.874221048,30.3150370727725,EXCLUSION,,
2023-12,Lista de Reserva,Vulnerabilidad Baja,1,1,1,1,1.776038647,2.117608696,1.790108696,1.043888889,sotap,1,low,,,espanol_uno_mas_adultos,adultos_ninguno_analfabeta,,0,0,0,22.50821784,2.628200749,21.783880881691,EXCLUSION,,
2023-11,No Elegible,Vulnerabilidad Moderada,2.700708215,1,2.578385269,1,1.776038647,1,1,1,sotap,1,low,,,espanol_uno_mas_adultos,adultos_ninguno_analfabeta,-500,0,0,20.97871872,5.532745347,2.778868113,27.0085309361165,EXCLUSION,,
2023-07,No Elegible,Vulnerabilidad Elevada,2.700708215,2.051104816,1.249197356,1,1.776038647,2.117608696,1,1.043888889,sotap,2,complete,jefatura_femenina,si,espanol_uno_mas_adultos,adultos_ninguno_analfabeta,-500,0,0,20.89305637,14.60519526,3.029528919,35.7006012883809,EXCLUSION,,
2023-08,No Elegible,Vulnerabilidad Elevada,2.070141643,1,1,1,1.776038647,2.823478261,2.580217391,1.043888889,foten,2,average,jefatura_masculina,no,espanol_uno_mas_adultos,adultos_ninguno_analfabeta,0,0,0,6.702282231,32.85812825,3.116564434,38.7186892002626,EXCLUSION,,
2024-06,No Elegible,Vulnerabilidad Baja,2.070141643,1,2.578385269,1,1,1,1,1.043888889,sotap,1,low,,,espanol_uno_mas_adultos,adultos_ninguno_analfabeta,,0,0,17.46888676,0.386821499,2.530772958,18.4054262011642,EXCLUSION,,
2023-09,No Elegible,Vulnerabilidad Baja,1,1,1,1,1,2.117608696,1.790108696,1,fomon,1,low,,,espanol_uno_mas_adultos,adultos_uno_mas_analfabeta,0,0,0,0,14.16503897,2.395343965,13.7091938509064,EXCLUSION,,
2023-09,Lista de Reserva,Vulnerabilidad Baja,1,1,1,1,1.776038647,1,1.790108696,1,fomon,1,low,,,espanol_ningun_adulto,adultos_ninguno_analfabeta,,0,0,0,12.01413641,2.33531262,11.6275094861898,EXCLUSION,,
2024-05,No Elegible,Vulnerabilidad Severa,2.700708215,2.051104816,2.578385269,1,1.776038647,2.823478261,2.580217391,1,sotap,2,complete,jefatura_femenina,si,espanol_uno_mas_adultos,adultos_ninguno_analfabeta,,0,0,31.71522481,32.12448674,3.840620929,63.8265410918307,EXCLUSION,,
2024-05,No Elegible,Vulnerabilidad Elevada,2.700708215,1,2.578385269,1,1.776038647,2.823478261,1.790108696,1,sotap,1,low,,,espanol_uno_mas_adultos,adultos_ninguno_analfabeta,,0,0,20.97871872,26.18890898,3.355378326,46.9999585672429,EXCLUSION,,
2023-08,No Elegible,Vulnerabilidad Elevada,1,1,2.578385269,1,1.776038647,2.117608696,2.580217391,1.043888889,sotap,3,average,jefatura_masculina,no,espanol_uno_mas_adultos,adultos_ninguno_analfabeta,,0,0,8.975915299,28.09152966,3.051206127,36.4522853732487,EXCLUSION,,
2024-03,No Elegible,Vulnerabilidad Baja,1,1,1,1,1,1.498900966,1.790108696,1,sotap,4,average,jefatura_masculina,no,espanol_uno_mas_adultos,adultos_ninguno_analfabeta,,0,0,0,10.02735341,2.279861825,9.70466314991279,EXCLUSION,,
2023-10,Elegible,Vulnerabilidad Baja,1,1,1,1,1.776038647,1,2.580217391,1,pcr_cdmx,2,average,jefatura_masculina,no,espanol_uno_mas_adultos,adultos_ninguno_analfabeta,0,0,0,0,16.59309681,2.46311067,16.0591143615574,INCLUSION,,
2024-04,No Elegible,Vulnerabilidad Baja,2.070141643,1,1,1,1,1.498900966,1.790108696,1.043888889,sotap,1,low,,,espanol_uno_mas_adultos,adultos_ninguno_analfabeta,0,0,0,6.702282231,10.52243148,2.49317872,17.1017774880179,EXCLUSION,,
2023-11,Elegible,Vulnerabilidad Moderada,1,1,2.578385269,1,1.776038647,2.117608696,1.790108696,1.043888889,sotap,6,average,jefatura_masculina,no,espanol_uno_mas_adultos,adultos_ninguno_analfabeta,0,0,-500,8.975915299,22.50821784,2.89537679,31.0486501109281,INCLUSION,,
2024-02,Elegible,Vulnerabilidad Baja,1,1.525552408,2.578385269,1,1.776038647,1,1,1.043888889,sotap,1,low,,,espanol_uno_mas_adultos,adultos_ninguno_analfabeta,,0,0,13.7168894,5.979299062,2.575176597,19.9451918566672,INCLUSION,,
2023-08,No Elegible,Vulnerabilidad Elevada,2.070141643,1,1,1,1.776038647,2.117608696,2.580217391,1.043888889,sotap,1,low,,,espanol_uno_mas_adultos,adultos_ninguno_analfabeta,,0,0,6.702282231,28.09152966,2.983529432,34.1054845194874,EXCLUSION,,
2024-03,No Elegible,Vulnerabilidad Elevada,1.599560907,1,1,1,1.776038647,2.823478261,2.580217391,1,sotap,2,complete,jefatura_femenina,si,espanol_uno_mas_adultos,adultos_ninguno_analfabeta,,0,0,4.186184624,32.12448674,3.021194752,35.411588863605,EXCLUSION,,
2023-07,Lista de Reserva,Vulnerabilidad Baja,2.700708215,1,1,1,1,1.498900966,1.790108696,1,sotap,5,average,jefatura_masculina,no,espanol_uno_mas_adultos,adultos_ninguno_analfabeta,,0,0,9.472088355,10.02735341,2.561806895,19.481572780265,EXCLUSION,,
2023-08,No Elegible,Vulnerabilidad Severa,2.070141643,2.051104816,1,1,1.776038647,2.117608696,2.580217391,2.544987923,sotap,3,average,jefatura_femenina,si,espanol_ningun_adulto,adultos_ninguno_analfabeta,0,0,0,14.63015408,44.04383881,3.664735924,57.7274311017039,EXCLUSION,,
2024-02,No Elegible,Vulnerabilidad Elevada,2.700708215,1,2.578385269,1,1.776038647,2.823478261,1,1,sotap,1,low,,,espanol_ningun_adulto,adultos_ninguno_analfabeta,0,0,0,20.97871872,17.78726377,3.120889756,38.868686701746,EXCLUSION,,
2023-06,Lista de Reserva,Vulnerabilidad Baja,1.599560907,1,1,1,1,1,2.580217391,1.043888889,sotap,2,low,jefatura_femenina,no,espanol_uno_mas_adultos,adultos_ninguno_analfabeta,-500,0,0,4.186184624,10.07114734,2.405689587,14.0679479788364,EXCLUSION,,
2024-06,No Elegible,Vulnerabilidad Baja,1,2.051104816,1,1,1,1.498900966,1,1,sotap,1,low,,,espanol_uno_mas_adultos,adultos_ninguno_analfabeta,0,0,0,6.609317356,3.815111519,2.303211315,10.5143492130405,EXCLUSION,,
2024-02,Elegible,Vulnerabilidad Baja,1,1,1,1,1,1.498900966,1,1,sotap,1,low,,,espanol_uno_mas_adultos,adultos_ninguno_analfabeta,0,0,0,0,3.815111519,2.10647915,3.69233741520706,INCLUSION,,
2024-07,Lista de Reserva,Vulnerabilidad Baja,1,1.525552408,1,1,1,1.498900966,1.790108696,1,sotap,2,average,jefatura_masculina,no,espanol_uno_mas_adultos,adultos_ninguno_analfabeta,0,0,0,3.741369748,10.02735341,2.391226998,13.5664339177732,EXCLUSION,,
2023-10,Elegible,Vulnerabilidad Baja,1,1,3.251728045,1,1,1.498900966,1.790108696,1,sotap,3,average,jefatura_masculina,no,espanol_ningun_adulto,adultos_uno_mas_analfabeta,0,0,0,11.51832969,10.02735341,2.622715074,21.5936642076667,INCLUSION,,
2023-12,No Elegible,Vulnerabilidad Baja,1,1,2.578385269,1,1,1,1,1,sotap,1,low,,,espanol_uno_mas_adultos,adultos_ninguno_analfabeta,0,0,0,8.975915299,0,2.267176041,9.26476922923712,EXCLUSION,,
2023-07,Lista de Reserva,Vulnerabilidad Baja,1,1.525552408,1,1,1.776038647,1,1,1,futij,1,low,,,espanol_uno_mas_adultos,adultos_ninguno_analfabeta,,0,0,3.741369748,5.532745347,2.265783208,9.21646683684858,EXCLUSION,,
2023-07,Lista de Reserva,Vulnerabilidad Baja,1,1,3.251728045,1,1.776038647,1,1.790108696,1.043888889,fupal,1,low,,,espanol_uno_mas_adultos,adultos_ninguno_analfabeta,0,-500,0,11.51832969,12.53066404,2.692582072,24.0164157982827,EXCLUSION,,
2024-01,No Elegible,Vulnerabilidad Moderada,1,1.525552408,2.578385269,1,1.776038647,1,1.790108696,1,sotap,1,low,,,espanol_uno_mas_adultos,adultos_ninguno_analfabeta,0,0,0,13.7168894,12.01413641,2.743607939,25.7858221039712,EXCLUSION,,
2023-12,Elegible,Vulnerabilidad Elevada,1,1,2.578385269,1,1.776038647,2.823478261,1.790108696,1,pcr_cdmx,4,average,jefatura_masculina,no,espanol_ningun_adulto,adultos_ninguno_analfabeta,,0,0,8.975915299,26.18890898,2.998104289,34.6108929293517,INCLUSION,,
2024-05,No Elegible por Intenciones,Vulnerabilidad Baja,1,1,1,1,1,2.117608696,1.790108696,1,foten,2,average,jefatura_masculina,no,espanol_uno_mas_adultos,adultos_ninguno_analfabeta,0,0,0,0,14.16503897,2.395343965,13.7091938509064,EXCLUSION,,
2024-03,No Elegible,Vulnerabilidad Elevada,1,2.051104816,2.578385269,1,1.776038647,2.823478261,1.790108696,1,fupal,1,low,,,espanol_ningun_adulto,adultos_uno_mas_analfabeta,,0,0,17.3510839,26.18890898,3.247398574,43.2555828311005,EXCLUSION,,
2024-03,No Elegible,Vulnerabilidad Moderada,1,1,2.578385269,1,1.776038647,1.498900966,1.790108696,1,sotap,2,average,jefatura_femenina,si,espanol_ningun_adulto,adultos_ninguno_analfabeta,0,0,0,8.975915299,17.10850297,2.744671614,25.8227034651596,EXCLUSION,,
2023-08,No Elegible,Vulnerabilidad Baja,1,1,1,1.564135978,1.776038647,2.823478261,1,1.043888889,sotap,1,low,,,espanol_uno_mas_adultos,adultos_ninguno_analfabeta,0,0,0,3.975239986,18.36611881,2.630921956,21.8782459245649,EXCLUSION,,
2023-08,Lista de Reserva,Vulnerabilidad Moderada,1,1,1,1,1.776038647,2.823478261,1.790108696,1,sotap,1,low,,,espanol_ningun_adulto,adultos_ninguno_analfabeta,0,0,0,0,26.18890898,2.730928248,25.3461237001146,EXCLUSION,,
2023-12,Lista de Reserva,Vulnerabilidad Elevada,1,1,2.578385269,1,1.776038647,2.823478261,2.580217391,1.043888889,sotap,1,low,,,espanol_uno_mas_adultos,adultos_uno_mas_analfabeta,0,0,0,8.975915299,32.85812825,3.184241129,41.0654900540239,EXCLUSION,,
2024-02,Elegible,Vulnerabilidad Baja,1,1.525552408,1,1,1.776038647,1.498900966,1.790108696,1,sotap,1,low,,,espanol_uno_mas_adultos,adultos_ninguno_analfabeta,,0,0,3.741369748,17.10850297,2.588860746,20.4197050037828,INCLUSION,,
2023-06,No Elegible,Vulnerabilidad Baja,1,1,1,1,1.776038647,2.117608696,1.790108696,1,pcr_cdmx,1,low,,,espanol_uno_mas_adultos,adultos_ninguno_analfabeta,0,0,0,0,21.88512181,2.610810239,21.1808367050324,EXCLUSION,,
2024-04,No Elegible,Vulnerabilidad Moderada,1,1,1,1,1.776038647,2.117608696,2.580217391,1,sotap,1,low,,,espanol_uno_mas_adultos,adultos_ninguno_analfabeta,,0,0,0,27.40879931,2.764975192,26.5267567394049,EXCLUSION,,
2023-10,Elegible,Vulnerabilidad Baja,1,1,1,1,1.776038647,1.498900966,1.790108696,1,sotap,1,low,,,espanol_uno_mas_adultos,adultos_ninguno_analfabeta,,0,0,0,17.10850297,2.477495573,16.5579342359224,INCLUSION,,
2024-05,No Elegible,Vulnerabilidad Severa,2.070141643,1,1,1,1.776038647,2.823478261,2.580217391,2.544987923,sotap,2,complete,jefatura_femenina,si,espanol_uno_mas_adultos,adultos_ninguno_analfabeta,,0,0,6.702282231,50,3.594991325,55.3089183754758,EXCLUSION,,
2023-11,Elegible,Vulnerabilidad Elevada,2.700708215,1,3.251728045,1,1.776038647,2.117608696,1.790108696,1,sotap,3,complete,jefatura_femenina,si,espanol_uno_mas_adultos,adultos_ninguno_analfabeta,0,0,0,24.2379543,21.88512181,3.33227434,46.1987926123607,INCLUSION,,
2023-12,No Elegible,Vulnerabilidad Baja,1,1,1,1,1.776038647,1.498900966,1.790108696,1,pcr_cdmx,1,low,,,espanol_uno_mas_adultos,adultos_ninguno_analfabeta,0,0,0,0,17.10850297,2.477495573,16.5579342359224,EXCLUSION,,
2024-05,No Elegible,Vulnerabilidad Elevada,2.700708215,2.051104816,3.251728045,1,1,2.117608696,1,1,sotap,2,complete,jefatura_femenina,si,espanol_uno_mas_adultos,adultos_ninguno_analfabeta,,0,-500,35.61565687,7.392265486,3.266448403,43.9161793141285,EXCLUSION,,
2023-11,No Elegible,Vulnerabilidad Baja,1,1,1,1,1,1,1.790108696,1,futij,1,low,,,espanol_uno_mas_adultos,adultos_ninguno_analfabeta,,0,0,0,5.614422911,2.156697643,5.43374516730111,EXCLUSION,,
2024-05,No Elegible,Vulnerabilidad Baja,1,1.525552408,1,1,1,1.498900966,1,1,foten,1,low,,,espanol_ningun_adulto,adultos_uno_mas_analfabeta,,0,0,3.741369748,3.815111519,2.217844323,7.55410818306745,EXCLUSION,,
2023-07,Lista de Reserva,Vulnerabilidad Baja,1.599560907,1,1,1,1,2.823478261,1.790108696,1.043888889,sotap,1,low,,,espanol_uno_mas_adultos,adultos_ninguno_analfabeta,,0,0,4.186184624,18.47313819,2.640187803,22.1995543612926,EXCLUSION,,
2024-03,Elegible,Vulnerabilidad Elevada,1,2.051104816,1,1,1.776038647,2.823478261,2.580217391,1,sotap,1,low,,,espanol_uno_mas_adultos,adultos_uno_mas_analfabeta,,0,0,6.609317356,32.12448674,3.093321436,37.9127004300535,INCLUSION,,
2023-09,No Elegible,Vulnerabilidad Baja,2.070141643,1,1,1,1.776038647,1,1.790108696,1.043888889,sotap,1,low,,,espanol_uno_mas_adultos,adultos_ninguno_analfabeta,,0,0,6.702282231,12.53066404,2.549228169,19.0453831160046,EXCLUSION,,
2024-05,No Elegible,Vulnerabilidad Elevada,2.070141643,1,1,1,1.776038647,2.117608696,2.580217391,1.043888889,sotap,1,low,,,espanol_ningun_adulto,adultos_ninguno_analfabeta,0,0,0,6.702282231,28.09152966,2.983529432,34.1054845194874,EXCLUSION,,
2024-03,Lista de Reserva,Vulnerabilidad Baja,1,1,2.578385269,1,1.776038647,1,1.790108696,1.043888889,fupal,1,low,,,espanol_uno_mas_adultos,adultos_ninguno_analfabeta,,0,0,8.975915299,12.53066404,2.616904864,21.3921839697659,EXCLUSION,,
2024-03,No Elegible,Vulnerabilidad Baja,1,1,1,1,1.776038647,2.117608696,1.790108696,1,sotap,3,low,jefatura_femenina,no,espanol_uno_mas_adultos,adultos_ninguno_analfabeta,0,0,0,0,21.88512181,2.610810239,21.1808367050324,EXCLUSION,,
2024-03,No Elegible,Vulnerabilidad Elevada,2.070141643,1,2.578385269,1,1.776038647,2.823478261,2.580217391,1.043888889,sotap,2,average,jefatura_masculina,si,espanol_uno_mas_adultos,adultos_uno_mas_analfabeta,0,0,0,17.46888676,32.85812825,3.43704192,49.8317738296103,EXCLUSION,,
2023-06,No Elegible,Vulnerabilidad Severa,2.700708215,2.051104816,3.251728045,1,1.776038647,1,2.580217391,1.043888889,sotap,2,complete,jefatura_masculina,si,espanol_uno_mas_adultos,adultos_ninguno_analfabeta,0,0,0,35.61565687,17.15905947,3.539038057,53.3686681009294,EXCLUSION,,
2024-02,Lista de Reserva,Vulnerabilidad Severa,2.070141643,1,1,1,1.776038647,2.823478261,2.580217391,2.544987923,fupal,1,low,,,espanol_uno_mas_adultos,adultos_ninguno_analfabeta,,0,0,6.702282231,50,3.594991325,55.3089183754758,EXCLUSION,,
2024-02,Lista de Reserva,Vulnerabilidad Baja,1,1,2.578385269,1,1,1,1,1,sotap,1,low,,,espanol_uno_mas_adultos,adultos_ninguno_analfabeta,0,0,0,8.975915299,0,2.267176041,9.26476922923712,EXCLUSION,,
2024-04,No Elegible,Vulnerabilidad Baja,1,2.051104816,1,1,1,1.498900966,1,1.043888889,sotap,1,low,,,espanol_uno_mas_adultos,adultos_ninguno_analfabeta,0,0,0,6.609317356,4.243121443,2.315157003,10.9285853496763,EXCLUSION,,
2024-05,No Elegible,Vulnerabilidad Baja,1,1,1,1,1,1,1.790108696,1,sotap,3,average,jefatura_femenina,no,espanol_uno_mas_adultos,adultos_ninguno_analfabeta,-500,0,0,0,5.614422911,2.156697643,5.43374516730111,EXCLUSION,,
2024-05,No Elegible,Vulnerabilidad Severa,2.700708215,1.525552408,3.251728045,1,1.776038647,1.498900966,2.580217391,1.043888889,sotap,2,complete,jefatura_femenina,si,espanol_uno_mas_adultos,adultos_ninguno_analfabeta,,0,0,30.67858802,22.80125306,3.549554563,53.7333415963478,EXCLUSION,,
2023-07,Lista de Reserva,Vulnerabilidad Elevada,1,1,2.578385269,1,1.776038647,2.117608696,2.580217391,1.738466184,sotap,1,low,,,espanol_uno_mas_adultos,adultos_ninguno_analfabeta,,0,0,8.975915299,36.78475459,3.29383264,44.8657536317763,EXCLUSION,,
2024-03,Lista de Reserva,Vulnerabilidad Moderada,1,2.051104816,1.249197356,1,1.776038647,2.117608696,1.790108696,1,sotap,1,low,,,espanol_uno_mas_adultos,adultos_ninguno_analfabeta,,0,0,8.909093135,21.88512181,2.875997259,30.3766333662098,EXCLUSION,,
2024-02,Lista de Reserva,Vulnerabilidad Severa,2.700708215,2.051104816,3.251728045,1.564135978,1.776038647,2.117608696,1.790108696,1.043888889,sotap,1,low,,,espanol_uno_mas_adultos,adultos_ninguno_analfabeta,,0,0,43.80517382,22.50821784,3.932100408,66.9987490003924,EXCLUSION,,
2024-01,Lista de Reserva,Vulnerabilidad Moderada,1,1,2.578385269,1,1.776038647,2.117608696,1.790108696,1.043888889,sotap,4,average,jefatura_masculina,no,espanol_uno_mas_adultos,adultos_ninguno_analfabeta,0,0,0,8.975915299,22.50821784,2.89537679,31.0486501109281,EXCLUSION,,
2024-01,No Elegible,Vulnerabilidad Baja,1,1.525552408,1,1,1.776038647,2.117608696,1,1,fupal,4,average,jefatura_femenina,no,espanol_uno_mas_adultos,adultos_ninguno_analfabeta,0,0,0,3.741369748,14.06650994,2.503959209,17.4756063514812,EXCLUSION,,
2023-06,No Elegible,Vulnerabilidad Elevada,1,1,2.578385269,1,1.776038647,2.823478261,1.790108696,1,sotap,4,average,jefatura_femenina,si,espanol_uno_mas_adultos,adultos_uno_mas_analfabeta,,0,0,8.975915299,26.18890898,2.998104289,34.6108929293517,EXCLUSION,,
2024-01,Elegible,Vulnerabilidad Elevada,2.070141643,1,2.578385269,1,1,2.117608696,2.580217391,1.043888889,sotap,2,average,jefatura_femenina,si,espanol_uno_mas_adultos,adultos_ninguno_analfabeta,0,0,0,17.46888676,19.54126117,3.065370296,36.9434568491118,INCLUSION,,
2024-04,No Elegible,Vulnerabilidad Baja,2.070141643,1,1,1,1,1.498900966,1.790108696,1.043888889,sotap,1,low,,,espanol_uno_mas_adultos,adultos_ninguno_analfabeta,,0,0,6.702282231,10.52243148,2.49317872,17.1017774880179,EXCLUSION,,
2023-11,Lista de Reserva,Vulnerabilidad Baja,1,1,1,1,1.776038647,2.117608696,1.790108696,1,fomon,5,average,jefatura_masculina,no,espanol_uno_mas_adultos,adultos_ninguno_analfabeta,-500,0,0,0,21.88512181,2.610810239,21.1808367050324,EXCLUSION,,
2024-05,Lista de Reserva,Vulnerabilidad Moderada,1,1.525552408,1,1,1.776038647,2.823478261,1.790108696,1,sotap,5,high,jefatura_masculina,no,espanol_uno_mas_adultos,adultos_ninguno_analfabeta,,-500,0,3.741369748,26.18890898,2.842293421,29.207894467975,EXCLUSION,,
2024-05,No Elegible,Vulnerabilidad Elevada,1,1,2.578385269,1,1.776038647,2.117608696,2.580217391,1,sotap,6,high,jefatura_femenina,no,espanol_uno_mas_adultos,adultos_ninguno_analfabeta,,0,0,8.975915299,27.40879931,3.032151233,35.791525968642,EXCLUSION,,
2024-05,No Elegible,Vulnerabilidad Elevada,2.700708215,1,2.578385269,1,1.776038647,2.823478261,1.790108696,1,fupal,1,low,,,espanol_uno_mas_adultos,adultos_ninguno_analfabeta,,0,0,20.97871872,26.18890898,3.355378326,46.9999585672429,EXCLUSION,,
2023-06,No Elegible,Vulnerabilidad Moderada,1,2.051104816,2.578385269,1,1.776038647,1.498900966,1,1,sotap,1,low,,,espanol_uno_mas_adultos,adultos_ninguno_analfabeta,-500,0,0,17.3510839,9.93697889,2.793809812,27.5266561033268,EXCLUSION,,
2023-07,No Elegible,Vulnerabilidad Severa,2.700708215,1.525552408,3.251728045,1,1.776038647,2.117608696,1.790108696,1,sotap,2,complete,jefatura_masculina,si,espanol_uno_mas_adultos,adultos_ninguno_analfabeta,0,0,0,30.67858802,21.88512181,3.523985487,52.846692366104,EXCLUSION,,
2024-03,Lista de Reserva,Vulnerabilidad Moderada,1,1,1,1,1.776038647,1.498900966,2.580217391,1.738466184,sotap,2,low,jefatura_masculina,no,espanol_ningun_adulto,adultos_ninguno_analfabeta,,0,0,0,30.77500505,2.858925454,29.784634612486,EXCLUSION,,
2024-04,Lista de Reserva,Vulnerabilidad Baja,1,2.051104816,1,1,1.776038647,1,1.790108696,1,sotap,2,average,jefatura_femenina,si,espanol_uno_mas_adultos,adultos_ninguno_analfabeta,0,0,0,6.609317356,12.01413641,2.532044784,18.4495212840232,EXCLUSION,,
2024-03,No Elegible,Vulnerabilidad Moderada,1,1,1,1,1.776038647,2.823478261,1.790108696,1,sotap,1,low,,,espanol_ningun_adulto,adultos_uno_mas_analfabeta,,0,0,0,26.18890898,2.730928248,25.3461237001146,EXCLUSION,,
2024-05,No Elegible,Vulnerabilidad Moderada,1,1,1,1,1.776038647,2.823478261,1.790108696,1,sotap,1,low,,,espanol_uno_mas_adultos,adultos_ninguno_analfabeta,0,0,0,0,26.18890898,2.730928248,25.3461237001146,EXCLUSION,,
2024-06,Elegible,Vulnerabilidad Moderada,1,1,1,1,1.776038647,2.823478261,1.790108696,1,sotap,1,low,,,espanol_uno_mas_adultos,adultos_ninguno_analfabeta,,0,0,0,26.18890898,2.730928248,25.3461237001146,INCLUSION,,
2024-01,No Elegible,Vulnerabilidad Moderada,1,1,1,1,1.776038647,2.823478261,1.790108696,1,sotap,1,low,,,espanol_ningun_adulto,adultos_ninguno_analfabeta,0,0,0,0,26.18890898,2.730928248,25.3461237001146,EXCLUSION,,
2023-12,Lista de Reserva,Vulnerabilidad Baja,1.599560907,1,1,1,1,1.498900966,1.790108696,1,sotap,1,low,,,espanol_uno_mas_adultos,adultos_ninguno_analfabeta,0,0,0,4.186184624,10.02735341,2.404467305,14.0255633812977,EXCLUSION,,
2024-06,No Elegible,Vulnerabilidad Baja,1,1,1.249197356,1,1,1.498900966,1.790108696,1,foten,4,average,jefatura_masculina,no,espanol_uno_mas_adultos,adultos_ninguno_analfabeta,,0,0,1.921713018,10.02735341,2.337063309,11.688218814545,EXCLUSION,,
2023-11,Lista de Reserva,Vulnerabilidad Baja,1,1,2.578385269,1,1,1,1.790108696,1,sotap,1,low,,,espanol_uno_mas_adultos,adultos_ninguno_analfabeta,,0,0,8.975915299,5.614422911,2.423873683,14.6985143965382,EXCLUSION,,
2023-09,No Elegible,Vulnerabilidad Elevada,1,1.525552408,3.251728045,1,1.776038647,2.823478261,2.580217391,1.043888889,sotap,2,average,jefatura_masculina,si,espanol_uno_mas_adultos,adultos_ninguno_analfabeta,-500,0,0,16.54244021,32.85812825,3.409465421,48.8755133031848,EXCLUSION,,
2023-12,No Elegible,Vulnerabilidad Elevada,2.070141643,2.051104816,1,1,1.776038647,2.823478261,1.790108696,1.043888889,sotap,3,low,jefatura_femenina,si,espanol_uno_mas_adultos,adultos_ninguno_analfabeta,,0,0,14.63015408,26.85846924,3.185095016,41.095103909836,EXCLUSION,,
2024-05,No Elegible,Vulnerabilidad Elevada,2.070141643,1.525552408,1,1,1.776038647,1.498900966,2.580217391,1.043888889,fomon,3,complete,jefatura_femenina,si,espanol_uno_mas_adultos,adultos_ninguno_analfabeta,-500,-500,0,11.1900528,22.80125306,2.969461113,33.6176458244329,EXCLUSION,,
2024-05,Elegible,Vulnerabilidad Severa,2.700708215,2.051104816,3.251728045,1,1.776038647,2.823478261,1.790108696,1,sotap,2,complete,jefatura_masculina,si,espanol_uno_mas_adultos,adultos_ninguno_analfabeta,0,0,0,35.61565687,26.18890898,3.791059708,62.1079280238481,INCLUSION,,
2023-09,Lista de Reserva,Vulnerabilidad Elevada,2.700708215,2.051104816,3.251728045,1,1.776038647,1,1.790108696,1.043888889,sotap,6,average,jefatura_femenina,no,espanol_uno_mas_adultos,adultos_ninguno_analfabeta,0,0,0,35.61565687,12.53066404,3.409860283,48.8892190642622,EXCLUSION,,
2023-07,No Elegible,Vulnerabilidad Elevada,2.700708215,1,3.251728045,1,1.776038647,2.823478261,1.790108696,1,sotap,5,high,jefatura_femenina,no,espanol_uno_mas_adultos,adultos_ninguno_analfabeta,,0,0,24.2379543,26.18890898,3.45239235,50.3640796074429,EXCLUSION,,
2024-02,Elegible,Vulnerabilidad Moderada,1,1,2.578385269,1,1.776038647,2.117608696,1.790108696,1,sotap,2,average,jefatura_masculina,no,espanol_uno_mas_adultos,adultos_ninguno_analfabeta,,0,0,8.975915299,21.88512181,2.877986279,30.4456059342695,INCLUSION,,
2024-06,No Elegible,Vulnerabilidad Severa,2.070141643,1,2.578385269,1,1.776038647,2.823478261,2.580217391,1.738466184,fupal,2,complete,jefatura_femenina,si,espanol_uno_mas_adultos,adultos_uno_mas_analfabeta,,0,0,17.46888676,42.19960637,3.697761076,58.8726338422306,EXCLUSION,,
2023-08,No Elegible,Vulnerabilidad Moderada,1,1,2.578385269,1,1.776038647,2.117608696,1.790108696,1,sotap,1,low,,,espanol_uno_mas_adultos,adultos_ninguno_analfabeta,,0,0,8.975915299,21.88512181,2.877986279,30.4456059342695,EXCLUSION,,
2023-07,Lista de Reserva,Vulnerabilidad Elevada,2.070141643,1,1,1,1.776038647,2.823478261,1.790108696,1.043888889,sotap,2,complete,jefatura_femenina,si,espanol_uno_mas_adultos,adultos_ninguno_analfabeta,0,0,-500,6.702282231,26.85846924,2.949114914,32.9121052168634,EXCLUSION,,
2023-07,No Elegible,Vulnerabilidad Elevada,2.700708215,1,1.249197356,1,1.776038647,2.823478261,2.580217391,1,fupal,3,complete,jefatura_femenina,si,espanol_uno_mas_adultos,adultos_ninguno_analfabeta,,0,0,11.93561888,32.12448674,3.251863502,43.4104076633973,EXCLUSION,,
2024-03,Lista de Reserva,Vulnerabilidad Baja,1,1,2.578385269,1,1,1,1.790108696,1.043888889,sotap,1,low,,,espanol_uno_mas_adultos,adultos_ninguno_analfabeta,,0,0,8.975915299,6.061858428,2.436361537,15.1315509911657,EXCLUSION,,
2024-02,Lista de Reserva,Vulnerabilidad Elevada,1,1.525552408,2.578385269,1,1.776038647,2.823478261,1.790108696,1,foten,2,average,jefatura_femenina,si,espanol_uno_mas_adultos,adultos_ninguno_analfabeta,,0,0,13.7168894,26.18890898,3.139223567,39.504436317896,EXCLUSION,,
2024-04,Elegible,Vulnerabilidad Elevada,2.070141643,1,2.578385269,1,1.776038647,2.823478261,1.790108696,1.043888889,sotap,1,low,,,espanol_uno_mas_adultos,adultos_ninguno_analfabeta,0,0,0,17.46888676,26.85846924,3.2695924,44.0251898462111,INCLUSION,,
2024-05,No Elegible,Vulnerabilidad Elevada,1,2.051104816,1,1,1.776038647,2.823478261,1.790108696,1,,4,average,jefatura_masculina,no,espanol_uno_mas_adultos,adultos_ninguno_analfabeta,,0,0,6.609317356,26.18890898,2.927660413,32.1681354979481,EXCLUSION,,
2023-07,Lista de Reserva,Vulnerabilidad Elevada,2.070141643,1,1,1,1.776038647,2.823478261,2.580217391,1.043888889,sotap,2,average,jefatura_masculina,si,espanol_ningun_adulto,adultos_ninguno_analfabeta,-500,0,0,6.702282231,32.85812825,3.116564434,38.7186892002626,EXCLUSION,,
2024-02,No Elegible,Vulnerabilidad Elevada,2.700708215,1,3.251728045,1,1,2.117608696,2.580217391,1,sotap,2,low,jefatura_femenina,no,espanol_uno_mas_adultos,adultos_ninguno_analfabeta,0,0,0,24.2379543,18.94985465,3.250351505,43.3579852848366,EXCLUSION,,
2023-07,Lista de Reserva,Vulnerabilidad Moderada,1,1,1,1,1.776038647,2.823478261,1.790108696,1,sotap,3,average,jefatura_femenina,si,espanol_uno_mas_adultos,adultos_ninguno_analfabeta,,0,0,0,26.18890898,2.730928248,25.3461237001146,EXCLUSION,,
2023-11,Elegible,Vulnerabilidad Baja,1,1.525552408,1,1,1,1,1,1,sotap,1,low,,,espanol_uno_mas_adultos,adultos_ninguno_analfabeta,0,0,0,3.741369748,0,2.111365173,3.86177076786039,INCLUSION,,
2024-06,No Elegible,Vulnerabilidad Baja,1,1.525552408,1,1,1.776038647,1,1,1,sotap,4,average,jefatura_femenina,si,espanol_uno_mas_adultos,adultos_ninguno_analfabeta,,0,0,3.741369748,5.532745347,2.265783208,9.21646683684858,EXCLUSION,,
2024-02,No Elegible,Vulnerabilidad Moderada,1,2.051104816,1,1,1.776038647,2.117608696,1.790108696,1,fupal,1,low,,,espanol_uno_mas_adultos,adultos_ninguno_analfabeta,,0,0,6.609317356,21.88512181,2.807542403,28.0028485028658,EXCLUSION,,
2024-02,No Elegible,Vulnerabilidad Elevada,1,1,2.578385269,1,1.776038647,2.823478261,1.790108696,1.043888889,sotap,2,low,jefatura_masculina,no,espanol_uno_mas_adultos,adultos_ninguno_analfabeta,-500,0,0,8.975915299,26.85846924,3.016791609,35.2589060706247,EXCLUSION,,
2023-08,No Elegible por Intenciones,Vulnerabilidad Baja,1,1,1,1,1.776038647,1.498900966,2.580217391,1.043888889,foten,2,average,jefatura_masculina,no,espanol_ningun_adulto,adultos_ninguno_analfabeta,,0,0,0,22.80125306,2.636379315,22.0674859352761,EXCLUSION,,
2024-02,No Elegible,Vulnerabilidad Baja,1,2.051104816,1,1,1.776038647,1.498900966,1.790108696,1,sotap,3,low,jefatura_masculina,no,espanol_uno_mas_adultos,adultos_ninguno_analfabeta,-500,0,-500,6.609317356,17.10850297,2.674227738,23.3799460337559,EXCLUSION,,
2024-05,No Elegible,Vulnerabilidad Moderada,1,1,1,1,1.776038647,2.117608696,2.580217391,1,foten,1,low,,,espanol_uno_mas_adultos,adultos_ninguno_analfabeta,,0,0,0,27.40879931,2.764975192,26.5267567394049,EXCLUSION,,
2023-07,Lista de Reserva,Vulnerabilidad Baja,1,1,1,1,1.776038647,1,1,1.043888889,sotap,1,low,,,espanol_uno_mas_adultos,adultos_ninguno_analfabeta,0,0,0,0,5.979299062,2.166881278,5.78687923888578,EXCLUSION,,
2023-07,Lista de Reserva,Vulnerabilidad Moderada,2.700708215,1,2.578385269,1,1,1,2.580217391,1,sotap,1,low,,,espanol_uno_mas_adultos,adultos_uno_mas_analfabeta,500,0,0,20.97871872,9.580889352,2.891851162,30.9264016188916,EXCLUSION,,
2024-03,No Elegible,Vulnerabilidad Baja,1,1,2.578385269,1,1,1,1,1,sotap,5,low,jefatura_masculina,no,espanol_uno_mas_adultos,adultos_ninguno_analfabeta,,0,0,8.975915299,0,2.267176041,9.26476922923712,EXCLUSION,,
2023-07,No Elegible,Vulnerabilidad Elevada,1,1,2.578385269,1,1.776038647,2.823478261,1.790108696,1,sotap,2,complete,jefatura_femenina,si,espanol_uno_mas_adultos,adultos_ninguno_analfabeta,0,0,0,8.975915299,26.18890898,2.998104289,34.6108929293517,EXCLUSION,,
2024-01,No Elegible,Vulnerabilidad Baja,1,1,1,1,1.776038647,1.498900966,2.580217391,1,fomon,1,low,,,espanol_uno_mas_adultos,adultos_ninguno_analfabeta,0,0,0,0,22.17502718,2.618901451,21.4614126303204,EXCLUSION,,
2024-04,No Elegible,Vulnerabilidad Baja,1,1,1,1,1.776038647,1.498900966,1,1,sotap,1,low,,,espanol_uno_mas_adultos,adultos_ninguno_analfabeta,0,0,0,0,9.93697889,2.277339487,9.61719697234091,EXCLUSION,,
2023-10,Elegible,Vulnerabilidad Elevada,1,1,2.578385269,1.564135978,1.776038647,1.498900966,2.580217391,1.738466184,sotap,2,average,jefatura_masculina,no,espanol_uno_mas_adultos,adultos_ninguno_analfabeta,,0,0,14.01324416,30.77500505,3.276042034,44.2488389827989,INCLUSION,,
2024-01,Lista de Reserva,Vulnerabilidad Baja,1,1,1,1,1.776038647,1.498900966,1.790108696,1,sotap,3,average,jefatura_femenina,no,espanol_uno_mas_adultos,adultos_ninguno_analfabeta,0,0,0,0,17.10850297,2.477495573,16.5579342359224,EXCLUSION,,
2024-02,No Elegible,Vulnerabilidad Elevada,1,1,2.578385269,1,1.776038647,2.823478261,1.790108696,1.043888889,sotap,2,low,jefatura_masculina,no,espanol_uno_mas_adultos,adultos_ninguno_analfabeta,,0,0,8.975915299,26.85846924,3.016791609,35.2589060706247,EXCLUSION,,
2023-06,No Elegible por Duplicidad,Vulnerabilidad Baja,1,1,1,1,1.776038647,2.823478261,1,1.043888889,fupal,1,low,,,espanol_uno_mas_adultos,adultos_ninguno_analfabeta,,0,0,0,18.36611881,2.51259543,17.7750787405754,EXCLUSION,,
2024-05,No Elegible,Vulnerabilidad Elevada,1,1,1,1,1.776038647,2.823478261,2.580217391,1.738466184,foten,4,average,jefatura_masculina,no,espanol_uno_mas_adultos,adultos_ninguno_analfabeta,,0,0,0,42.19960637,3.177784244,40.841580837407,EXCLUSION,,
2024-02,No Elegible,Vulnerabilidad Severa,2.700708215,2.051104816,2.578385269,1,1.776038647,2.823478261,1.790108696,1,sotap,1,low,,,espanol_uno_mas_adultos,adultos_ninguno_analfabeta,,0,0,31.71522481,26.18890898,3.674959905,58.0819761597252,EXCLUSION,,
2024-05,No Elegible,Vulnerabilidad Elevada,1,1,2.578385269,1,1.776038647,2.823478261,2.580217391,1.738466184,foten,7,high,jefatura_masculina,no,espanol_uno_mas_adultos,adultos_ninguno_analfabeta,0,0,0,8.975915299,42.19960637,3.444960285,50.1063500666442,EXCLUSION,,
2023-10,No Elegible,Vulnerabilidad Baja,1,1,1,1,1.776038647,1,1.790108696,1,sotap,1,low,,,espanol_uno_mas_adultos,adultos_ninguno_analfabeta,,0,0,0,12.01413641,2.33531262,11.6275094861898,EXCLUSION,,
2023-07,No Elegible,Vulnerabilidad Elevada,2.700708215,1,3.251728045,1,1.776038647,1.498900966,1.790108696,1.043888889,fupal,7,average,jefatura_femenina,no,espanol_uno_mas_adultos,adultos_ninguno_analfabeta,,0,0,24.2379543,17.68003002,3.214910903,42.1290248812547,EXCLUSION,,
2023-12,Lista de Reserva,Vulnerabilidad Elevada,1,1,2.578385269,1,1.776038647,2.823478261,2.580217391,1,fupal,3,low,jefatura_masculina,no,espanol_ningun_adulto,adultos_uno_mas_analfabeta,,0,0,8.975915299,32.12448674,3.163765312,40.3554578614572,EXCLUSION,,
2024-03,No Elegible,Vulnerabilidad Elevada,1,1,2.578385269,1,1.776038647,2.823478261,2.580217391,1.043888889,foten,5,high,jefatura_masculina,no,espanol_uno_mas_adultos,adultos_ninguno_analfabeta,,0,0,8.975915299,32.85812825,3.184241129,41.0654900540239,EXCLUSION,,
2023-10,No Elegible,Vulnerabilidad Baja,1,1,1,1,1,2.117608696,1.790108696,1,foten,1,low,,,espanol_uno_mas_adultos,adultos_ninguno_analfabeta,,0,0,0,14.16503897,2.395343965,13.7091938509064,EXCLUSION,,
2023-12,No Elegible,Vulnerabilidad Moderada,1,1,1,1,1.776038647,2.117608696,2.580217391,1,fupal,1,low,,,espanol_uno_mas_adultos,adultos_ninguno_analfabeta,,0,0,0,27.40879931,2.764975192,26.5267567394049,EXCLUSION,,
2023-08,Elegible,Vulnerabilidad Severa,2.700708215,1,1.249197356,1,1.776038647,2.823478261,2.580217391,2.544987923,sotap,2,complete,jefatura_femenina,si,espanol_uno_mas_adultos,adultos_ninguno_analfabeta,,0,0,11.93561888,50,3.750766209,60.7106690311773,INCLUSION,,
2024-05,No Elegible,Vulnerabilidad Baja,1,1,3.251728045,1,1.776038647,1,1.790108696,1.043888889,sotap,1,low,,,espanol_uno_mas_adultos,adultos_ninguno_analfabeta,0,0,0,11.51832969,12.53066404,2.692582072,24.0164157982827,EXCLUSION,,
2024-05,No Elegible,Vulnerabilidad Baja,1,1.525552408,1,1,1,1.498900966,1,1,pcr_cdmx,1,low,,,espanol_uno_mas_adultos,adultos_ninguno_analfabeta,,0,0,3.741369748,3.815111519,2.217844323,7.55410818306745,EXCLUSION,,
2024-01,Elegible,Vulnerabilidad Elevada,1,1,2.578385269,1,1.776038647,2.823478261,2.580217391,1.043888889,sotap,5,average,jefatura_femenina,no,espanol_uno_mas_adultos,adultos_ninguno_analfabeta,,0,0,8.975915299,32.85812825,3.184241129,41.0654900540239,INCLUSION,,
2023-06,Lista de Reserva,Vulnerabilidad Baja,2.700708215,1,1,1,1.776038647,1.498900966,1,1,sotap,1,low,,,espanol_uno_mas_adultos,adultos_ninguno_analfabeta,,0,0,9.472088355,9.93697889,2.559284556,19.3941066026932,EXCLUSION,,
2024-01,No Elegible,Vulnerabilidad Elevada,1,1,2.578385269,1,1,2.117608696,2.580217391,1.738466184,sotap,4,average,jefatura_masculina,si,espanol_uno_mas_adultos,adultos_ninguno_analfabeta,,0,0,8.975915299,27.07165714,3.022741649,35.4652333708148,EXCLUSION,,
2024-01,Elegible,Vulnerabilidad Elevada,2.700708215,1,1.249197356,1,1.776038647,2.117608696,2.580217391,1.043888889,sotap,5,average,jefatura_masculina,no,espanol_uno_mas_adultos,adultos_uno_mas_analfabeta,,0,0,11.93561888,28.09152966,3.139304316,39.5072351751888,INCLUSION,,
2024-05,Elegible,Vulnerabilidad Baja,1,1,1,1,1.776038647,1,2.580217391,1,pcr_cdmx,1,low,,,espanol_uno_mas_adultos,adultos_ninguno_analfabeta,,0,0,0,16.59309681,2.46311067,16.0591143615574,INCLUSION,,
2024-04,Lista de Reserva,Vulnerabilidad Moderada,2.070141643,2.051104816,1,1,1.776038647,1,1.790108696,1,sotap,1,low,,,espanol_uno_mas_adultos,adultos_ninguno_analfabeta,-500,0,0,14.63015408,12.01413641,2.770792068,26.7284765546383,EXCLUSION,,
2023-11,No Elegible,Vulnerabilidad Moderada,2.700708215,1,2.578385269,1,1,1.498900966,1,1,sotap,1,low,,,espanol_ningun_adulto,adultos_uno_mas_analfabeta,0,0,0,20.97871872,3.815111519,2.730929228,25.3461722823354,EXCLUSION,,
2023-10,No Elegible,Vulnerabilidad Moderada,1,1.525552408,1,1,1.776038647,2.117608696,1.790108696,1,sotap,1,low,,,espanol_ningun_adulto,adultos_uno_mas_analfabeta,,0,0,3.741369748,21.88512181,2.722175411,25.0426074728928,EXCLUSION,,
2024-02,Elegible,Vulnerabilidad Baja,2.700708215,1,1,1,1,1.498900966,1,1,sotap,7,low,jefatura_masculina,no,espanol_uno_mas_adultos,adultos_ninguno_analfabeta,0,0,0,9.472088355,3.815111519,2.38842422,13.4692470455593,INCLUSION,,
2024-05,No Elegible,Vulnerabilidad Moderada,1,2.051104816,1,1,1.776038647,1.498900966,2.580217391,1,sotap,4,average,jefatura_masculina,no,espanol_uno_mas_adultos,adultos_ninguno_analfabeta,0,0,0,6.609317356,22.17502718,2.815633615,28.2834244281539,EXCLUSION,,
2024-01,Lista de Reserva,Vulnerabilidad Baja,1,1,1,1,1.776038647,1.498900966,2.580217391,1.043888889,sotap,4,average,jefatura_femenina,si,espanol_uno_mas_adultos,adultos_ninguno_analfabeta,0,0,0,0,22.80125306,2.636379315,22.0674859352761,EXCLUSION,,
2024-06,No Elegible,Vulnerabilidad Baja,1,1,1,1,1.776038647,1.498900966,1,1,sotap,4,average,jefatura_masculina,no,espanol_uno_mas_adultos,adultos_ninguno_analfabeta,0,0,0,0,9.93697889,2.277339487,9.61719697234091,EXCLUSION,,
2024-05,No Elegible,Vulnerabilidad Baja,1,1,1,1,1.776038647,1.498900966,2.580217391,1,sotap,1,low,,,espanol_uno_mas_adultos,adultos_ninguno_analfabeta,0,0,-500,0,22.17502718,2.618901451,21.4614126303204,EXCLUSION,,
2024-04,No Elegible,Vulnerabilidad Elevada,1,1,2.578385269,1,1.776038647,2.823478261,2.580217391,1,sotap,1,low,,,espanol_uno_mas_adultos,adultos_ninguno_analfabeta,0,0,0,8.975915299,32.12448674,3.163765312,40.3554578614572,EXCLUSION,,
2024-01,Lista de Reserva,Vulnerabilidad Baja,1,1,1,1,1.776038647,1.498900966,1.790108696,1,fupal,2,average,jefatura_femenina,si,espanol_uno_mas_adultos,adultos_ninguno_analfabeta,,0,0,0,17.10850297,2.477495573,16.5579342359224,EXCLUSION,,
2024-02,Elegible,Vulnerabilidad Elevada,2.700708215,1,2.578385269,1,1.776038647,2.117608696,1.790108696,1,sotap,1,low,,,espanol_uno_mas_adultos,adultos_ninguno_analfabeta,0,0,0,20.97871872,21.88512181,3.235260316,42.8346715721607,INCLUSION,,
2023-12,Lista de Reserva,Vulnerabilidad Elevada,2.070141643,1,1,1,1.776038647,2.117608696,2.580217391,1.043888889,sotap,3,average,jefatura_femenina,si,espanol_uno_mas_adultos,adultos_ninguno_analfabeta,0,0,0,6.702282231,28.09152966,2.983529432,34.1054845194874,EXCLUSION,,
2023-09,No Elegible,Vulnerabilidad Elevada,1,1,1,1,1.776038647,2.823478261,2.580217391,1.043888889,sotap,2,average,jefatura_femenina,si,espanol_ningun_adulto,adultos_uno_mas_analfabeta,0,0,0,0,32.85812825,2.917065088,31.8007208247868,EXCLUSION,,
2023-09,No Elegible,Vulnerabilidad Baja,2.700708215,1,1,1,1,1.498900966,1,1,sotap,1,low,,,espanol_uno_mas_adultos,adultos_ninguno_analfabeta,0,0,0,9.472088355,3.815111519,2.38842422,13.4692470455593,EXCLUSION,,
2023-10,No Elegible,Vulnerabilidad Elevada,2.700708215,1,1.249197356,1,1.776038647,2.117608696,1.790108696,1.043888889,foten,2,average,jefatura_masculina,no,espanol_uno_mas_adultos,adultos_ninguno_analfabeta,0,0,0,11.93561888,22.50821784,2.983474979,34.1035999128682,EXCLUSION,,
2024-02,Lista de Reserva,Vulnerabilidad Severa,2.070141643,1,2.578385269,1,1.776038647,2.117608696,2.580217391,2.544987923,sotap,3,complete,jefatura_femenina,si,espanol_uno_mas_adultos,adultos_ninguno_analfabeta,,0,0,17.46888676,44.04383881,3.749233307,60.657517038079,EXCLUSION,,
2023-09,Lista de Reserva,Vulnerabilidad Baja,1,1,1,1,1.776038647,1,1.790108696,1,pcr_cdmx,3,low,jefatura_masculina,no,espanol_uno_mas_adultos,adultos_ninguno_analfabeta,-500,0,0,0,12.01413641,2.33531262,11.6275094861898,EXCLUSION,,
2024-01,Elegible,Vulnerabilidad Elevada,1,1.525552408,2.578385269,1,1.776038647,2.117608696,1.790108696,1,foten,2,average,jefatura_masculina,no,espanol_uno_mas_adultos,adultos_ninguno_analfabeta,,0,0,13.7168894,21.88512181,3.019105558,35.3391493228138,INCLUSION,,
2023-12,Elegible,Vulnerabilidad Elevada,2.700708215,1,3.251728045,1,1.776038647,2.117608696,1.790108696,1,sotap,4,average,jefatura_masculina,no,espanol_uno_mas_adultos,adultos_ninguno_analfabeta,,0,0,24.2379543,21.88512181,3.33227434,46.1987926123607,INCLUSION,,
2023-12,Elegible,Vulnerabilidad Elevada,2.070141643,2.051104816,1,1,1.776038647,1.498900966,2.580217391,1.043888889,sotap,2,low,jefatura_masculina,no,espanol_uno_mas_adultos,adultos_ninguno_analfabeta,0,0,0,14.63015408,22.80125306,3.071858763,37.1684530037246,INCLUSION,,
2024-06,No Elegible,Vulnerabilidad Elevada,2.700708215,1,3.251728045,1,1.776038647,2.823478261,1.790108696,1,fusal,5,high,jefatura_masculina,no,espanol_uno_mas_adultos,adultos_ninguno_analfabeta,0,0,0,24.2379543,26.18890898,3.45239235,50.3640796074429,EXCLUSION,,
2024-01,Elegible,Vulnerabilidad Elevada,1,1,1,1,1.776038647,2.823478261,2.580217391,1.043888889,sotap,4,average,jefatura_masculina,no,espanol_ningun_adulto,adultos_uno_mas_analfabeta,0,0,0,0,32.85812825,2.917065088,31.8007208247868,INCLUSION,,
2023-12,No Elegible,Vulnerabilidad Baja,1,1,1,1,1.776038647,2.117608696,1.790108696,1,sotap,1,low,,,espanol_uno_mas_adultos,adultos_ninguno_analfabeta,0,0,-500,0,21.88512181,2.610810239,21.1808367050324,EXCLUSION,,
2023-10,Lista de Reserva,Vulnerabilidad Baja,1,1,1,1,1,1,1.790108696,1,fomon,1,low,,,espanol_uno_mas_adultos,adultos_ninguno_analfabeta,,0,0,0,5.614422911,2.156697643,5.43374516730111,EXCLUSION,,
2024-06,No Elegible por Duplicidad,Vulnerabilidad Elevada,2.700708215,1,2.578385269,1,1.776038647,2.823478261,1.790108696,1,sotap,2,complete,jefatura_femenina,si,espanol_uno_mas_adultos,adultos_ninguno_analfabeta,0,0,0,20.97871872,26.18890898,3.355378326,46.9999585672429,EXCLUSION,,
2023-11,No Elegible,Vulnerabilidad Moderada,1,1,1,1,1.776038647,2.117608696,2.580217391,1.043888889,fupal,3,low,jefatura_masculina,no,espanol_uno_mas_adultos,adultos_ninguno_analfabeta,,0,0,0,28.09152966,2.784030087,27.1875161440115,EXCLUSION,,
2024-03,No Elegible,Vulnerabilidad Baja,1,1,1,1,1.776038647,2.117608696,1.790108696,1,sotap,1,low,,,espanol_uno_mas_adultos,adultos_ninguno_analfabeta,0,0,0,0,21.88512181,2.610810239,21.1808367050324,EXCLUSION,,
2024-02,No Elegible por Duplicidad,Vulnerabilidad Baja,1,1,1,1,1,1,1,1,sotap,1,low,,,espanol_uno_mas_adultos,adultos_ninguno_analfabeta,0,0,0,0,0,2,0,EXCLUSION,,
2023-07,Lista de Reserva,Vulnerabilidad Baja,2.070141643,2.051104816,1,1,1,1,1.790108696,1.043888889,sotap,4,average,jefatura_femenina,no,espanol_uno_mas_adultos,adultos_ninguno_analfabeta,0,0,0,14.63015408,6.061858428,2.604664944,20.967748830377,EXCLUSION,,
2024-04,No Elegible,Vulnerabilidad Moderada,1,1,1,1,1.776038647,2.823478261,1.790108696,1,sotap,1,low,,,espanol_uno_mas_adultos,adultos_ninguno_analfabeta,0,0,0,0,26.18890898,2.730928248,25.3461237001146,EXCLUSION,,
2024-04,No Elegible,Vulnerabilidad Moderada,1,1,1,1,1.776038647,2.823478261,2.580217391,1,sotap,3,average,jefatura_masculina,no,espanol_uno_mas_adultos,adultos_ninguno_analfabeta,0,0,0,0,32.12448674,2.896589272,31.0906886322201,EXCLUSION,,
2024-06,Elegible,Vulnerabilidad Baja,1,1,1,1,1.776038647,2.117608696,1.790108696,1,sotap,1,low,,,espanol_ningun_adulto,adultos_uno_mas_analfabeta,,0,0,0,21.88512181,2.610810239,21.1808367050324,INCLUSION,,
2024-06,Lista de Reserva,Vulnerabilidad Elevada,1,1,2.578385269,1,1.776038647,2.823478261,2.580217391,1.738466184,sotap,4,average,jefatura_masculina,si,espanol_uno_mas_adultos,adultos_ninguno_analfabeta,,0,0,8.975915299,42.19960637,3.444960285,50.1063500666442,EXCLUSION,,
2023-10,No Elegible,Vulnerabilidad Severa,2.700708215,2.051104816,3.251728045,1,1.776038647,2.823478261,2.580217391,1.043888889,sotap,2,complete,jefatura_femenina,si,espanol_uno_mas_adultos,adultos_uno_mas_analfabeta,,0,0,35.61565687,32.85812825,3.977196548,68.5625251485202,EXCLUSION,,
2023-10,No Elegible,Vulnerabilidad Baja,1,1,1,1,1.776038647,2.117608696,1.790108696,1,pcr_cdmx,1,low,,,espanol_uno_mas_adultos,adultos_ninguno_analfabeta,0,0,0,0,21.88512181,2.610810239,21.1808367050324,EXCLUSION,,
2024-07,No Elegible,Vulnerabilidad Baja,1,1,1,1.564135978,1,2.117608696,1,1,sotap,3,low,jefatura_masculina,no,espanol_uno_mas_adultos,adultos_ninguno_analfabeta,,0,0,3.975239986,7.392265486,2.32464347,11.2575421743845,EXCLUSION,,
2024-07,Lista de Reserva,Vulnerabilidad Elevada,2.070141643,1,1,1,1.776038647,1.498900966,2.580217391,2.544987923,fupal,4,low,jefatura_masculina,no,espanol_uno_mas_adultos,adultos_ninguno_analfabeta,,0,0,6.702282231,37.43330939,3.244257006,43.1466364359962,EXCLUSION,,
2023-09,No Elegible,Vulnerabilidad Moderada,1,1,1,1,1.776038647,2.117608696,2.580217391,1,sotap,1,low,,,espanol_uno_mas_adultos,adultos_ninguno_analfabeta,0,0,0,0,27.40879931,2.764975192,26.5267567394049,EXCLUSION,,
2023-10,Lista de Reserva,Vulnerabilidad Severa,2.700708215,2.051104816,2.578385269,1,1.776038647,2.823478261,2.580217391,2.544987923,foten,2,average,jefatura_femenina,si,espanol_uno_mas_adultos,adultos_uno_mas_analfabeta,,0,0,31.71522481,50,4.339523636,81.1268024596106,EXCLUSION,,
2023-08,Lista de Reserva,Vulnerabilidad Elevada,1,2.051104816,1,1,1.776038647,2.823478261,2.580217391,1,sotap,4,complete,jefatura_femenina,si,espanol_uno_mas_adultos,adultos_ninguno_analfabeta,,-500,-500,6.609317356,32.12448674,3.093321436,37.9127004300535,EXCLUSION,,
2023-06,Elegible,Vulnerabilidad Moderada,1,1.525552408,1,1,1.776038647,2.117608696,1.790108696,1,fupal,2,average,jefatura_masculina,si,espanol_uno_mas_adultos,adultos_ninguno_analfabeta,,0,0,3.741369748,21.88512181,2.722175411,25.0426074728928,INCLUSION,,
2024-05,No Elegible,Vulnerabilidad Moderada,1,1,1,1,1.776038647,2.823478261,2.580217391,1,sotap,1,low,,,espanol_uno_mas_adultos,adultos_ninguno_analfabeta,0,0,0,0,32.12448674,2.896589272,31.0906886322201,EXCLUSION,,
2024-04,Lista de Reserva,Vulnerabilidad Baja,1,1.525552408,1,1,1.776038647,1,1.790108696,1.043888889,foten,3,average,jefatura_masculina,no,espanol_uno_mas_adultos,adultos_ninguno_analfabeta,,0,0,3.741369748,12.53066404,2.461093996,15.9891855083891,EXCLUSION,,
2024-05,No Elegible por Intenciones,Vulnerabilidad Baja,1,1,1,1,1.776038647,1,1,1.043888889,pcr_cdmx,1,low,,,espanol_uno_mas_adultos,adultos_ninguno_analfabeta,0,0,0,0,5.979299062,2.166881278,5.78687923888578,EXCLUSION,,
2024-07,No Elegible,Vulnerabilidad Baja,1,1,3.251728045,1,1,1,1.790108696,1.043888889,sotap,1,low,,,espanol_uno_mas_adultos,adultos_ninguno_analfabeta,,0,0,11.51832969,6.061858428,2.512038745,17.7557828196824,EXCLUSION,,
2024-02,No Elegible,Vulnerabilidad Baja,1,1,1,1,1.776038647,1,2.580217391,1.043888889,sotap,1,low,,,espanol_uno_mas_adultos,adultos_ninguno_analfabeta,0,0,0,0,17.15905947,2.478906597,16.6068637771959,EXCLUSION,,
2023-11,Lista de Reserva,Vulnerabilidad Moderada,1,1,1,1,1.776038647,2.823478261,1.790108696,1,foten,1,low,,,espanol_uno_mas_adultos,adultos_ninguno_analfabeta,,0,0,0,26.18890898,2.730928248,25.3461237001146,EXCLUSION,,
2024-05,Lista de Reserva,Vulnerabilidad Moderada,2.700708215,1,1.249197356,1,1.776038647,1,2.580217391,1.043888889,pcr_cdmx,1,low,,,espanol_ningun_adulto,adultos_ninguno_analfabeta,0,0,0,11.93561888,17.15905947,2.834180827,28.9265828083732,EXCLUSION,,
2024-02,No Elegible,Vulnerabilidad Elevada,1,1,2.578385269,1,1.776038647,2.117608696,2.580217391,1.043888889,sotap,2,average,jefatura_femenina,si,espanol_ningun_adulto,adultos_uno_mas_analfabeta,,0,0,8.975915299,28.09152966,3.051206127,36.4522853732487,EXCLUSION,,
2023-07,Lista de Reserva,Vulnerabilidad Baja,1,1,1,1,1.776038647,1.498900966,1.790108696,1,sotap,4,average,jefatura_masculina,no,espanol_uno_mas_adultos,adultos_ninguno_analfabeta,0,0,0,0,17.10850297,2.477495573,16.5579342359224,EXCLUSION,,
2023-06,No Elegible,Vulnerabilidad Elevada,2.070141643,1,1,1,1.776038647,2.823478261,1.790108696,1.043888889,fupal,3,average,jefatura_femenina,no,espanol_uno_mas_adultos,adultos_ninguno_analfabeta,-500,0,0,6.702282231,26.85846924,2.949114914,32.9121052168634,EXCLUSION,,
2023-10,Elegible,Vulnerabilidad Elevada,1,1,2.578385269,1,1.776038647,2.823478261,1.790108696,1.043888889,sotap,2,average,jefatura_femenina,si,espanol_uno_mas_adultos,adultos_ninguno_analfabeta,-500,0,0,8.975915299,26.85846924,3.016791609,35.2589060706247,INCLUSION,,
2024-01,No Elegible,Vulnerabilidad Baja,1,1,1,1,1.776038647,1,1.790108696,1,sotap,6,average,jefatura_masculina,no,espanol_uno_mas_adultos,adultos_ninguno_analfabeta,,0,0,0,12.01413641,2.33531262,11.6275094861898,EXCLUSION,,
2024-06,No Elegible,Vulnerabilidad Severa,2.070141643,2.051104816,2.578385269,1,1.776038647,2.823478261,2.580217391,2.544987923,sotap,2,complete,jefatura_femenina,si,espanol_uno_mas_adultos,adultos_ninguno_analfabeta,,0,0,27.51489601,50,4.214497142,76.7913028784978,EXCLUSION,,
2024-02,No Elegible,Vulnerabilidad Moderada,1,1,1,1,1.776038647,2.823478261,2.580217391,1,futij,1,low,,,espanol_ningun_adulto,adultos_ninguno_analfabeta,0,0,0,0,32.12448674,2.896589272,31.0906886322201,EXCLUSION,,
2024-03,No Elegible,Vulnerabilidad Elevada,1,1,3.251728045,1,1.776038647,1.498900966,2.580217391,1.043888889,fupal,4,average,jefatura_femenina,si,espanol_uno_mas_adultos,adultos_ninguno_analfabeta,,0,0,11.51832969,22.80125306,2.979232564,33.95648699303,EXCLUSION,,
2024-01,No Elegible,Vulnerabilidad Baja,1,1,1,1,1,1,1.790108696,1.043888889,foten,1,low,,,espanol_uno_mas_adultos,adultos_ninguno_analfabeta,0,0,0,0,6.061858428,2.169185496,5.86678176192853,EXCLUSION,,
2023-10,No Elegible,Vulnerabilidad Baja,1,1,1,1,1.776038647,2.117608696,1.790108696,1.043888889,sotap,1,low,,,espanol_uno_mas_adultos,adultos_ninguno_analfabeta,,0,-500,0,22.50821784,2.628200749,21.783880881691,EXCLUSION,,
2024-03,Elegible,Vulnerabilidad Elevada,2.700708215,1,3.251728045,1,1.776038647,2.117608696,2.580217391,1,sotap,1,low,,,espanol_uno_mas_adultos,adultos_ninguno_analfabeta,,0,0,24.2379543,27.40879931,3.486439293,51.5447126467332,INCLUSION,,
2024-04,No Elegible,Vulnerabilidad Moderada,2.070141643,1,1,1,1.776038647,2.117608696,1.790108696,1.043888889,fupal,2,average,jefatura_masculina,si,espanol_uno_mas_adultos,adultos_ninguno_analfabeta,,0,0,6.702282231,22.50821784,2.827700095,28.7018492571668,EXCLUSION,,
2024-02,Lista de Reserva,Vulnerabilidad Baja,1.599560907,1,1,1,1,2.117608696,1.790108696,1,sotap,1,low,,,espanol_uno_mas_adultos,adultos_ninguno_analfabeta,0,0,0,4.186184624,14.16503897,2.519949445,18.0300940822914,EXCLUSION,,
2024-04,No Elegible,Vulnerabilidad Baja,1,1,1,1,1,1.498900966,1,1,sotap,3,low,jefatura_masculina,no,espanol_uno_mas_adultos,adultos_ninguno_analfabeta,,0,0,0,3.815111519,2.10647915,3.69233741520706,EXCLUSION,,
2024-02,No Elegible,Vulnerabilidad Elevada,1,1,1,1,1.776038647,2.823478261,2.580217391,1.043888889,sotap,1,low,,,espanol_uno_mas_adultos,adultos_uno_mas_analfabeta,,0,0,0,32.85812825,2.917065088,31.8007208247868,EXCLUSION,,
2023-11,No Elegible,Vulnerabilidad Baja,1,1,1,1,1.776038647,2.117608696,1.790108696,1,sotap,4,average,jefatura_masculina,no,espanol_uno_mas_adultos,adultos_ninguno_analfabeta,,0,0,0,21.88512181,2.610810239,21.1808367050324,EXCLUSION,,
2023-09,No Elegible,Vulnerabilidad Baja,2.700708215,1,1.249197356,1,1,1.498900966,1.790108696,1,sotap,1,low,,,espanol_uno_mas_adultos,adultos_ninguno_analfabeta,-500,0,0,11.93561888,10.02735341,2.635136055,22.0243821810901,EXCLUSION,,
2024-02,Lista de Reserva,Vulnerabilidad Baja,2.700708215,1,1,1,1.776038647,1,1.790108696,1,sotap,3,low,jefatura_femenina,si,espanol_uno_mas_adultos,adultos_ninguno_analfabeta,,0,0,9.472088355,12.01413641,2.61725769,21.404419116542,EXCLUSION,,
2023-06,No Elegible,Vulnerabilidad Baja,1,1,1,1.564135978,1.776038647,1.498900966,1.790108696,1,sotap,1,low,,,espanol_uno_mas_adultos,adultos_ninguno_analfabeta,,0,0,3.975239986,17.10850297,2.5958221,20.6611014199119,EXCLUSION,,
2024-01,Lista de Reserva,Vulnerabilidad Elevada,1,1,2.578385269,1,1.776038647,2.117608696,2.580217391,1.043888889,sotap,4,average,jefatura_femenina,si,espanol_uno_mas_adultos,adultos_ninguno_analfabeta,,0,0,8.975915299,28.09152966,3.051206127,36.4522853732487,EXCLUSION,,
2023-09,Lista de Reserva,Vulnerabilidad Baja,1,1,1,1,1,1.498900966,1.790108696,1,sotap,1,low,,,espanol_uno_mas_adultos,adultos_ninguno_analfabeta,0,0,0,0,10.02735341,2.279861825,9.70466314991279,EXCLUSION,,
2024-06,No Elegible,Vulnerabilidad Moderada,2.070141643,1,1,1,1.776038647,1.498900966,2.580217391,1,fupal,1,low,,,espanol_uno_mas_adultos,adultos_ninguno_analfabeta,,0,0,6.702282231,22.17502718,2.818400797,28.3793810057962,EXCLUSION,,
2024-05,Elegible,Vulnerabilidad Baja,2.070141643,1,2.578385269,1,1,1,1.790108696,1.043888889,sotap,1,low,,,espanol_uno_mas_adultos,adultos_ninguno_analfabeta,0,0,0,17.46888676,6.061858428,2.689162328,23.8978347667521,INCLUSION,,
2023-07,Lista de Reserva,Vulnerabilidad Elevada,2.070141643,1,1,1,1.776038647,2.823478261,2.580217391,1.043888889,,5,average,jefatura_masculina,no,espanol_uno_mas_adultos,adultos_ninguno_analfabeta,0,0,0,6.702282231,32.85812825,3.116564434,38.7186892002626,EXCLUSION,,
2023-07,Lista de Reserva,Vulnerabilidad Elevada,1,1,2.578385269,1,1.776038647,2.117608696,2.580217391,1.043888889,sotap,4,complete,jefatura_femenina,si,espanol_uno_mas_adultos,adultos_ninguno_analfabeta,0,0,0,8.975915299,28.09152966,3.051206127,36.4522853732487,EXCLUSION,,
2023-07,Lista de Reserva,Vulnerabilidad Moderada,1,1.525552408,1,1,1.776038647,2.117608696,1.790108696,1,foten,2,average,jefatura_masculina,si,espanol_uno_mas_adultos,adultos_ninguno_analfabeta,,0,0,3.741369748,21.88512181,2.722175411,25.0426074728928,EXCLUSION,,
2024-04,No Elegible,Vulnerabilidad Moderada,2.700708215,1,2.578385269,1,1,1,1.790108696,1.043888889,fupal,1,low,,,espanol_uno_mas_adultos,adultos_ninguno_analfabeta,,0,0,20.97871872,6.061858428,2.793635574,27.5206166290569,EXCLUSION,,
2024-04,No Elegible por Intenciones,Vulnerabilidad Severa,2.700708215,1,3.251728045,1.564135978,1.776038647,2.823478261,1.790108696,1.043888889,foten,2,average,jefatura_masculina,si,espanol_uno_mas_adultos,adultos_uno_mas_analfabeta,0,0,0,31.08118723,26.85846924,3.674774537,58.0755477576362,EXCLUSION,,
2024-01,Elegible,Vulnerabilidad Baja,1,1,2.578385269,1,1,1,1.790108696,1,sotap,6,average,jefatura_femenina,si,espanol_uno_mas_adultos,adultos_ninguno_analfabeta,,0,0,8.975915299,5.614422911,2.423873683,14.6985143965382,INCLUSION,,
2023-07,Lista de Reserva,Vulnerabilidad Moderada,1,1,2.578385269,1,1.776038647,2.117608696,1.790108696,1,sotap,3,average,jefatura_masculina,no,espanol_uno_mas_adultos,adultos_ninguno_analfabeta,0,0,0,8.975915299,21.88512181,2.877986279,30.4456059342695,EXCLUSION,,
2024-01,Elegible,Vulnerabilidad Baja,1,2.051104816,1,1,1.776038647,2.823478261,1,1,fomon,1,low,,,espanol_ningun_adulto,adultos_ninguno_analfabeta,,0,0,6.609317356,17.78726377,2.693171842,24.0368636324511,INCLUSION,,
2024-04,Lista de Reserva,Vulnerabilidad Baja,2.700708215,1,1,1,1,1.498900966,1,1,sotap,3,low,jefatura_masculina,no,espanol_ningun_adulto,adultos_ninguno_analfabeta,,0,0,9.472088355,3.815111519,2.38842422,13.4692470455593,EXCLUSION,,
2023-11,Elegible,Vulnerabilidad Baja,1,1,1,1,1,1.498900966,1.790108696,1,sotap,1,low,,,espanol_uno_mas_adultos,adultos_ninguno_analfabeta,,0,0,0,10.02735341,2.279861825,9.70466314991279,INCLUSION,,
2023-11,Elegible,Vulnerabilidad Elevada,2.700708215,2.051104816,1,1,1.776038647,2.823478261,1.790108696,1,foten,2,average,jefatura_femenina,si,espanol_uno_mas_adultos,adultos_ninguno_analfabeta,,0,0,17.94487015,26.18890898,3.265073146,43.8684777164118,INCLUSION,,
2023-08,Lista de Reserva,Vulnerabilidad Elevada,2.700708215,1,3.251728045,1,1,2.117608696,1.790108696,1,foten,2,average,jefatura_masculina,no,espanol_uno_mas_adultos,adultos_ninguno_analfabeta,,0,0,24.2379543,14.16503897,3.116808067,38.7271497582347,EXCLUSION,,
2023-06,No Elegible,Vulnerabilidad Moderada,1,1,1,1,1.776038647,2.823478261,1.790108696,1,sotap,4,average,jefatura_femenina,no,espanol_uno_mas_adultos,adultos_ninguno_analfabeta,,0,0,0,26.18890898,2.730928248,25.3461237001146,EXCLUSION,,
2024-02,Elegible,Vulnerabilidad Baja,1,1,1,1,1.776038647,1,2.580217391,1.043888889,fupal,2,average,jefatura_femenina,si,espanol_uno_mas_adultos,adultos_ninguno_analfabeta,0,0,0,0,17.15905947,2.478906597,16.6068637771959,INCLUSION,,
2023-08,Lista de Reserva,Vulnerabilidad Baja,1,1,3.251728045,1,1.776038647,1,1.790108696,1.043888889,sotap,1,low,,,espanol_uno_mas_adultos,adultos_ninguno_analfabeta,0,0,0,11.51832969,12.53066404,2.692582072,24.0164157982827,EXCLUSION,,
2023-07,Lista de Reserva,Vulnerabilidad Severa,2.700708215,1,3.251728045,1,1.776038647,2.117608696,2.580217391,1.043888889,,1,low,,,espanol_uno_mas_adultos,adultos_uno_mas_analfabeta,0,0,0,24.2379543,28.09152966,3.505494188,52.2054720513398,EXCLUSION,,
2024-04,Lista de Reserva,Vulnerabilidad Moderada,2.700708215,1,1.249197356,1.564135978,1.776038647,1,1.790108696,1,sotap,1,low,,,espanol_ningun_adulto,adultos_ninguno_analfabeta,0,0,-500,17.32315919,12.01413641,2.850951742,29.5081452620832,EXCLUSION,,
2024-03,No Elegible,Vulnerabilidad Baja,1,1,1,1,1,1,1.790108696,1,fomon,4,low,jefatura_masculina,no,espanol_uno_mas_adultos,adultos_ninguno_analfabeta,0,0,0,0,5.614422911,2.156697643,5.43374516730111,EXCLUSION,,
2024-02,No Elegible,Vulnerabilidad Elevada,1,2.051104816,3.251728045,1,1.776038647,1,2.580217391,1,sotap,3,low,jefatura_femenina,si,espanol_uno_mas_adultos,adultos_ninguno_analfabeta,,0,0,20.39367297,16.59309681,3.070146345,37.109076121405,EXCLUSION,,
2024-05,No Elegible,Vulnerabilidad Baja,1,1,1,1,1,2.117608696,1.790108696,1,pcr_cdmx,1,low,,,espanol_uno_mas_adultos,adultos_ninguno_analfabeta,0,0,0,0,14.16503897,2.395343965,13.7091938509064,EXCLUSION,,
2024-01,Lista de Reserva,Vulnerabilidad Moderada,2.700708215,1,1.249197356,1,1.776038647,1.498900966,1.790108696,1,futij,1,low,,,espanol_uno_mas_adultos,adultos_ninguno_analfabeta,,0,0,11.93561888,17.10850297,2.832769803,28.8776532670997,EXCLUSION,,
2023-08,No Elegible,Vulnerabilidad Baja,1,1.525552408,1,1,1.776038647,1.498900966,1.790108696,1,sotap,3,average,jefatura_masculina,no,espanol_uno_mas_adultos,adultos_ninguno_analfabeta,0,0,0,3.741369748,17.10850297,2.588860746,20.4197050037828,EXCLUSION,,
2024-05,No Elegible,Vulnerabilidad Baja,1,1,2.578385269,1,1,2.117608696,1,1,sotap,1,low,,,espanol_uno_mas_adultos,adultos_ninguno_analfabeta,0,0,0,8.975915299,7.392265486,2.473492984,16.4191442196322,EXCLUSION,,
2024-02,No Elegible,Vulnerabilidad Baja,1,1,1,1,1,1.498900966,1,1,sotap,1,low,,,espanol_uno_mas_adultos,adultos_ninguno_analfabeta,,0,0,0,3.815111519,2.10647915,3.69233741520706,EXCLUSION,,
2023-08,Elegible,Vulnerabilidad Elevada,1,2.051104816,1,1,1.776038647,2.823478261,1.790108696,1,sotap,4,average,jefatura_femenina,si,espanol_uno_mas_adultos,adultos_ninguno_analfabeta,,0,0,6.609317356,26.18890898,2.927660413,32.1681354979481,INCLUSION,,
2023-09,No Elegible,Vulnerabilidad Baja,1,1.525552408,1,1,1.776038647,1.498900966,1.790108696,1,sotap,2,average,jefatura_femenina,si,espanol_uno_mas_adultos,adultos_ninguno_analfabeta,0,0,0,3.741369748,17.10850297,2.588860746,20.4197050037828,EXCLUSION,,
2024-06,No Elegible,Vulnerabilidad Severa,2.700708215,1,3.251728045,1,1.776038647,2.823478261,2.580217391,1,sotap,4,complete,jefatura_femenina,si,espanol_uno_mas_adultos,adultos_ninguno_analfabeta,,0,0,24.2379543,32.12448674,3.618053373,56.1086445395484,EXCLUSION,,
2024-03,No Elegible,Vulnerabilidad Moderada,1,1,1,1,1.776038647,2.823478261,1.790108696,1,sotap,1,low,,,espanol_ningun_adulto,adultos_ninguno_analfabeta,,0,0,0,26.18890898,2.730928248,25.3461237001146,EXCLUSION,,
2024-03,No Elegible,Vulnerabilidad Elevada,1,1,2.578385269,1,1.776038647,2.823478261,2.580217391,1.043888889,sotap,6,average,jefatura_femenina,no,espanol_uno_mas_adultos,adultos_ninguno_analfabeta,-500,0,0,8.975915299,32.85812825,3.184241129,41.0654900540239,EXCLUSION,,
2024-02,Elegible,Vulnerabilidad Elevada,1,1,1,1,1.776038647,2.823478261,2.580217391,1.043888889,sotap,2,low,jefatura_masculina,no,espanol_uno_mas_adultos,adultos_uno_mas_analfabeta,0,0,-500,0,32.85812825,2.917065088,31.8007208247868,INCLUSION,,
2023-08,Lista de Reserva,Vulnerabilidad Moderada,2.700708215,1,2.578385269,1,1,1.498900966,1,1,sotap,1,low,,,espanol_ningun_adulto,adultos_ninguno_analfabeta,0,0,0,20.97871872,3.815111519,2.730929228,25.3461722823354,EXCLUSION,,
2024-06,No Elegible,Vulnerabilidad Baja,1,2.051104816,1,1,1.776038647,1,2.580217391,1.043888889,sotap,4,average,jefatura_femenina,si,espanol_uno_mas_adultos,adultos_ninguno_analfabeta,0,0,0,6.609317356,17.15905947,2.675638761,23.4288755750294,EXCLUSION,,
2024-06,Lista de Reserva,Vulnerabilidad Elevada,1,1,2.578385269,1,1.776038647,2.117608696,2.580217391,1,sotap,1,low,,,espanol_uno_mas_adultos,adultos_ninguno_analfabeta,,0,0,8.975915299,27.40879931,3.032151233,35.791525968642,EXCLUSION,,
2024-06,No Elegible,Vulnerabilidad Elevada,2.700708215,1,3.251728045,1,1.776038647,1,1.790108696,1,sotap,3,low,jefatura_femenina,si,espanol_uno_mas_adultos,adultos_ninguno_analfabeta,0,0,0,24.2379543,12.01413641,3.056776721,36.6454653935181,EXCLUSION,,
2024-04,Lista de Reserva,Vulnerabilidad Elevada,1,1,2.578385269,1,1,2.117608696,2.580217391,1.738466184,sotap,4,average,jefatura_masculina,si,espanol_uno_mas_adultos,adultos_ninguno_analfabeta,,0,-500,8.975915299,27.07165714,3.022741649,35.4652333708148,EXCLUSION,,
2023-09,Elegible,Vulnerabilidad Baja,1,1,1,1.564135978,1,2.117608696,1,1.043888889,sotap,4,average,jefatura_femenina,si,espanol_uno_mas_adultos,adultos_ninguno_analfabeta,0,0,0,3.975239986,7.858894815,2.33766702,11.709154904948,INCLUSION,,
2023-10,Lista de Reserva,Vulnerabilidad Baja,1,1,1,1,1,1,2.580217391,1,fupal,1,low,,,espanol_uno_mas_adultos,adultos_ninguno_analfabeta,,0,0,0,9.580889352,2.267401085,9.27256675176329,EXCLUSION,,
2024-04,No Elegible por Intenciones,Vulnerabilidad Baja,1,1,2.578385269,1,1,1.498900966,1.790108696,1,sotap,1,low,,,espanol_uno_mas_adultos,adultos_ninguno_analfabeta,,0,0,8.975915299,10.02735341,2.547037866,18.9694323791499,EXCLUSION,,
2023-07,No Elegible,Vulnerabilidad Baja,1,1,1,1,1,1.498900966,1,1,fupal,3,low,jefatura_masculina,no,espanol_uno_mas_adultos,adultos_ninguno_analfabeta,,0,0,0,3.815111519,2.10647915,3.69233741520706,EXCLUSION,,
2024-06,No Elegible,Vulnerabilidad Baja,1,1,1,1,1.776038647,2.117608696,1.790108696,1,sotap,1,low,,,espanol_uno_mas_adultos,adultos_ninguno_analfabeta,,0,0,0,21.88512181,2.610810239,21.1808367050324,EXCLUSION,,
2024-04,Lista de Reserva,Vulnerabilidad Elevada,1,1,2.578385269,1,1.776038647,2.117608696,1.790108696,1.738466184,sotap,1,low,,,espanol_uno_mas_adultos,adultos_ninguno_analfabeta,,0,0,8.975915299,30.44211729,3.116810651,38.7272287427276,EXCLUSION,,
2023-09,No Elegible,Vulnerabilidad Baja,1,1,3.251728045,1,1,1.498900966,1.790108696,1,sotap,1,low,,,espanol_uno_mas_adultos,adultos_ninguno_analfabeta,0,0,0,11.51832969,10.02735341,2.622715074,21.5936642076667,EXCLUSION,,
2023-09,No Elegible,Vulnerabilidad Elevada,2.070141643,1,1,1,1.776038647,2.823478261,1.790108696,1.043888889,sotap,4,average,jefatura_masculina,no,espanol_uno_mas_adultos,adultos_ninguno_analfabeta,0,0,0,6.702282231,26.85846924,2.949114914,32.9121052168634,EXCLUSION,,
2023-08,Elegible,Vulnerabilidad Baja,1,1,2.578385269,1,1,1.498900966,1.790108696,1,sotap,1,low,,,espanol_uno_mas_adultos,adultos_ninguno_analfabeta,,-500,0,8.975915299,10.02735341,2.547037866,18.9694323791499,INCLUSION,,
2024-04,No Elegible,Vulnerabilidad Baja,1,1,1,1,1,1,2.580217391,1.043888889,fomon,1,low,,,espanol_uno_mas_adultos,adultos_ninguno_analfabeta,,0,0,0,10.07114734,2.281084107,9.74704774745146,EXCLUSION,,
2023-08,No Elegible,Vulnerabilidad Baja,1,1.525552408,1,1,1.776038647,1.498900966,1,1,sotap,1,low,,,espanol_ningun_adulto,adultos_ninguno_analfabeta,,0,0,3.741369748,9.93697889,2.388704659,13.4789677402013,EXCLUSION,,
2023-09,Elegible,Vulnerabilidad Elevada,2.070141643,1,2.578385269,1,1.776038647,2.117608696,1.790108696,1.043888889,sotap,2,average,jefatura_femenina,si,espanol_uno_mas_adultos,adultos_ninguno_analfabeta,,0,0,17.46888676,22.50821784,3.148177581,39.8149338865145,INCLUSION,,
2024-04,No Elegible,Vulnerabilidad Elevada,1,2.051104816,1,1,1.776038647,2.823478261,1.790108696,1,sotap,1,low,,,espanol_uno_mas_adultos,adultos_ninguno_analfabeta,0,0,0,6.609317356,26.18890898,2.927660413,32.1681354979481,EXCLUSION,,
2024-06,No Elegible,Vulnerabilidad Baja,1,1,1,1,1.776038647,1,2.580217391,1,sotap,1,low,,,espanol_uno_mas_adultos,adultos_ninguno_analfabeta,,0,0,0,16.59309681,2.46311067,16.0591143615574,EXCLUSION,,
2024-05,Lista de Reserva,Vulnerabilidad Baja,1,1,1,1,1,1,1.790108696,1.043888889,sotap,1,low,,,espanol_uno_mas_adultos,adultos_ninguno_analfabeta,0,0,0,0,6.061858428,2.169185496,5.86678176192853,EXCLUSION,,
2023-10,Lista de Reserva,Vulnerabilidad Baja,1,1,1,1,1,1.498900966,1,1,futij,3,low,jefatura_masculina,no,espanol_uno_mas_adultos,adultos_ninguno_analfabeta,,0,0,0,3.815111519,2.10647915,3.69233741520706,EXCLUSION,,
2024-01,No Elegible,Vulnerabilidad Baja,1,1,1,1,1.776038647,1,1.790108696,1,sotap,1,low,,,espanol_uno_mas_adultos,adultos_ninguno_analfabeta,,0,0,0,12.01413641,2.33531262,11.6275094861898,EXCLUSION,,
2023-09,No Elegible,Vulnerabilidad Elevada,1,1,3.251728045,1,1.776038647,2.117608696,1.790108696,1,sotap,1,low,,,espanol_ningun_adulto,adultos_uno_mas_analfabeta,,0,0,11.51832969,21.88512181,2.953663487,33.0698377627863,EXCLUSION,,
2024-03,Lista de Reserva,Vulnerabilidad Severa,2.700708215,1,2.578385269,1,1.776038647,2.823478261,2.580217391,1,sotap,2,complete,jefatura_femenina,si,espanol_ningun_adulto,adultos_ninguno_analfabeta,,0,0,20.97871872,32.12448674,3.521039349,52.7445234993484,EXCLUSION,,
2024-02,Lista de Reserva,Vulnerabilidad Baja,1,2.051104816,1,1,1,1,1,1,sotap,5,low,jefatura_masculina,no,espanol_uno_mas_adultos,adultos_ninguno_analfabeta,-500,0,0,6.609317356,0,2.196732164,6.82201179783344,EXCLUSION,,
2023-09,Lista de Reserva,Vulnerabilidad Elevada,2.700708215,1,3.251728045,1,1.776038647,2.117608696,2.580217391,1,sotap,1,low,,,espanol_uno_mas_adultos,adultos_ninguno_analfabeta,,0,0,24.2379543,27.40879931,3.486439293,51.5447126467332,EXCLUSION,,
2024-04,No Elegible,Vulnerabilidad Elevada,2.700708215,2.051104816,3.251728045,1,1,2.117608696,1,1,sotap,1,low,,,espanol_uno_mas_adultos,adultos_ninguno_analfabeta,,0,0,35.61565687,7.392265486,3.266448403,43.9161793141285,EXCLUSION,,
2023-12,Elegible,Vulnerabilidad Elevada,2.700708215,1.525552408,1.249197356,1,1.776038647,1.498900966,1.790108696,1,sotap,1,low,,,espanol_uno_mas_adultos,adultos_ninguno_analfabeta,0,0,0,17.00620089,17.10850297,2.983700152,34.1114116767635,INCLUSION,,
2024-05,No Elegible,Vulnerabilidad Severa,2.700708215,1.525552408,3.251728045,1,1.776038647,2.823478261,1.790108696,1,sotap,1,low,,,espanol_uno_mas_adultos,adultos_uno_mas_analfabeta,0,0,0,30.67858802,26.18890898,3.644103496,57.0119793611862,EXCLUSION,,
2024-02,No Elegible,Vulnerabilidad Elevada,2.070141643,1,1,1,1.776038647,2.117608696,2.580217391,2.544987923,foten,3,average,jefatura_masculina,no,espanol_uno_mas_adultos,adultos_ninguno_analfabeta,,0,0,6.702282231,44.04383881,3.428755821,49.5444324087312,EXCLUSION,,
2023-11,Lista de Reserva,Vulnerabilidad Elevada,2.700708215,1,2.578385269,1,1.776038647,2.117608696,1.790108696,1,foten,1,low,,,espanol_uno_mas_adultos,adultos_ninguno_analfabeta,-500,0,0,20.97871872,21.88512181,3.235260316,42.8346715721607,EXCLUSION,,
2023-06,No Elegible,Vulnerabilidad Moderada,1,1,1,1,1.776038647,2.823478261,1.790108696,1,foten,3,low,jefatura_femenina,no,espanol_uno_mas_adultos,adultos_ninguno_analfabeta,0,0,0,0,26.18890898,2.730928248,25.3461237001146,EXCLUSION,,
2024-02,Lista de Reserva,Vulnerabilidad Elevada,1,1,2.578385269,1.564135978,1.776038647,2.823478261,2.580217391,1.043888889,sotap,1,low,,,espanol_uno_mas_adultos,adultos_ninguno_analfabeta,,0,0,14.01324416,32.85812825,3.334181668,46.2649251950997,EXCLUSION,,
2024-05,Lista de Reserva,Vulnerabilidad Moderada,1,1,1,1,1.776038647,2.823478261,1.790108696,1,sotap,4,average,jefatura_masculina,no,espanol_uno_mas_adultos,adultos_ninguno_analfabeta,0,0,0,0,26.18890898,2.730928248,25.3461237001146,EXCLUSION,,
2024-02,Elegible,Vulnerabilidad Elevada,1,1,3.251728045,1,1.776038647,2.823478261,1.790108696,1.043888889,sotap,4,average,jefatura_masculina,no,espanol_uno_mas_adultos,adultos_ninguno_analfabeta,,-500,0,11.51832969,26.85846924,3.092468817,37.8831378991415,INCLUSION,,
2024-04,Lista de Reserva,Vulnerabilidad Elevada,1,2.051104816,1,1,1.776038647,2.117608696,2.580217391,1,sotap,4,complete,jefatura_femenina,si,espanol_uno_mas_adultos,adultos_ninguno_analfabeta,,0,0,6.609317356,27.40879931,2.961707356,33.3487685372383,EXCLUSION,,
2024-02,No Elegible,Vulnerabilidad Moderada,1,1,2.578385269,1,1.776038647,1.498900966,1.790108696,1.043888889,fupal,4,average,jefatura_masculina,no,espanol_uno_mas_adultos,adultos_uno_mas_analfabeta,0,0,0,8.975915299,17.68003002,2.760622842,26.3758382031635,EXCLUSION,,
2024-01,No Elegible,Vulnerabilidad Baja,1,1,3.251728045,1,1,1.498900966,1,1.043888889,fupal,1,low,,,espanol_uno_mas_adultos,adultos_ninguno_analfabeta,,0,0,11.51832969,4.243121443,2.461278087,15.9955746095967,EXCLUSION,,
2023-09,No Elegible,Vulnerabilidad Elevada,2.070141643,1,1,1,1.776038647,2.823478261,1.790108696,1.043888889,fomon,1,low,,,espanol_uno_mas_adultos,adultos_uno_mas_analfabeta,0,0,0,6.702282231,26.85846924,2.949114914,32.9121052168634,EXCLUSION,,
2024-05,Elegible,Vulnerabilidad Elevada,2.700708215,1,1.249197356,1,1.776038647,2.823478261,2.580217391,1,sotap,4,average,jefatura_masculina,no,espanol_uno_mas_adultos,adultos_ninguno_analfabeta,-500,0,0,11.93561888,32.12448674,3.251863502,43.4104076633973,INCLUSION,,
2023-07,Lista de Reserva,Vulnerabilidad Baja,2.070141643,1,1,1,1,1,1.790108696,1.043888889,pcr_cdmx,1,low,,,espanol_uno_mas_adultos,adultos_ninguno_analfabeta,0,0,0,6.702282231,6.061858428,2.368684842,12.7847501374043,EXCLUSION,,
2023-10,Elegible,Vulnerabilidad Elevada,1,1,2.578385269,1,1.776038647,2.823478261,2.580217391,1.043888889,sotap,3,average,jefatura_masculina,no,espanol_uno_mas_adultos,adultos_ninguno_analfabeta,,0,0,8.975915299,32.85812825,3.184241129,41.0654900540239,INCLUSION,,
2023-06,Lista de Reserva,Vulnerabilidad Baja,1,1,1,1,1,1,1.790108696,1.043888889,sotap,7,average,jefatura_masculina,no,espanol_uno_mas_adultos,adultos_ninguno_analfabeta,0,0,0,0,6.061858428,2.169185496,5.86678176192853,EXCLUSION,,
2023-06,No Elegible,Vulnerabilidad Moderada,1,1.525552408,1,1,1.776038647,2.823478261,1.790108696,1,sotap,1,low,,,espanol_uno_mas_adultos,adultos_ninguno_analfabeta,-500,0,0,3.741369748,26.18890898,2.842293421,29.207894467975,EXCLUSION,,
2024-05,No Elegible,Vulnerabilidad Elevada,1,1,3.251728045,1,1.776038647,2.823478261,2.580217391,1,sotap,4,low,jefatura_femenina,no,espanol_uno_mas_adultos,adultos_ninguno_analfabeta,-500,0,-500,11.51832969,32.12448674,3.23944252,42.979689689974,EXCLUSION,,
2024-04,No Elegible,Vulnerabilidad Moderada,2.700708215,1,1,1,1.776038647,2.117608696,2.580217391,1.043888889,sotap,3,average,jefatura_masculina,no,espanol_uno_mas_adultos,adultos_ninguno_analfabeta,0,0,0,9.472088355,28.09152966,3.065975156,36.9644257743638,EXCLUSION,,
2023-09,Lista de Reserva,Vulnerabilidad Elevada,2.070141643,1,1,1,1.776038647,2.823478261,2.580217391,1.043888889,sotap,3,average,jefatura_femenina,no,espanol_uno_mas_adultos,adultos_ninguno_analfabeta,0,0,0,6.702282231,32.85812825,3.116564434,38.7186892002626,EXCLUSION,,
2024-07,No Elegible,Vulnerabilidad Severa,2.700708215,1,3.251728045,1,1.776038647,2.823478261,2.580217391,1.043888889,futij,3,average,jefatura_femenina,si,espanol_uno_mas_adultos,adultos_uno_mas_analfabeta,,0,0,24.2379543,32.85812825,3.63852919,56.8186767321151,EXCLUSION,,
2024-05,Elegible,Vulnerabilidad Elevada,1,1,2.578385269,1,1.776038647,2.823478261,2.580217391,1.043888889,foten,4,average,jefatura_masculina,no,espanol_uno_mas_adultos,adultos_ninguno_analfabeta,0,0,0,8.975915299,32.85812825,3.184241129,41.0654900540239,INCLUSION,,
2024-04,No Elegible,Vulnerabilidad Elevada,2.700708215,1,1,1,1.776038647,2.823478261,1.790108696,1,sotap,3,average,jefatura_femenina,si,espanol_uno_mas_adultos,adultos_uno_mas_analfabeta,-500,0,0,9.472088355,26.18890898,3.012873318,35.1230333304669,EXCLUSION,,
2024-01,No Elegible,Vulnerabilidad Moderada,1,1,1,1,1.776038647,2.823478261,1.790108696,1,sotap,1,low,,,espanol_uno_mas_adultos,adultos_ninguno_analfabeta,,0,0,0,26.18890898,2.730928248,25.3461237001146,EXCLUSION,,
2024-05,Elegible,Vulnerabilidad Elevada,1.599560907,1,1,1,1.776038647,2.823478261,2.580217391,1.043888889,foten,2,low,jefatura_femenina,si,espanol_uno_mas_adultos,adultos_ninguno_analfabeta,,0,0,4.186184624,32.85812825,3.041670568,36.1216210561717,INCLUSION,,
2023-08,No Elegible,Vulnerabilidad Moderada,2.070141643,1,2.578385269,1,1,1.498900966,1.790108696,1.043888889,foten,1,low,,,espanol_uno_mas_adultos,adultos_ninguno_analfabeta,,0,0,17.46888676,10.52243148,2.813656206,28.2148621173657,EXCLUSION,,
2024-04,Lista de Reserva,Vulnerabilidad Baja,1,1,2.578385269,1,1,1,1,1,pcr_cdmx,1,low,,,espanol_uno_mas_adultos,adultos_ninguno_analfabeta,,0,0,8.975915299,0,2.267176041,9.26476922923712,EXCLUSION,,
2024-05,No Elegible por Duplicidad,Vulnerabilidad Moderada,1,1,1,1,1.776038647,2.823478261,1.790108696,1,fupal,1,low,,,espanol_uno_mas_adultos,adultos_ninguno_analfabeta,0,0,0,0,26.18890898,2.730928248,25.3461237001146,EXCLUSION,,
2024-04,No Elegible,Vulnerabilidad Elevada,2.700708215,1,3.251728045,1,1,2.117608696,2.580217391,1.043888889,foten,2,average,jefatura_femenina,si,espanol_uno_mas_adultos,adultos_ninguno_analfabeta,,0,0,24.2379543,19.54126117,3.266857566,43.9303597516165,EXCLUSION,,
2024-02,No Elegible,Vulnerabilidad Elevada,2.070141643,1,2.578385269,2.128271955,1,1.498900966,1.790108696,1.043888889,sotap,4,average,jefatura_masculina,no,espanol_uno_mas_adultos,adultos_ninguno_analfabeta,0,0,0,28.0817378,10.52243148,3.129557084,39.1692453166839,EXCLUSION,,
2023-11,No Elegible,Vulnerabilidad Baja,2.070141643,1,1,1,1.776038647,1.498900966,1.790108696,1.043888889,sotap,1,low,,,espanol_uno_mas_adultos,adultos_ninguno_analfabeta,0,0,0,6.702282231,17.68003002,2.692946147,24.0290373494022,EXCLUSION,,
2023-12,No Elegible por Intenciones,Vulnerabilidad Baja,1,1,1,1,1,2.117608696,1,1,fupal,1,low,,,espanol_uno_mas_adultos,adultos_ninguno_analfabeta,0,0,0,0,7.392265486,2.206316944,7.15437499039503,EXCLUSION,,
2024-01,No Elegible,Vulnerabilidad Baja,1,1,1,1,1,1,1.790108696,1,sotap,1,low,,,espanol_uno_mas_adultos,adultos_ninguno_analfabeta,-500,0,0,0,5.614422911,2.156697643,5.43374516730111,EXCLUSION,,
2023-07,No Elegible,Vulnerabilidad Moderada,1,1,1,1,1.776038647,2.117608696,2.580217391,1.043888889,sotap,1,low,,,espanol_ningun_adulto,adultos_ninguno_analfabeta,0,0,0,0,28.09152966,2.784030087,27.1875161440115,EXCLUSION,,
2023-12,Elegible,Vulnerabilidad Moderada,1,1,1,1,1.776038647,2.823478261,1.790108696,1,sotap,3,low,jefatura_masculina,no,espanol_ningun_adulto,adultos_ninguno_analfabeta,,0,0,0,26.18890898,2.730928248,25.3461237001146,INCLUSION,,
2024-01,Lista de Reserva,Vulnerabilidad Moderada,1,1,1,1,1.776038647,2.823478261,2.580217391,1,fupal,4,average,jefatura_masculina,no,espanol_uno_mas_adultos,adultos_ninguno_analfabeta,,0,0,0,32.12448674,2.896589272,31.0906886322201,EXCLUSION,,
2024-05,Lista de Reserva,Vulnerabilidad Baja,1,1,1,1,1,1.498900966,1,1,sotap,1,low,,,espanol_uno_mas_adultos,adultos_ninguno_analfabeta,0,0,0,0,3.815111519,2.10647915,3.69233741520706,EXCLUSION,,
2024-03,No Elegible,Vulnerabilidad Baja,1,1,1,1.564135978,1,1,1,1,sotap,2,low,jefatura_femenina,no,espanol_uno_mas_adultos,adultos_ninguno_analfabeta,0,0,0,3.975239986,0,2.118326527,4.10316718398947,EXCLUSION,,
2023-10,Elegible,Vulnerabilidad Elevada,1,1.525552408,2.578385269,1,1.776038647,2.823478261,1.790108696,1,sotap,8,average,jefatura_femenina,no,espanol_uno_mas_adultos,adultos_ninguno_analfabeta,,0,0,13.7168894,26.18890898,3.139223567,39.504436317896,INCLUSION,,
2024-03,Elegible,Vulnerabilidad Baja,1,1,1,1,1.776038647,1.498900966,1.790108696,1.043888889,sotap,2,average,jefatura_femenina,si,espanol_uno_mas_adultos,adultos_ninguno_analfabeta,0,-500,0,0,17.68003002,2.493446802,17.1110689739264,INCLUSION,,
2023-07,Lista de Reserva,Vulnerabilidad Elevada,2.700708215,1,2.578385269,1,1.776038647,2.823478261,1.790108696,1,foten,3,average,jefatura_femenina,no,espanol_uno_mas_adultos,adultos_ninguno_analfabeta,,0,0,20.97871872,26.18890898,3.355378326,46.9999585672429,EXCLUSION,,
2024-01,Elegible por Proceso Acelerado,Vulnerabilidad Baja,1,1,1,1,1,1,1,1,sotap,1,low,,,espanol_uno_mas_adultos,adultos_uno_mas_analfabeta,,0,0,0,0,2,0,INCLUSION,,
2024-05,Elegible,Vulnerabilidad Moderada,1,1,2.578385269,1,1.776038647,2.823478261,1,1,sotap,1,low,,,espanol_uno_mas_adultos,adultos_ninguno_analfabeta,,0,0,8.975915299,17.78726377,2.763615719,26.4796210638548,INCLUSION,,
2024-07,Lista de Reserva,Vulnerabilidad Baja,1,1,1,1,1.776038647,1,1.790108696,1,fupal,1,low,,,espanol_uno_mas_adultos,adultos_uno_mas_analfabeta,,0,0,0,12.01413641,2.33531262,11.6275094861898,EXCLUSION,,
2024-06,No Elegible,Vulnerabilidad Elevada,2.070141643,1,1,1,1.776038647,2.823478261,2.580217391,1.043888889,sotap,5,high,jefatura_femenina,si,espanol_uno_mas_adultos,adultos_ninguno_analfabeta,,0,0,6.702282231,32.85812825,3.116564434,38.7186892002626,EXCLUSION,,
2024-02,Elegible,Vulnerabilidad Baja,1,1,1,1,1.776038647,2.117608696,1.790108696,1,futij,4,average,jefatura_masculina,no,espanol_uno_mas_adultos,adultos_ninguno_analfabeta,,-500,0,0,21.88512181,2.610810239,21.1808367050324,INCLUSION,,
2023-08,No Elegible,Vulnerabilidad Baja,1,1,1,1,1,1,1,1,sotap,5,high,jefatura_femenina,no,espanol_uno_mas_adultos,adultos_ninguno_analfabeta,,0,0,0,0,2,0,EXCLUSION,,
2024-07,No Elegible,Vulnerabilidad Moderada,1,1.525552408,2.578385269,1,1.776038647,1,1.790108696,1,sotap,1,low,,,espanol_ningun_adulto,adultos_ninguno_analfabeta,-500,0,0,13.7168894,12.01413641,2.743607939,25.7858221039712,EXCLUSION,,
2024-04,No Elegible,Vulnerabilidad Moderada,1,1,1,1,1.776038647,2.823478261,1.790108696,1,sotap,2,average,jefatura_femenina,si,espanol_ningun_adulto,adultos_ninguno_analfabeta,0,0,0,0,26.18890898,2.730928248,25.3461237001146,EXCLUSION,,
2024-03,No Elegible,Vulnerabilidad Moderada,1,1.525552408,1,1,1.776038647,2.117608696,1.790108696,1,fusal,1,low,,,espanol_uno_mas_adultos,adultos_ninguno_analfabeta,0,0,0,3.741369748,21.88512181,2.722175411,25.0426074728928,EXCLUSION,,
2023-07,Lista de Reserva,Vulnerabilidad Baja,1,1,1.249197356,1,1,1,1,1,pcr_cdmx,1,low,,,espanol_uno_mas_adultos,adultos_ninguno_analfabeta,0,0,0,1.921713018,0,2.057201484,1.98355566463226,EXCLUSION,,
2023-09,No Elegible,Vulnerabilidad Moderada,1,1,1,1,1.776038647,2.823478261,1.790108696,1.043888889,sotap,1,low,,,espanol_uno_mas_adultos,adultos_uno_mas_analfabeta,,0,0,0,26.85846924,2.749615568,25.9941368413876,EXCLUSION,,
2023-11,No Elegible,Vulnerabilidad Elevada,2.700708215,1,1,1,1.776038647,2.823478261,1.790108696,1,sotap,5,high,jefatura_femenina,no,espanol_uno_mas_adultos,adultos_ninguno_analfabeta,0,0,0,9.472088355,26.18890898,3.012873318,35.1230333304669,EXCLUSION,,
2024-03,No Elegible,Vulnerabilidad Baja,1,1,1,1,1.776038647,2.117608696,1.790108696,1,sotap,1,low,,,espanol_uno_mas_adultos,adultos_ninguno_analfabeta,,0,0,0,21.88512181,2.610810239,21.1808367050324,EXCLUSION,,
2024-02,Elegible,Vulnerabilidad Baja,1,1.525552408,1,1,1,1,1,1,sotap,2,average,jefatura_femenina,si,espanol_uno_mas_adultos,adultos_ninguno_analfabeta,0,0,0,3.741369748,0,2.111365173,3.86177076786039,INCLUSION,,
2023-08,Elegible,Vulnerabilidad Baja,1,1,1,1,1,1,1,1,sotap,1,low,,,espanol_uno_mas_adultos,adultos_ninguno_analfabeta,500,0,0,0,0,2,0,INCLUSION,,
2023-08,Elegible,Vulnerabilidad Elevada,2.700708215,1,2.578385269,1,1.776038647,2.823478261,1.790108696,1,fupal,4,average,jefatura_femenina,no,espanol_uno_mas_adultos,adultos_ninguno_analfabeta,,0,0,20.97871872,26.18890898,3.355378326,46.9999585672429,INCLUSION,,
2023-10,Elegible,Vulnerabilidad Severa,2.700708215,1,3.251728045,1,1.776038647,2.823478261,2.580217391,1.043888889,sotap,1,low,,,espanol_ningun_adulto,adultos_uno_mas_analfabeta,0,0,0,24.2379543,32.85812825,3.63852919,56.8186767321151,INCLUSION,,
2023-09,No Elegible,Vulnerabilidad Severa,2.700708215,1,3.251728045,1,1.776038647,2.823478261,2.580217391,1,fupal,4,average,jefatura_femenina,no,espanol_uno_mas_adultos,adultos_ninguno_analfabeta,,0,0,24.2379543,32.12448674,3.618053373,56.1086445395484,EXCLUSION,,
2023-12,Lista de Reserva,Vulnerabilidad Baja,1,1,1,1,1.776038647,1.498900966,1.790108696,1,sotap,1,low,,,espanol_uno_mas_adultos,adultos_ninguno_analfabeta,500,0,0,0,17.10850297,2.477495573,16.5579342359224,EXCLUSION,,
2024-07,No Elegible,Vulnerabilidad Severa,2.700708215,1,2.578385269,1,1.776038647,2.117608696,1.790108696,2.544987923,sotap,2,complete,jefatura_femenina,si,espanol_ningun_adulto,adultos_ninguno_analfabeta,,0,0,20.97871872,37.06714366,3.658988111,57.5281207770059,EXCLUSION,,
2023-10,No Elegible,Vulnerabilidad Elevada,2.700708215,1,2.578385269,1,1.776038647,1.498900966,1.790108696,2.544987923,,2,low,jefatura_femenina,no,espanol_uno_mas_adultos,adultos_ninguno_analfabeta,-500,0,0,20.97871872,31.0340229,3.490604678,51.6891518761834,EXCLUSION,,
2023-06,Lista de Reserva,Vulnerabilidad Baja,1,1,2.578385269,1,1,1.498900966,1,1,sotap,1,low,,,espanol_uno_mas_adultos,adultos_ninguno_analfabeta,0,0,0,8.975915299,3.815111519,2.373655191,12.9571066444442,EXCLUSION,,
2024-06,No Elegible,Vulnerabilidad Elevada,1,2.051104816,2.578385269,1,1.776038647,2.117608696,1.790108696,1,sotap,7,high,jefatura_masculina,no,espanol_uno_mas_adultos,adultos_ninguno_analfabeta,,0,0,17.3510839,21.88512181,3.127280564,39.0902958360183,EXCLUSION,,
2024-01,Elegible,Vulnerabilidad Baja,1,1,1,1,1,1,1.790108696,1,pcr_cdmx,1,low,,,espanol_uno_mas_adultos,adultos_uno_mas_analfabeta,,0,0,0,5.614422911,2.156697643,5.43374516730111,INCLUSION,,
2023-09,Lista de Reserva,Vulnerabilidad Baja,1,1,1,1,1,1,1,1,sotap,1,low,,,espanol_uno_mas_adultos,adultos_ninguno_analfabeta,,0,0,0,0,2,0,EXCLUSION,,
2024-06,Lista de Reserva,Vulnerabilidad Elevada,2.700708215,1,3.251728045,1,1.776038647,2.117608696,1.790108696,1,sotap,3,complete,jefatura_femenina,si,espanol_uno_mas_adultos,adultos_ninguno_analfabeta,,0,0,24.2379543,21.88512181,3.33227434,46.1987926123607,EXCLUSION,,
2024-03,No Elegible,Vulnerabilidad Baja,2.070141643,1,1,1,1,1,1.790108696,1.043888889,fusal,3,low,jefatura_masculina,no,espanol_uno_mas_adultos,adultos_ninguno_analfabeta,0,0,0,6.702282231,6.061858428,2.368684842,12.7847501374043,EXCLUSION,,
2023-10,No Elegible,Vulnerabilidad Elevada,2.700708215,2.051104816,2.578385269,1,1,1,1,1,sotap,3,low,jefatura_masculina,si,espanol_uno_mas_adultos,adultos_ninguno_analfabeta,0,0,0,31.71522481,0,2.944031657,32.7358524596106,EXCLUSION,,
2023-06,Lista de Reserva,Vulnerabilidad Elevada,2.700708215,2.051104816,3.251728045,1,1.776038647,1,1.790108696,1,sotap,6,average,jefatura_femenina,no,espanol_uno_mas_adultos,adultos_ninguno_analfabeta,0,0,0,35.61565687,12.01413641,3.395444079,48.3893138099233,EXCLUSION,,
2024-02,No Elegible,Vulnerabilidad Baja,2.070141643,1,1,1,1,2.117608696,1.790108696,1.043888889,sotap,3,average,jefatura_femenina,si,espanol_uno_mas_adultos,adultos_ninguno_analfabeta,,0,0,6.702282231,14.70478802,2.60990762,21.1495416122042,EXCLUSION,,
2024-01,Lista de Reserva,Vulnerabilidad Elevada,1,1,2.578385269,1,1.776038647,2.823478261,2.580217391,1.043888889,sotap,2,complete,jefatura_femenina,si,espanol_uno_mas_adultos,adultos_uno_mas_analfabeta,0,0,0,8.975915299,32.85812825,3.184241129,41.0654900540239,EXCLUSION,,
2024-05,No Elegible,Vulnerabilidad Baja,1,1.525552408,1,1,1.776038647,1.498900966,1.790108696,1,sotap,1,low,,,espanol_uno_mas_adultos,adultos_ninguno_analfabeta,0,0,0,3.741369748,17.10850297,2.588860746,20.4197050037828,EXCLUSION,,
2023-09,Lista de Reserva,Vulnerabilidad Baja,1,1,2.578385269,1,1.776038647,1,1.790108696,1,sotap,3,average,jefatura_masculina,no,espanol_uno_mas_adultos,adultos_ninguno_analfabeta,,0,0,8.975915299,12.01413641,2.602488661,20.8922787154269,EXCLUSION,,
2024-01,Elegible por Proceso Acelerado,Vulnerabilidad Baja,1,1,2.578385269,1,1.776038647,1,1.790108696,1,sotap,4,average,jefatura_masculina,no,espanol_uno_mas_adultos,adultos_ninguno_analfabeta,,0,0,8.975915299,12.01413641,2.602488661,20.8922787154269,INCLUSION,,
2023-11,No Elegible,Vulnerabilidad Moderada,1,1,1,1,1.776038647,2.823478261,1.790108696,1,sotap,1,low,,,espanol_ningun_adulto,adultos_ninguno_analfabeta,,0,0,0,26.18890898,2.730928248,25.3461237001146,EXCLUSION,,
2024-03,No Elegible,Vulnerabilidad Elevada,2.700708215,1,2.578385269,1,1.776038647,2.823478261,1.790108696,1,sotap,2,average,jefatura_femenina,si,espanol_uno_mas_adultos,adultos_ninguno_analfabeta,0,0,0,20.97871872,26.18890898,3.355378326,46.9999585672429,EXCLUSION,,
2024-06,Lista de Reserva,Vulnerabilidad Baja,1,2.051104816,1,1,1.776038647,1.498900966,1.790108696,1,sotap,3,low,jefatura_masculina,no,espanol_uno_mas_adultos,adultos_ninguno_analfabeta,0,0,0,6.609317356,17.10850297,2.674227738,23.3799460337559,EXCLUSION,,
2023-12,Lista de Reserva,Vulnerabilidad Baja,1,2.051104816,1,1,1,2.117608696,1.790108696,1,foten,2,average,jefatura_femenina,si,espanol_uno_mas_adultos,adultos_ninguno_analfabeta,,0,0,6.609317356,14.16503897,2.59207613,20.5312056487399,EXCLUSION,,
2023-11,No Elegible,Vulnerabilidad Moderada,2.070141643,1,1,1,1.776038647,2.117608696,1.790108696,1.043888889,sotap,3,average,jefatura_femenina,no,espanol_uno_mas_adultos,adultos_ninguno_analfabeta,,0,0,6.702282231,22.50821784,2.827700095,28.7018492571668,EXCLUSION,,
2024-01,No Elegible,Vulnerabilidad Baja,1,1,1,1,1,1.498900966,1.790108696,1,sotap,1,low,,,espanol_uno_mas_adultos,adultos_ninguno_analfabeta,,0,0,0,10.02735341,2.279861825,9.70466314991279,EXCLUSION,,
2023-12,No Elegible,Vulnerabilidad Moderada,1,1,1,1,1.776038647,2.823478261,2.580217391,1,,1,low,,,espanol_uno_mas_adultos,adultos_ninguno_analfabeta,,0,0,0,32.12448674,2.896589272,31.0906886322201,EXCLUSION,,
2023-11,No Elegible,Vulnerabilidad Moderada,2.070141643,1,2.578385269,1,1,2.117608696,1,1,fupal,4,average,jefatura_femenina,no,espanol_uno_mas_adultos,adultos_ninguno_analfabeta,,0,0,17.46888676,7.392265486,2.726293776,25.1854279952186,EXCLUSION,,
2024-04,No Elegible,Vulnerabilidad Moderada,2.070141643,1,2.578385269,1,1,2.117608696,1,1,sotap,1,low,,,espanol_uno_mas_adultos,adultos_ninguno_analfabeta,,0,0,17.46888676,7.392265486,2.726293776,25.1854279952186,EXCLUSION,,
2024-04,No Elegible,Vulnerabilidad Baja,1,1,1,1,1,1.498900966,1.790108696,1,sotap,4,average,jefatura_masculina,no,espanol_uno_mas_adultos,adultos_ninguno_analfabeta,0,0,0,0,10.02735341,2.279861825,9.70466314991279,EXCLUSION,,
2023-12,No Elegible,Vulnerabilidad Baja,1,1,1,1,1,1,1,1,fomon,1,low,,,espanol_uno_mas_adultos,adultos_ninguno_analfabeta,,0,0,0,0,2,0,EXCLUSION,,
2023-10,Lista de Reserva,Vulnerabilidad Baja,1,1,2.578385269,1,1.776038647,1,1.790108696,1,pcr_cdmx,1,low,,,espanol_uno_mas_adultos,adultos_ninguno_analfabeta,0,0,0,8.975915299,12.01413641,2.602488661,20.8922787154269,EXCLUSION,,
2024-06,No Elegible,Vulnerabilidad Moderada,1,1,1,1,1.776038647,2.117608696,2.580217391,1.043888889,fupal,3,low,jefatura_masculina,no,espanol_uno_mas_adultos,adultos_ninguno_analfabeta,,0,0,0,28.09152966,2.784030087,27.1875161440115,EXCLUSION,,
2023-08,No Elegible por Intenciones,Vulnerabilidad Elevada,1,1,2.578385269,1,1.776038647,2.823478261,1.790108696,1,foten,1,low,,,espanol_uno_mas_adultos,adultos_ninguno_analfabeta,,0,0,8.975915299,26.18890898,2.998104289,34.6108929293517,EXCLUSION,,
2024-03,No Elegible,Vulnerabilidad Moderada,1,2.051104816,1,1,1.776038647,2.823478261,1,1.043888889,foten,1,low,,,espanol_uno_mas_adultos,adultos_ninguno_analfabeta,0,0,0,6.609317356,18.36611881,2.709327594,24.5970905384088,EXCLUSION,,
2023-12,Elegible,Vulnerabilidad Baja,1,1,1,1,1,2.117608696,1.790108696,1,fupal,1,low,,,espanol_uno_mas_adultos,adultos_uno_mas_analfabeta,,0,0,0,14.16503897,2.395343965,13.7091938509064,INCLUSION,,
2023-08,No Elegible,Vulnerabilidad Severa,2.700708215,1,2.578385269,1,1.776038647,2.823478261,2.580217391,1.043888889,sotap,6,high,jefatura_femenina,si,espanol_ningun_adulto,adultos_ninguno_analfabeta,-500,0,0,20.97871872,32.85812825,3.541515166,53.4545556919151,EXCLUSION,,
2024-04,No Elegible,Vulnerabilidad Baja,1,1,1,1,1,1.498900966,1.790108696,1,sotap,2,average,jefatura_femenina,si,espanol_uno_mas_adultos,adultos_ninguno_analfabeta,-500,0,0,0,10.02735341,2.279861825,9.70466314991279,EXCLUSION,,
2023-08,Lista de Reserva,Vulnerabilidad Baja,2.700708215,1,1,1,1,1.498900966,1.790108696,1,sotap,1,low,,,espanol_uno_mas_adultos,adultos_ninguno_analfabeta,-500,0,0,9.472088355,10.02735341,2.561806895,19.481572780265,EXCLUSION,,
2023-09,No Elegible por Intenciones,Vulnerabilidad Elevada,1,2.051104816,1,1,1.776038647,2.823478261,2.580217391,1,sotap,3,average,jefatura_femenina,si,espanol_uno_mas_adultos,adultos_ninguno_analfabeta,0,0,0,6.609317356,32.12448674,3.093321436,37.9127004300535,EXCLUSION,,
2024-01,Elegible,Vulnerabilidad Elevada,1,1,1,1,1.776038647,2.823478261,2.580217391,1.043888889,sotap,2,complete,jefatura_masculina,no,espanol_uno_mas_adultos,adultos_ninguno_analfabeta,0,0,0,0,32.85812825,2.917065088,31.8007208247868,INCLUSION,,
2023-09,Lista de Reserva,Vulnerabilidad Elevada,2.700708215,1,2.578385269,1,1,2.117608696,1.790108696,2.544987923,fupal,4,average,jefatura_masculina,no,espanol_uno_mas_adultos,adultos_ninguno_analfabeta,,0,0,20.97871872,27.3162731,3.386842878,48.0910429824972,EXCLUSION,,
2024-02,Elegible,Vulnerabilidad Baja,1,1,1,1,1,1.498900966,1,1,fupal,3,low,jefatura_masculina,no,espanol_uno_mas_adultos,adultos_ninguno_analfabeta,0,-500,0,0,3.815111519,2.10647915,3.69233741520706,INCLUSION,,
2024-05,Lista de Reserva,Vulnerabilidad Elevada,1,2.051104816,1,1,1.776038647,2.823478261,1.790108696,1,futij,3,average,jefatura_masculina,no,espanol_ningun_adulto,adultos_ninguno_analfabeta,,0,0,6.609317356,26.18890898,2.927660413,32.1681354979481,EXCLUSION,,
2024-07,No Elegible,Vulnerabilidad Elevada,1,1,2.578385269,1,1.776038647,2.823478261,1.790108696,1,fupal,3,low,jefatura_femenina,no,espanol_uno_mas_adultos,adultos_ninguno_analfabeta,,0,0,8.975915299,26.18890898,2.998104289,34.6108929293517,EXCLUSION,,
2023-10,Lista de Reserva,Vulnerabilidad Baja,1,1,2.578385269,1,1,2.117608696,1.790108696,1.043888889,sotap,1,low,,,espanol_uno_mas_adultos,adultos_uno_mas_analfabeta,-500,0,0,8.975915299,14.70478802,2.677584315,23.4963424659655,EXCLUSION,,
2023-06,Elegible,Vulnerabilidad Moderada,1,1,1,1,1.776038647,2.823478261,1.790108696,1,sotap,2,low,jefatura_masculina,no,espanol_uno_mas_adultos,adultos_ninguno_analfabeta,0,0,0,0,26.18890898,2.730928248,25.3461237001146,INCLUSION,,
2024-05,No Elegible,Vulnerabilidad Moderada,1,1,1,1,1.776038647,2.823478261,1.790108696,1,sotap,1,low,,,espanol_uno_mas_adultos,adultos_ninguno_analfabeta,,0,0,0,26.18890898,2.730928248,25.3461237001146,EXCLUSION,,
2024-01,Elegible,Vulnerabilidad Elevada,2.700708215,2.051104816,3.251728045,1,1,2.117608696,1,1,sotap,4,average,jefatura_femenina,si,espanol_uno_mas_adultos,adultos_ninguno_analfabeta,0,0,0,35.61565687,7.392265486,3.266448403,43.9161793141285,INCLUSION,,
2023-11,Elegible,Vulnerabilidad Elevada,1,1,2.578385269,1,1.776038647,2.823478261,2.580217391,1.043888889,sotap,5,low,jefatura_femenina,no,espanol_uno_mas_adultos,adultos_ninguno_analfabeta,-500,0,0,8.975915299,32.85812825,3.184241129,41.0654900540239,INCLUSION,,
2023-06,Lista de Reserva,Vulnerabilidad Severa,2.700708215,2.051104816,2.578385269,1,1.776038647,2.823478261,2.580217391,1,sotap,3,average,jefatura_femenina,no,espanol_uno_mas_adultos,adultos_ninguno_analfabeta,0,0,0,31.71522481,32.12448674,3.840620929,63.8265410918307,EXCLUSION,,
2023-11,No Elegible,Vulnerabilidad Elevada,2.700708215,2.051104816,1.249197356,1,1.776038647,2.117608696,1.790108696,1,sotap,5,average,jefatura_masculina,no,espanol_uno_mas_adultos,adultos_ninguno_analfabeta,0,0,0,20.89305637,21.88512181,3.232710501,42.7462525220754,EXCLUSION,,
2024-06,No Elegible,Vulnerabilidad Elevada,1,1,2.578385269,1,1.776038647,2.823478261,2.580217391,1,sotap,1,low,,,espanol_uno_mas_adultos,adultos_ninguno_analfabeta,0,0,0,8.975915299,32.12448674,3.163765312,40.3554578614572,EXCLUSION,,
2024-04,No Elegible,Vulnerabilidad Moderada,1,1,1,1,1.776038647,2.823478261,2.580217391,1,sotap,1,low,,,espanol_uno_mas_adultos,adultos_ninguno_analfabeta,0,0,0,0,32.12448674,2.896589272,31.0906886322201,EXCLUSION,,
2023-08,No Elegible,Vulnerabilidad Elevada,2.070141643,1.525552408,1,1,1.776038647,2.117608696,2.580217391,1.043888889,sotap,1,low,,,espanol_uno_mas_adultos,adultos_ninguno_analfabeta,0,0,0,11.1900528,28.09152966,3.117111884,38.7376760331683,EXCLUSION,,
2023-06,Lista de Reserva,Vulnerabilidad Moderada,1,1,2.578385269,1,1.776038647,2.117608696,1.790108696,1,sotap,3,average,jefatura_femenina,no,espanol_uno_mas_adultos,adultos_ninguno_analfabeta,-500,0,0,8.975915299,21.88512181,2.877986279,30.4456059342695,EXCLUSION,,
2024-03,No Elegible,Vulnerabilidad Baja,1,1,1,1.564135978,1,2.117608696,1,1,fomon,1,low,,,espanol_uno_mas_adultos,adultos_ninguno_analfabeta,,0,0,3.975239986,7.392265486,2.32464347,11.2575421743845,EXCLUSION,,
2023-07,Lista de Reserva,Vulnerabilidad Baja,2.700708215,1,1,1,1,2.117608696,1,1,fupal,1,low,,,espanol_uno_mas_adultos,adultos_ninguno_analfabeta,,0,0,9.472088355,7.392265486,2.488262013,16.9312846207473,EXCLUSION,,
2023-10,No Elegible,Vulnerabilidad Baja,2.070141643,1,1,1,1.776038647,1,1.790108696,1.043888889,sotap,1,low,,,espanol_uno_mas_adultos,adultos_ninguno_analfabeta,-500,0,0,6.702282231,12.53066404,2.549228169,19.0453831160046,EXCLUSION,,
2024-04,No Elegible,Vulnerabilidad Baja,1,2.051104816,1,1,1,1,1,1,sotap,1,low,,,espanol_uno_mas_adultos,adultos_ninguno_analfabeta,-500,0,0,6.609317356,0,2.196732164,6.82201179783344,EXCLUSION,,
2024-05,No Elegible,Vulnerabilidad Severa,2.700708215,1.525552408,3.251728045,1,1.776038647,2.823478261,1.790108696,1,sotap,4,complete,jefatura_masculina,si,espanol_uno_mas_adultos,adultos_uno_mas_analfabeta,,0,0,30.67858802,26.18890898,3.644103496,57.0119793611862,EXCLUSION,,
2023-09,No Elegible,Vulnerabilidad Elevada,2.070141643,1.525552408,1,1,1.776038647,2.117608696,1.790108696,2.544987923,sotap,4,average,jefatura_masculina,si,espanol_uno_mas_adultos,adultos_ninguno_analfabeta,,0,0,11.1900528,37.06714366,3.367619831,47.4244457990343,EXCLUSION,,
2023-11,Elegible,Vulnerabilidad Moderada,1,1,3.251728045,1,1.776038647,1,2.580217391,1,sotap,1,low,,,espanol_uno_mas_adultos,adultos_ninguno_analfabeta,,0,0,11.51832969,16.59309681,2.805963919,27.9481154193113,INCLUSION,,
2024-02,No Elegible,Vulnerabilidad Elevada,2.700708215,1,3.251728045,1,1.776038647,2.823478261,1.790108696,1,fupal,2,average,jefatura_femenina,si,espanol_uno_mas_adultos,adultos_ninguno_analfabeta,,0,0,24.2379543,26.18890898,3.45239235,50.3640796074429,EXCLUSION,,
2024-01,No Elegible,Vulnerabilidad Elevada,1,1.525552408,2.578385269,1,1.776038647,2.823478261,1.790108696,1,pcr_cdmx,5,average,jefatura_femenina,no,espanol_uno_mas_adultos,adultos_ninguno_analfabeta,-500,0,0,13.7168894,26.18890898,3.139223567,39.504436317896,EXCLUSION,,
2024-06,Lista de Reserva,Vulnerabilidad Baja,1,1,1,1,1,1,1,1,sotap,1,low,,,espanol_uno_mas_adultos,adultos_ninguno_analfabeta,-500,0,0,0,0,2,0,EXCLUSION,,
2024-02,Elegible,Vulnerabilidad Severa,2.700708215,1,3.251728045,1,1.776038647,2.823478261,2.580217391,1.043888889,sotap,2,average,jefatura_masculina,no,espanol_uno_mas_adultos,adultos_ninguno_analfabeta,,0,0,24.2379543,32.85812825,3.63852919,56.8186767321151,INCLUSION,,
2024-05,Lista de Reserva,Vulnerabilidad Elevada,2.700708215,1,3.251728045,1,1.776038647,2.823478261,1.790108696,1,sotap,1,low,,,espanol_ningun_adulto,adultos_uno_mas_analfabeta,,0,0,24.2379543,26.18890898,3.45239235,50.3640796074429,EXCLUSION,,
2023-10,Lista de Reserva,Vulnerabilidad Baja,1,1,1,1.564135978,1,1,1,1,sotap,1,low,,,espanol_uno_mas_adultos,adultos_uno_mas_analfabeta,,0,0,3.975239986,0,2.118326527,4.10316718398947,EXCLUSION,,
2024-01,Elegible por Proceso Acelerado,Vulnerabilidad Baja,2.700708215,1,1.249197356,1,1.776038647,1,1.790108696,1,sotap,4,average,jefatura_masculina,no,espanol_uno_mas_adultos,adultos_ninguno_analfabeta,,0,0,11.93561888,12.01413641,2.69058685,23.9472285173671,INCLUSION,,
2023-07,No Elegible,Vulnerabilidad Elevada,1,1,2.578385269,1,1.776038647,2.823478261,1.790108696,1,sotap,2,complete,jefatura_femenina,si,espanol_uno_mas_adultos,adultos_ninguno_analfabeta,,0,0,8.975915299,26.18890898,2.998104289,34.6108929293517,EXCLUSION,,
2023-07,No Elegible,Vulnerabilidad Elevada,1.599560907,1,1,1,1.776038647,2.117608696,2.580217391,1.043888889,foten,3,low,jefatura_masculina,si,espanol_uno_mas_adultos,adultos_ninguno_analfabeta,,0,0,4.186184624,28.09152966,2.908635566,31.5084163753965,EXCLUSION,,
2024-03,No Elegible,Vulnerabilidad Baja,1,1,2.578385269,1,1.776038647,1,1.790108696,1,futij,1,low,,,espanol_uno_mas_adultos,adultos_ninguno_analfabeta,0,0,0,8.975915299,12.01413641,2.602488661,20.8922787154269,EXCLUSION,,
2024-03,Elegible,Vulnerabilidad Elevada,2.700708215,1,1,1,1.776038647,2.117608696,2.580217391,1,sotap,2,low,jefatura_masculina,no,espanol_uno_mas_adultos,adultos_ninguno_analfabeta,0,0,-500,9.472088355,27.40879931,3.046920262,36.3036663697571,INCLUSION,,
2023-08,Lista de Reserva,Vulnerabilidad Moderada,1,1.525552408,1,1,1.776038647,2.823478261,1.790108696,1,sotap,7,high,jefatura_masculina,no,espanol_uno_mas_adultos,adultos_ninguno_analfabeta,0,0,0,3.741369748,26.18890898,2.842293421,29.207894467975,EXCLUSION,,
2024-06,No Elegible,Vulnerabilidad Elevada,2.700708215,1,1.249197356,1,1.776038647,2.117608696,2.580217391,1,sotap,1,low,,,espanol_uno_mas_adultos,adultos_ninguno_analfabeta,0,0,0,11.93561888,27.40879931,3.120249422,38.8464757705822,EXCLUSION,,
2023-08,No Elegible,Vulnerabilidad Baja,1,1,1,1,1,1,1,1,fusal,1,low,,,espanol_uno_mas_adultos,adultos_ninguno_analfabeta,,0,0,0,0,2,0,EXCLUSION,,
2023-07,No Elegible,Vulnerabilidad Moderada,1,1,2.578385269,1.564135978,1.776038647,1,1.790108696,1,foten,4,average,jefatura_masculina,no,espanol_uno_mas_adultos,adultos_ninguno_analfabeta,,0,0,14.01324416,12.01413641,2.7524292,26.0917138565028,EXCLUSION,,
2023-08,Elegible,Vulnerabilidad Baja,1,1,1,1,1,1,1.790108696,1,pcr_cdmx,1,low,,,espanol_uno_mas_adultos,adultos_ninguno_analfabeta,0,0,0,0,5.614422911,2.156697643,5.43374516730111,INCLUSION,,
2023-07,No Elegible por Duplicidad,Vulnerabilidad Elevada,1,2.051104816,1.249197356,1,1.776038647,2.117608696,2.580217391,1.043888889,sotap,1,low,,,espanol_uno_mas_adultos,adultos_ninguno_analfabeta,,0,0,8.909093135,28.09152966,3.049217106,36.383312805189,EXCLUSION,,
2024-04,No Elegible por Duplicidad,Vulnerabilidad Elevada,2.070141643,1,2.578385269,1,1.776038647,2.823478261,2.580217391,1.043888889,sotap,2,complete,jefatura_masculina,si,espanol_uno_mas_adultos,adultos_ninguno_analfabeta,0,0,0,17.46888676,32.85812825,3.43704192,49.8317738296103,EXCLUSION,,
2024-01,Elegible,Vulnerabilidad Elevada,2.700708215,1,2.578385269,1,1.776038647,2.117608696,1.790108696,1,sotap,3,complete,jefatura_femenina,si,espanol_uno_mas_adultos,adultos_ninguno_analfabeta,0,0,0,20.97871872,21.88512181,3.235260316,42.8346715721607,INCLUSION,,
2024-02,Lista de Reserva,Vulnerabilidad Elevada,2.700708215,1,3.251728045,1,1.776038647,1.498900966,1.790108696,1,sotap,4,average,jefatura_femenina,si,espanol_uno_mas_adultos,adultos_ninguno_analfabeta,0,0,0,24.2379543,17.10850297,3.198959675,41.5758901432507,EXCLUSION,,
2023-07,No Elegible,Vulnerabilidad Baja,1,1,2.578385269,1,1.776038647,1,1.790108696,1.043888889,sotap,2,low,jefatura_femenina,no,espanol_uno_mas_adultos,adultos_ninguno_analfabeta,-500,0,0,8.975915299,12.53066404,2.616904864,21.3921839697659,EXCLUSION,,
2023-11,No Elegible,Vulnerabilidad Moderada,1,1,1,1,1.776038647,2.823478261,1.790108696,1,sotap,2,average,jefatura_masculina,no,espanol_ningun_adulto,adultos_ninguno_analfabeta,,0,0,0,26.18890898,2.730928248,25.3461237001146,EXCLUSION,,
2023-11,Elegible,Vulnerabilidad Elevada,2.700708215,1,3.251728045,1,1.776038647,2.823478261,1.790108696,1,sotap,3,low,jefatura_femenina,si,espanol_uno_mas_adultos,adultos_ninguno_analfabeta,,0,0,24.2379543,26.18890898,3.45239235,50.3640796074429,INCLUSION,,
2023-11,Elegible,Vulnerabilidad Elevada,2.700708215,1,3.251728045,1,1.776038647,2.117608696,1.790108696,1.043888889,sotap,1,low,,,espanol_ningun_adulto,adultos_uno_mas_analfabeta,,0,0,24.2379543,22.50821784,3.34966485,46.8018367890193,INCLUSION,,
2023-06,No Elegible por Intenciones,Vulnerabilidad Baja,1,1,1,1,1,1.498900966,1,1,pcr_cdmx,3,average,jefatura_femenina,no,espanol_uno_mas_adultos,adultos_ninguno_analfabeta,0,0,0,0,3.815111519,2.10647915,3.69233741520706,EXCLUSION,,
2024-04,No Elegible,Vulnerabilidad Moderada,1,1.525552408,1,1,1.776038647,2.823478261,1.790108696,1.043888889,,3,low,jefatura_masculina,no,espanol_ningun_adulto,adultos_ninguno_analfabeta,,0,0,3.741369748,26.85846924,2.86098074,29.855907609248,EXCLUSION,,
2024-03,No Elegible,Vulnerabilidad Baja,1,1,1,1,1,1.498900966,1,1,sotap,1,low,,,espanol_uno_mas_adultos,adultos_ninguno_analfabeta,500,0,0,0,3.815111519,2.10647915,3.69233741520706,EXCLUSION,,
2024-02,No Elegible,Vulnerabilidad Elevada,1,2.051104816,1,1.564135978,1.776038647,2.823478261,1.790108696,1.043888889,,4,average,jefatura_masculina,no,espanol_uno_mas_adultos,adultos_ninguno_analfabeta,,0,0,11.36661491,26.85846924,3.087952892,37.7265407858063,EXCLUSION,,
2024-05,No Elegible,Vulnerabilidad Moderada,1,1,1,1,1.776038647,2.823478261,1.790108696,1,futij,4,average,jefatura_femenina,no,espanol_uno_mas_adultos,adultos_ninguno_analfabeta,0,0,0,0,26.18890898,2.730928248,25.3461237001146,EXCLUSION,,
2023-12,Elegible,Vulnerabilidad Baja,1,1,1,1,1,1,2.580217391,1,sotap,2,low,jefatura_femenina,no,espanol_uno_mas_adultos,adultos_ninguno_analfabeta,,0,0,0,9.580889352,2.267401085,9.27256675176329,INCLUSION,,
2023-06,No Elegible,Vulnerabilidad Elevada,2.700708215,2.051104816,1.249197356,1,1.776038647,1.498900966,2.580217391,1.043888889,,4,average,jefatura_masculina,no,espanol_uno_mas_adultos,adultos_uno_mas_analfabeta,,0,0,20.89305637,22.80125306,3.258279578,43.6329017523191,EXCLUSION,,
2024-04,Lista de Reserva,Vulnerabilidad Baja,1.599560907,1,1,1,1,1,1.790108696,1.043888889,sotap,1,low,,,espanol_uno_mas_adultos,adultos_ninguno_analfabeta,,0,0,4.186184624,6.061858428,2.293790976,10.1876819933135,EXCLUSION,,
2023-12,Lista de Reserva,Vulnerabilidad Severa,2.700708215,1,3.251728045,1.564135978,1.776038647,2.823478261,1.790108696,1.043888889,sotap,1,low,,,espanol_uno_mas_adultos,adultos_ninguno_analfabeta,,0,0,31.08118723,26.85846924,3.674774537,58.0755477576362,EXCLUSION,,
2024-02,No Elegible,Vulnerabilidad Elevada,2.070141643,1,1,1,1.776038647,2.823478261,1.790108696,1.043888889,foten,4,average,jefatura_masculina,no,espanol_uno_mas_adultos,adultos_ninguno_analfabeta,-500,0,0,6.702282231,26.85846924,2.949114914,32.9121052168634,EXCLUSION,,
2023-06,No Elegible,Vulnerabilidad Elevada,1.599560907,2.051104816,1,1,1.776038647,2.823478261,2.580217391,1,sotap,7,average,jefatura_masculina,no,espanol_uno_mas_adultos,adultos_ninguno_analfabeta,0,0,0,11.61905914,32.12448674,3.242440821,43.0836607144044,EXCLUSION,,
2024-02,No Elegible,Vulnerabilidad Baja,1,1,1,1,1.776038647,1,1.790108696,1,sotap,1,low,,,espanol_uno_mas_adultos,adultos_ninguno_analfabeta,,0,0,0,12.01413641,2.33531262,11.6275094861898,EXCLUSION,,
2023-08,Lista de Reserva,Vulnerabilidad Baja,1,1,2.578385269,1,1,1,1,1.043888889,sotap,1,low,,,espanol_uno_mas_adultos,adultos_ninguno_analfabeta,0,0,0,8.975915299,0.386821499,2.277972167,9.6391424255778,EXCLUSION,,
2024-04,No Elegible,Vulnerabilidad Baja,1,1,1,1,1.776038647,1,2.580217391,1,sotap,1,low,,,espanol_uno_mas_adultos,adultos_ninguno_analfabeta,0,0,0,0,16.59309681,2.46311067,16.0591143615574,EXCLUSION,,
2023-07,No Elegible,Vulnerabilidad Elevada,1,1,1,1,1.776038647,2.117608696,2.580217391,1.738466184,sotap,2,average,jefatura_masculina,no,espanol_uno_mas_adultos,adultos_ninguno_analfabeta,0,0,0,0,36.78475459,3.0266566,35.6009844025392,EXCLUSION,,
2023-10,No Elegible,Vulnerabilidad Severa,2.070141643,1,3.251728045,1,1.776038647,2.823478261,2.580217391,1.043888889,sotap,5,high,jefatura_masculina,no,espanol_uno_mas_adultos,adultos_uno_mas_analfabeta,-500,0,0,20.51851115,32.85812825,3.527816682,52.9795381821049,EXCLUSION,,
2024-04,No Elegible,Vulnerabilidad Baja,1,1,1,1,1,1,1.790108696,1,sotap,1,low,,,espanol_uno_mas_adultos,adultos_ninguno_analfabeta,,0,0,0,5.614422911,2.156697643,5.43374516730111,EXCLUSION,,
2024-01,Elegible,Vulnerabilidad Baja,1,1,1,1,1.776038647,1,1.790108696,1,sotap,3,low,jefatura_masculina,no,espanol_uno_mas_adultos,adultos_ninguno_analfabeta,0,0,0,0,12.01413641,2.33531262,11.6275094861898,INCLUSION,,
2024-05,Lista de Reserva,Vulnerabilidad Baja,1,1,2.578385269,1,1,2.117608696,1.790108696,1,sotap,1,low,,,espanol_uno_mas_adultos,adultos_ninguno_analfabeta,0,0,0,8.975915299,14.16503897,2.662520006,22.9739630801435,EXCLUSION,,
2024-04,No Elegible,Vulnerabilidad Elevada,2.070141643,1,1,1,1.776038647,2.823478261,2.580217391,1.043888889,sotap,3,average,jefatura_femenina,no,espanol_uno_mas_adultos,adultos_ninguno_analfabeta,,0,0,6.702282231,32.85812825,3.116564434,38.7186892002626,EXCLUSION,,
2023-08,Lista de Reserva,Vulnerabilidad Moderada,1,1,1,1,1.776038647,2.823478261,2.580217391,1,sotap,1,low,,,espanol_uno_mas_adultos,adultos_ninguno_analfabeta,,0,0,0,32.12448674,2.896589272,31.0906886322201,EXCLUSION,,
2023-07,No Elegible,Vulnerabilidad Baja,1,1,1,1,1.776038647,1,2.580217391,1,pcr_cdmx,3,average,jefatura_femenina,si,espanol_uno_mas_adultos,adultos_ninguno_analfabeta,0,0,0,0,16.59309681,2.46311067,16.0591143615574,EXCLUSION,,
2024-06,No Elegible,Vulnerabilidad Moderada,1,1,1,1,1.776038647,2.823478261,1.790108696,1.043888889,sotap,1,low,,,espanol_ningun_adulto,adultos_ninguno_analfabeta,-500,0,0,0,26.85846924,2.749615568,25.9941368413876,EXCLUSION,,
2023-11,Elegible,Vulnerabilidad Moderada,1,1,2.578385269,1,1.776038647,2.117608696,1.790108696,1,sotap,3,low,jefatura_masculina,no,espanol_uno_mas_adultos,adultos_ninguno_analfabeta,0,0,0,8.975915299,21.88512181,2.877986279,30.4456059342695,INCLUSION,,
2023-08,No Elegible,Vulnerabilidad Moderada,1,1,1,1,1.776038647,2.823478261,2.580217391,1,sotap,1,low,,,espanol_uno_mas_adultos,adultos_ninguno_analfabeta,,0,0,0,32.12448674,2.896589272,31.0906886322201,EXCLUSION,,
2023-09,Lista de Reserva,Vulnerabilidad Baja,1,1,1,1,1.776038647,2.117608696,1.790108696,1,sotap,1,low,,,espanol_uno_mas_adultos,adultos_ninguno_analfabeta,-500,0,0,0,21.88512181,2.610810239,21.1808367050324,EXCLUSION,,
2024-04,No Elegible,Vulnerabilidad Baja,1,1,2.578385269,1,1,1,1,1,fomon,3,low,jefatura_masculina,no,espanol_uno_mas_adultos,adultos_ninguno_analfabeta,,0,0,8.975915299,0,2.267176041,9.26476922923712,EXCLUSION,,
2024-01,No Elegible,Vulnerabilidad Elevada,1,2.051104816,1,1,1.776038647,2.117608696,2.580217391,1.043888889,sotap,4,average,jefatura_femenina,si,espanol_uno_mas_adultos,adultos_ninguno_analfabeta,,0,0,6.609317356,28.09152966,2.980762251,34.009527941845,EXCLUSION,,
2024-01,No Elegible,Vulnerabilidad Severa,2.070141643,2.051104816,1,1,1.776038647,2.117608696,2.580217391,2.544987923,sotap,3,complete,jefatura_femenina,si,espanol_uno_mas_adultos,adultos_ninguno_analfabeta,,0,0,14.63015408,44.04383881,3.664735924,57.7274311017039,EXCLUSION,,
2024-06,No Elegible,Vulnerabilidad Baja,1,1,1.249197356,1,1,1.498900966,1,1,sotap,2,low,jefatura_masculina,no,espanol_ningun_adulto,adultos_ninguno_analfabeta,,0,0,1.921713018,3.815111519,2.163680634,5.67589307983932,EXCLUSION,,
2024-06,Lista de Reserva,Vulnerabilidad Baja,1,1,1,1,1.776038647,1,2.580217391,1,sotap,4,average,jefatura_masculina,no,espanol_uno_mas_adultos,adultos_ninguno_analfabeta,0,0,0,0,16.59309681,2.46311067,16.0591143615574,EXCLUSION,,
2023-07,Elegible,Vulnerabilidad Baja,1,1,1,1,1,1,1,1,foten,1,low,,,espanol_uno_mas_adultos,adultos_ninguno_analfabeta,-500,0,0,0,0,2,0,INCLUSION,,
2024-03,Elegible,Vulnerabilidad Baja,1,1,1,1,1,1,1,1,sotap,1,low,,,espanol_uno_mas_adultos,adultos_ninguno_analfabeta,,0,0,0,0,2,0,INCLUSION,,
2024-05,No Elegible,Vulnerabilidad Baja,1,1,1.249197356,1,1.776038647,1.498900966,1.790108696,1.043888889,sotap,1,low,,,espanol_uno_mas_adultos,adultos_ninguno_analfabeta,,0,0,1.921713018,17.68003002,2.550648286,19.0946246385586,EXCLUSION,,
2023-11,Lista de Reserva,Vulnerabilidad Baja,1,1,1,1,1,1.498900966,1.790108696,1,sotap,1,low,,,espanol_uno_mas_adultos,adultos_ninguno_analfabeta,0,0,0,0,10.02735341,2.279861825,9.70466314991279,EXCLUSION,,
2024-04,Elegible,Vulnerabilidad Baja,1,1,1,1,1.776038647,1.498900966,1.790108696,1,sotap,1,low,,,espanol_uno_mas_adultos,adultos_ninguno_analfabeta,0,0,0,0,17.10850297,2.477495573,16.5579342359224,INCLUSION,,
2024-06,No Elegible,Vulnerabilidad Elevada,1,1,3.251728045,1,1.776038647,2.117608696,2.580217391,1.043888889,fupal,5,high,jefatura_masculina,no,espanol_ningun_adulto,adultos_ninguno_analfabeta,,0,0,11.51832969,28.09152966,3.126883335,39.0765172017654,EXCLUSION,,
2024-01,Elegible,Vulnerabilidad Baja,1,1,1,1,1.776038647,2.823478261,1,1,pcr_cdmx,1,low,,,espanol_ningun_adulto,adultos_ninguno_analfabeta,,0,0,0,17.78726377,2.496439678,17.2148518346176,INCLUSION,,
2023-07,Lista de Reserva,Vulnerabilidad Elevada,1,1,2.578385269,1,1.776038647,2.823478261,2.580217391,1.043888889,futij,1,low,,,espanol_uno_mas_adultos,adultos_uno_mas_analfabeta,0,0,0,8.975915299,32.85812825,3.184241129,41.0654900540239,EXCLUSION,,
2023-07,No Elegible,Vulnerabilidad Baja,1,1,1,1,1,1.498900966,1.790108696,1.043888889,pcr_cdmx,5,average,jefatura_femenina,si,espanol_uno_mas_adultos,adultos_ninguno_analfabeta,0,0,0,0,10.52243148,2.293679375,10.1838091125421,EXCLUSION,,
2023-08,Elegible,Vulnerabilidad Baja,1,1.525552408,2.578385269,1,1,1.498900966,1,1,sotap,3,low,jefatura_masculina,no,espanol_uno_mas_adultos,adultos_ninguno_analfabeta,0,0,0,13.7168894,3.815111519,2.51477447,17.8506500329885,INCLUSION,,
2023-10,Elegible,Vulnerabilidad Severa,2.700708215,1,3.251728045,1,1.776038647,2.823478261,2.580217391,1.043888889,foten,1,low,,,espanol_uno_mas_adultos,adultos_ninguno_analfabeta,0,0,0,24.2379543,32.85812825,3.63852919,56.8186767321151,INCLUSION,,
2023-12,No Elegible,Vulnerabilidad Elevada,2.070141643,1,1,1,1.776038647,2.823478261,2.580217391,1.043888889,sotap,3,average,jefatura_femenina,si,espanol_uno_mas_adultos,adultos_ninguno_analfabeta,,0,0,6.702282231,32.85812825,3.116564434,38.7186892002626,EXCLUSION,,
2024-05,No Elegible,Vulnerabilidad Moderada,1,1,1,1,1.776038647,2.823478261,1.790108696,1,fupal,1,low,,,espanol_uno_mas_adultos,adultos_ninguno_analfabeta,,0,0,0,26.18890898,2.730928248,25.3461237001146,EXCLUSION,,
2023-09,Elegible,Vulnerabilidad Baja,1,1,1,1,1.776038647,1,2.580217391,1.043888889,sotap,1,low,,,espanol_uno_mas_adultos,adultos_ninguno_analfabeta,0,0,0,0,17.15905947,2.478906597,16.6068637771959,INCLUSION,,
2023-11,Lista de Reserva,Vulnerabilidad Elevada,2.070141643,1,1,1,1.776038647,2.117608696,2.580217391,1.043888889,sotap,4,average,jefatura_masculina,no,espanol_uno_mas_adultos,adultos_ninguno_analfabeta,,0,0,6.702282231,28.09152966,2.983529432,34.1054845194874,EXCLUSION,,
2024-06,No Elegible,Vulnerabilidad Baja,1,1,2.578385269,1,1.776038647,1,1.790108696,1,sotap,1,low,,,espanol_uno_mas_adultos,adultos_ninguno_analfabeta,-500,0,0,8.975915299,12.01413641,2.602488661,20.8922787154269,EXCLUSION,,
2024-07,No Elegible,Vulnerabilidad Severa,2.700708215,2.051104816,3.251728045,1,1.776038647,2.117608696,2.580217391,1.043888889,sotap,2,average,jefatura_femenina,no,espanol_uno_mas_adultos,adultos_uno_mas_analfabeta,,0,0,35.61565687,28.09152966,3.844161546,63.949320467745,EXCLUSION,,
2024-03,Lista de Reserva,Vulnerabilidad Severa,2.070141643,1,1,1,1.776038647,2.823478261,2.580217391,2.544987923,fupal,1,low,,,espanol_uno_mas_adultos,adultos_uno_mas_analfabeta,,0,0,6.702282231,50,3.594991325,55.3089183754758,EXCLUSION,,
2023-08,Lista de Reserva,Vulnerabilidad Baja,1,1,1,1,1,1,1.790108696,1,pcr_cdmx,1,low,,,espanol_uno_mas_adultos,adultos_ninguno_analfabeta,,0,0,0,5.614422911,2.156697643,5.43374516730111,EXCLUSION,,
2024-03,No Elegible,Vulnerabilidad Baja,1,1,1,1,1,2.117608696,1,1,fupal,1,low,,,espanol_uno_mas_adultos,adultos_ninguno_analfabeta,-500,0,0,0,7.392265486,2.206316944,7.15437499039503,EXCLUSION,,
2024-01,No Elegible,Vulnerabilidad Baja,1,1.525552408,1,1,1.776038647,1.498900966,1.790108696,1,sotap,4,average,jefatura_masculina,no,espanol_uno_mas_adultos,adultos_ninguno_analfabeta,500,0,0,3.741369748,17.10850297,2.588860746,20.4197050037828,EXCLUSION,,
2024-02,No Elegible,Vulnerabilidad Elevada,1.599560907,1,2.578385269,1,1.776038647,2.823478261,2.580217391,1.043888889,sotap,2,complete,jefatura_femenina,si,espanol_uno_mas_adultos,adultos_ninguno_analfabeta,0,0,0,14.28054816,32.85812825,3.342138208,46.5408313051237,EXCLUSION,,
2024-03,Elegible,Vulnerabilidad Moderada,1,1,1,1,1.776038647,2.823478261,1.790108696,1,fupal,1,low,,,espanol_uno_mas_adultos,adultos_ninguno_analfabeta,,0,0,0,26.18890898,2.730928248,25.3461237001146,INCLUSION,,
2024-05,No Elegible,Vulnerabilidad Baja,1,1,1,1,1.776038647,1,2.580217391,1,sotap,1,low,,,espanol_uno_mas_adultos,adultos_ninguno_analfabeta,0,0,0,0,16.59309681,2.46311067,16.0591143615574,EXCLUSION,,
2024-06,No Elegible,Vulnerabilidad Elevada,1,1,2.578385269,1,1.776038647,2.117608696,2.580217391,1.043888889,sotap,1,low,,,espanol_uno_mas_adultos,adultos_ninguno_analfabeta,-500,0,0,8.975915299,28.09152966,3.051206127,36.4522853732487,EXCLUSION,,
2024-04,No Elegible,Vulnerabilidad Baja,1,1,1,1,1,1,1.790108696,1,sotap,6,average,jefatura_femenina,si,espanol_uno_mas_adultos,adultos_ninguno_analfabeta,0,0,0,0,5.614422911,2.156697643,5.43374516730111,EXCLUSION,,
2024-02,No Elegible,Vulnerabilidad Elevada,2.070141643,1,3.251728045,1,1,2.117608696,2.580217391,1.043888889,sotap,3,average,jefatura_femenina,si,espanol_uno_mas_adultos,adultos_ninguno_analfabeta,,0,0,20.51851115,19.54126117,3.156145058,40.0912212016064,EXCLUSION,,
2023-11,Elegible,Vulnerabilidad Severa,2.070141643,2.051104816,3.251728045,1,1.776038647,2.823478261,1.790108696,1.043888889,sotap,3,complete,jefatura_masculina,no,espanol_uno_mas_adultos,adultos_uno_mas_analfabeta,0,0,0,31.16447961,26.85846924,3.677253808,58.161520569717,INCLUSION,,
2024-05,No Elegible,Vulnerabilidad Elevada,2.700708215,1,1,1,1.776038647,2.823478261,1.790108696,1,sotap,5,low,jefatura_femenina,no,espanol_uno_mas_adultos,adultos_ninguno_analfabeta,,0,0,9.472088355,26.18890898,3.012873318,35.1230333304669,EXCLUSION,,
2023-07,Lista de Reserva,Vulnerabilidad Moderada,1,1,1,1,1.776038647,2.823478261,2.580217391,1,sotap,6,average,jefatura_masculina,no,espanol_ningun_adulto,adultos_ninguno_analfabeta,,0,0,0,32.12448674,2.896589272,31.0906886322201,EXCLUSION,,
2024-04,Elegible,Vulnerabilidad Baja,1,1,1,1,1,1.498900966,1,1,sotap,1,low,,,espanol_uno_mas_adultos,adultos_uno_mas_analfabeta,0,0,0,0,3.815111519,2.10647915,3.69233741520706,INCLUSION,,
2023-11,Elegible,Vulnerabilidad Baja,1,2.051104816,1,1,1.776038647,1.498900966,1.790108696,1,sotap,2,low,jefatura_masculina,no,espanol_uno_mas_adultos,adultos_ninguno_analfabeta,0,0,0,6.609317356,17.10850297,2.674227738,23.3799460337559,INCLUSION,,
2023-10,Elegible,Vulnerabilidad Elevada,1,1,1,1,1.776038647,2.117608696,2.580217391,1.738466184,pcr_cdmx,1,low,,,espanol_uno_mas_adultos,adultos_ninguno_analfabeta,0,0,0,0,36.78475459,3.0266566,35.6009844025392,INCLUSION,,
2023-12,Lista de Reserva,Vulnerabilidad Elevada,1,1,2.578385269,1,1.776038647,2.823478261,1.790108696,1,sotap,1,low,,,espanol_uno_mas_adultos,adultos_ninguno_analfabeta,,0,0,8.975915299,26.18890898,2.998104289,34.6108929293517,EXCLUSION,,
2024-03,No Elegible,Vulnerabilidad Baja,1,2.051104816,1,1,1.776038647,1.498900966,1.790108696,1,sotap,1,low,,,espanol_uno_mas_adultos,adultos_ninguno_analfabeta,,0,0,6.609317356,17.10850297,2.674227738,23.3799460337559,EXCLUSION,,
2024-05,No Elegible,Vulnerabilidad Moderada,1,1,1,1,1.776038647,2.823478261,1.790108696,1,sotap,4,average,jefatura_masculina,no,espanol_ningun_adulto,adultos_ninguno_analfabeta,,0,0,0,26.18890898,2.730928248,25.3461237001146,EXCLUSION,,
2024-02,Elegible,Vulnerabilidad Elevada,2.070141643,1,2.578385269,1,1.776038647,2.823478261,1.790108696,1.043888889,foten,1,low,,,espanol_uno_mas_adultos,adultos_uno_mas_analfabeta,0,0,0,17.46888676,26.85846924,3.2695924,44.0251898462111,INCLUSION,,
2024-01,No Elegible,Vulnerabilidad Moderada,1,1,1,1,1.776038647,2.117608696,2.580217391,1,sotap,2,low,jefatura_masculina,no,espanol_uno_mas_adultos,adultos_ninguno_analfabeta,0,0,0,0,27.40879931,2.764975192,26.5267567394049,EXCLUSION,,
2023-10,Elegible,Vulnerabilidad Elevada,1,1,2.578385269,1,1.776038647,2.823478261,1.790108696,1.043888889,sotap,1,low,,,espanol_uno_mas_adultos,adultos_uno_mas_analfabeta,,0,0,8.975915299,26.85846924,3.016791609,35.2589060706247,INCLUSION,,
2024-02,Lista de Reserva,Vulnerabilidad Baja,1,1,1,1,1,1,1.790108696,1.043888889,fupal,2,low,jefatura_masculina,no,espanol_uno_mas_adultos,adultos_ninguno_analfabeta,,0,0,0,6.061858428,2.169185496,5.86678176192853,EXCLUSION,,
2024-04,No Elegible por Duplicidad,Vulnerabilidad Baja,2.700708215,1,1,1,1,1,1.790108696,1,futij,1,low,,,espanol_uno_mas_adultos,adultos_ninguno_analfabeta,0,0,0,9.472088355,5.614422911,2.438642712,15.2106547976534,EXCLUSION,,
2023-09,No Elegible,Vulnerabilidad Elevada,2.070141643,1,1,1,1.776038647,2.823478261,2.580217391,1.043888889,foten,2,average,jefatura_femenina,si,espanol_uno_mas_adultos,adultos_ninguno_analfabeta,-500,0,0,6.702282231,32.85812825,3.116564434,38.7186892002626,EXCLUSION,,
2024-05,No Elegible,Vulnerabilidad Baja,1,1,2.578385269,1,1.776038647,1,1.790108696,1,sotap,1,low,,,espanol_uno_mas_adultos,adultos_ninguno_analfabeta,,0,0,8.975915299,12.01413641,2.602488661,20.8922787154269,EXCLUSION,,
2024-06,No Elegible,Vulnerabilidad Baja,1,1.525552408,1,1,1.776038647,1,1,1,sotap,4,average,jefatura_masculina,no,espanol_uno_mas_adultos,adultos_ninguno_analfabeta,0,0,0,3.741369748,5.532745347,2.265783208,9.21646683684858,EXCLUSION,,
2024-02,No Elegible,Vulnerabilidad Baja,2.070141643,1,1,1,1.776038647,1,1.790108696,1.043888889,sotap,3,average,jefatura_masculina,no,espanol_uno_mas_adultos,adultos_ninguno_analfabeta,,0,0,6.702282231,12.53066404,2.549228169,19.0453831160046,EXCLUSION,,
2024-01,No Elegible,Vulnerabilidad Elevada,1,1,2.578385269,1,1.776038647,2.117608696,2.580217391,1.043888889,sotap,2,low,jefatura_masculina,no,espanol_ningun_adulto,adultos_uno_mas_analfabeta,0,0,0,8.975915299,28.09152966,3.051206127,36.4522853732487,EXCLUSION,,
2024-03,Elegible,Vulnerabilidad Moderada,2.700708215,1,1,1,1.776038647,2.117608696,2.580217391,1.043888889,sotap,5,high,jefatura_masculina,no,espanol_uno_mas_adultos,adultos_ninguno_analfabeta,0,0,-500,9.472088355,28.09152966,3.065975156,36.9644257743638,INCLUSION,,
2024-07,Lista de Reserva,Vulnerabilidad Elevada,2.070141643,1,1,1,1.776038647,2.117608696,2.580217391,1.043888889,pcr_cdmx,1,low,,,espanol_ningun_adulto,adultos_uno_mas_analfabeta,0,0,0,6.702282231,28.09152966,2.983529432,34.1054845194874,EXCLUSION,,
2023-06,No Elegible,Vulnerabilidad Elevada,1,1,1,1,1.776038647,2.823478261,2.580217391,1.043888889,foten,3,average,jefatura_femenina,si,espanol_uno_mas_adultos,adultos_ninguno_analfabeta,0,0,0,0,32.85812825,2.917065088,31.8007208247868,EXCLUSION,,
2024-01,No Elegible,Vulnerabilidad Baja,1.599560907,1,1.249197356,1,1,1.498900966,1.790108696,1.043888889,futij,1,low,,,espanol_uno_mas_adultos,adultos_ninguno_analfabeta,,0,0,6.347353616,10.52243148,2.482613957,16.7354269152586,EXCLUSION,,
2024-05,No Elegible,Vulnerabilidad Moderada,1,1.525552408,1,1,1.776038647,2.823478261,1.790108696,1,sotap,1,low,,,espanol_ningun_adulto,adultos_ninguno_analfabeta,0,0,-500,3.741369748,26.18890898,2.842293421,29.207894467975,EXCLUSION,,
2024-03,No Elegible,Vulnerabilidad Baja,1,1,1,1,1.776038647,2.117608696,1.790108696,1,sotap,4,average,jefatura_masculina,no,espanol_uno_mas_adultos,adultos_ninguno_analfabeta,,0,0,0,21.88512181,2.610810239,21.1808367050324,EXCLUSION,,
2023-10,Lista de Reserva,Vulnerabilidad Severa,2.070141643,1,2.578385269,1,1.776038647,2.117608696,2.580217391,2.544987923,sotap,5,high,jefatura_femenina,si,espanol_ningun_adulto,adultos_ninguno_analfabeta,0,0,0,17.46888676,44.04383881,3.749233307,60.657517038079,EXCLUSION,,
2024-03,No Elegible,Vulnerabilidad Elevada,1,1,2.578385269,1,1.776038647,2.823478261,1.790108696,1,sotap,3,low,jefatura_masculina,no,espanol_uno_mas_adultos,adultos_ninguno_analfabeta,0,0,0,8.975915299,26.18890898,2.998104289,34.6108929293517,EXCLUSION,,
2024-01,Elegible por Proceso Acelerado,Vulnerabilidad Moderada,1,1,1,1,1.776038647,2.823478261,2.580217391,1,fupal,5,average,jefatura_femenina,no,espanol_uno_mas_adultos,adultos_ninguno_analfabeta,,0,0,0,32.12448674,2.896589272,31.0906886322201,INCLUSION,,
2024-01,Elegible,Vulnerabilidad Elevada,2.070141643,1,1,1,1.776038647,2.823478261,1.790108696,1,sotap,1,low,,,espanol_uno_mas_adultos,adultos_uno_mas_analfabeta,,0,0,6.702282231,26.18890898,2.930427594,32.2640920755904,INCLUSION,,
2024-05,Elegible,Vulnerabilidad Elevada,1,2.051104816,2.578385269,1,1.776038647,2.823478261,2.580217391,1,sotap,3,average,jefatura_femenina,si,espanol_uno_mas_adultos,adultos_ninguno_analfabeta,-500,0,0,17.3510839,32.12448674,3.413059597,49.000147763206,INCLUSION,,
2024-06,No Elegible,Vulnerabilidad Moderada,1,2.051104816,1.249197356,1,1.776038647,2.117608696,1.790108696,1,sotap,5,high,jefatura_masculina,no,espanol_uno_mas_adultos,adultos_ninguno_analfabeta,,0,0,8.909093135,21.88512181,2.875997259,30.3766333662098,EXCLUSION,,
2023-08,No Elegible,Vulnerabilidad Baja,1,1,1.249197356,1,1,1,1.790108696,1,fomon,1,low,,,espanol_uno_mas_adultos,adultos_ninguno_analfabeta,,0,0,1.921713018,5.614422911,2.213899127,7.41730083193337,EXCLUSION,,
2024-04,Lista de Reserva,Vulnerabilidad Baja,2.070141643,1,1,1,1.776038647,1,1.790108696,1.043888889,pcr_cdmx,2,low,jefatura_masculina,no,espanol_uno_mas_adultos,adultos_ninguno_analfabeta,,0,0,6.702282231,12.53066404,2.549228169,19.0453831160046,EXCLUSION,,
2024-01,Lista de Reserva,Vulnerabilidad Moderada,2.070141643,1,1,1,1.776038647,2.117608696,1.790108696,1.043888889,sotap,1,low,,,espanol_uno_mas_adultos,adultos_ninguno_analfabeta,,0,0,6.702282231,22.50821784,2.827700095,28.7018492571668,EXCLUSION,,
2024-05,No Elegible,Vulnerabilidad Moderada,1,1.525552408,1,1,1.776038647,2.823478261,1.790108696,1,fupal,1,low,,,espanol_uno_mas_adultos,adultos_ninguno_analfabeta,0,0,0,3.741369748,26.18890898,2.842293421,29.207894467975,EXCLUSION,,
2024-01,Lista de Reserva,Vulnerabilidad Baja,2.070141643,1,2.578385269,1,1,1,1.790108696,1,sotap,1,low,,,espanol_uno_mas_adultos,adultos_ninguno_analfabeta,-500,-500,0,17.46888676,5.614422911,2.676674474,23.4647981721247,EXCLUSION,,
2023-10,Elegible,Vulnerabilidad Baja,1,1.525552408,1,1,1.776038647,1.498900966,1,1,sotap,1,low,,,espanol_uno_mas_adultos,adultos_ninguno_analfabeta,,0,0,3.741369748,9.93697889,2.388704659,13.4789677402013,INCLUSION,,
2024-01,Elegible,Vulnerabilidad Elevada,2.700708215,1,1,1,1.776038647,2.823478261,2.580217391,1,sotap,3,average,jefatura_femenina,si,espanol_uno_mas_adultos,adultos_uno_mas_analfabeta,0,0,0,9.472088355,32.12448674,3.178534341,40.8675982625723,INCLUSION,,
2023-07,No Elegible,Vulnerabilidad Elevada,2.070141643,1,2.578385269,1,1.776038647,2.823478261,2.580217391,1.043888889,fupal,2,average,jefatura_femenina,si,espanol_uno_mas_adultos,adultos_ninguno_analfabeta,,0,0,17.46888676,32.85812825,3.43704192,49.8317738296103,EXCLUSION,,
2024-01,Elegible,Vulnerabilidad Moderada,1,1,2.578385269,1,1.776038647,2.117608696,1.790108696,1,sotap,1,low,,,espanol_uno_mas_adultos,adultos_ninguno_analfabeta,0,0,0,8.975915299,21.88512181,2.877986279,30.4456059342695,INCLUSION,,
2024-02,Elegible,Vulnerabilidad Elevada,2.070141643,1,3.251728045,1,1.776038647,2.117608696,2.580217391,1.043888889,sotap,1,low,,,espanol_uno_mas_adultos,adultos_ninguno_analfabeta,0,0,0,20.51851115,28.09152966,3.39478168,48.3663335013297,INCLUSION,,
2023-11,Lista de Reserva,Vulnerabilidad Baja,1,1,2.578385269,1,1.776038647,1,1.790108696,1,fusal,1,low,,,espanol_ningun_adulto,adultos_ninguno_analfabeta,,0,0,8.975915299,12.01413641,2.602488661,20.8922787154269,EXCLUSION,,
2023-06,Lista de Reserva,Vulnerabilidad Moderada,1,1,1,1,1.776038647,2.823478261,1.790108696,1,sotap,1,low,,,espanol_ningun_adulto,adultos_uno_mas_analfabeta,0,0,0,0,26.18890898,2.730928248,25.3461237001146,EXCLUSION,,
2023-08,No Elegible,Vulnerabilidad Moderada,1,1.525552408,1,1,1.776038647,1.498900966,2.580217391,1.043888889,sotap,5,low,jefatura_masculina,no,espanol_uno_mas_adultos,adultos_ninguno_analfabeta,,0,0,3.741369748,22.80125306,2.747744488,25.9292567031365,EXCLUSION,,
2024-05,No Elegible,Vulnerabilidad Elevada,2.700708215,1,1,1,1.776038647,2.117608696,2.580217391,1,sotap,1,low,,,espanol_uno_mas_adultos,adultos_ninguno_analfabeta,,0,0,9.472088355,27.40879931,3.046920262,36.3036663697571,EXCLUSION,,
2023-11,Lista de Reserva,Vulnerabilidad Baja,1,1,1,1,1.776038647,1,1.790108696,1,pcr_cdmx,2,low,jefatura_masculina,no,espanol_uno_mas_adultos,adultos_ninguno_analfabeta,0,0,0,0,12.01413641,2.33531262,11.6275094861898,EXCLUSION,,
2023-10,Lista de Reserva,Vulnerabilidad Baja,2.700708215,1,1.249197356,1,1,1,1,2.544987923,sotap,4,complete,jefatura_masculina,si,espanol_uno_mas_adultos,adultos_ninguno_analfabeta,,0,0,11.93561888,9.42508403,2.618326813,21.4414944320079,EXCLUSION,,
2023-11,No Elegible,Vulnerabilidad Baja,1,1,1,1,1.776038647,1.498900966,1,1,pcr_cdmx,1,low,,,espanol_uno_mas_adultos,adultos_ninguno_analfabeta,0,0,0,0,9.93697889,2.277339487,9.61719697234091,EXCLUSION,,
2024-01,Elegible,Vulnerabilidad Elevada,1,1,3.251728045,1,1.776038647,2.823478261,2.580217391,1.043888889,foten,4,average,jefatura_femenina,no,espanol_uno_mas_adultos,adultos_ninguno_analfabeta,,0,0,11.51832969,32.85812825,3.259918337,43.6897218825406,INCLUSION,,
2024-04,Lista de Reserva,Vulnerabilidad Elevada,1,2.051104816,2.578385269,1,1.776038647,1,2.580217391,1,sotap,2,average,jefatura_femenina,si,espanol_uno_mas_adultos,adultos_uno_mas_analfabeta,,0,0,17.3510839,16.59309681,2.979580996,33.9685734925433,EXCLUSION,,
2024-03,Elegible,Vulnerabilidad Baja,2.070141643,1,1,1,1.776038647,1.498900966,1.790108696,1.043888889,sotap,1,low,,,espanol_uno_mas_adultos,adultos_ninguno_analfabeta,0,0,0,6.702282231,17.68003002,2.692946147,24.0290373494022,INCLUSION,,
2023-11,Elegible,Vulnerabilidad Elevada,1,1,2.578385269,1,1.776038647,2.823478261,1.790108696,1,sotap,1,low,,,espanol_uno_mas_adultos,adultos_ninguno_analfabeta,0,0,0,8.975915299,26.18890898,2.998104289,34.6108929293517,INCLUSION,,
2023-06,Lista de Reserva,Vulnerabilidad Baja,1,2.051104816,1,1,1,1.498900966,1,1,sotap,1,low,,,espanol_uno_mas_adultos,adultos_ninguno_analfabeta,,0,0,6.609317356,3.815111519,2.303211315,10.5143492130405,EXCLUSION,,
2024-02,No Elegible,Vulnerabilidad Baja,1,1,1,1,1.776038647,1,2.580217391,1.738466184,pcr_cdmx,1,low,,,espanol_ningun_adulto,adultos_uno_mas_analfabeta,0,0,0,0,24.36547812,2.680036586,23.5813726686203,EXCLUSION,,
2024-01,Lista de Reserva,Vulnerabilidad Severa,2.070141643,1,3.251728045,1,1.776038647,2.117608696,2.580217391,2.544987923,sotap,2,low,jefatura_masculina,no,espanol_uno_mas_adultos,adultos_uno_mas_analfabeta,0,0,0,20.51851115,44.04383881,3.840008069,63.8052813905735,EXCLUSION,,
2023-10,No Elegible,Vulnerabilidad Baja,1,1,1,1,1,2.117608696,1.790108696,1,fupal,1,low,,,espanol_uno_mas_adultos,adultos_ninguno_analfabeta,0,0,0,0,14.16503897,2.395343965,13.7091938509064,EXCLUSION,,
2024-05,Elegible,Vulnerabilidad Baja,1,2.051104816,1,1,1.776038647,1,1.790108696,1,fupal,2,low,jefatura_femenina,no,espanol_uno_mas_adultos,adultos_ninguno_analfabeta,,0,0,6.609317356,12.01413641,2.532044784,18.4495212840232,INCLUSION,,
2023-08,No Elegible por Intenciones,Vulnerabilidad Elevada,1,1.525552408,2.578385269,1,1.776038647,2.823478261,1.790108696,1,sotap,2,average,jefatura_masculina,no,espanol_uno_mas_adultos,adultos_ninguno_analfabeta,0,0,0,13.7168894,26.18890898,3.139223567,39.504436317896,EXCLUSION,,
2024-01,Lista de Reserva,Vulnerabilidad Elevada,2.700708215,1,1,1,1.776038647,2.823478261,1.790108696,1,sotap,1,low,,,espanol_uno_mas_adultos,adultos_ninguno_analfabeta,,0,0,9.472088355,26.18890898,3.012873318,35.1230333304669,EXCLUSION,,
2023-06,Lista de Reserva,Vulnerabilidad Moderada,1,1,1,1,1.776038647,2.823478261,1.790108696,1,sotap,4,average,jefatura_femenina,si,espanol_uno_mas_adultos,adultos_ninguno_analfabeta,-500,0,0,0,26.18890898,2.730928248,25.3461237001146,EXCLUSION,,
2024-06,No Elegible,Vulnerabilidad Moderada,2.070141643,1,1,1,1.776038647,1,1.790108696,2.544987923,foten,1,low,,,espanol_uno_mas_adultos,adultos_ninguno_analfabeta,,0,0,6.702282231,24.59957006,2.8860694,30.725899671375,EXCLUSION,,
2024-01,No Elegible,Vulnerabilidad Baja,1,1,1,1,1.776038647,2.117608696,1.790108696,1,sotap,4,average,jefatura_masculina,no,espanol_uno_mas_adultos,adultos_ninguno_analfabeta,-500,0,0,0,21.88512181,2.610810239,21.1808367050324,EXCLUSION,,
2023-12,Elegible,Vulnerabilidad Moderada,2.700708215,1,2.578385269,1,1,1,1.790108696,1.043888889,sotap,1,low,,,espanol_uno_mas_adultos,adultos_ninguno_analfabeta,,0,0,20.97871872,6.061858428,2.793635574,27.5206166290569,INCLUSION,,
2024-04,No Elegible,Vulnerabilidad Moderada,1,1,1,1,1.776038647,2.823478261,1.790108696,1.043888889,sotap,2,low,jefatura_femenina,no,espanol_uno_mas_adultos,adultos_ninguno_analfabeta,0,0,0,0,26.85846924,2.749615568,25.9941368413876,EXCLUSION,,
2024-06,No Elegible,Vulnerabilidad Baja,1,1.525552408,1,1,1.776038647,2.823478261,1,1.043888889,sotap,1,low,,,espanol_uno_mas_adultos,adultos_ninguno_analfabeta,500,0,0,3.741369748,18.36611881,2.623960602,21.6368495084358,EXCLUSION,,
2024-06,No Elegible,Vulnerabilidad Elevada,2.070141643,1,2.578385269,1,1.776038647,1,2.580217391,1.043888889,sotap,3,low,jefatura_masculina,no,espanol_uno_mas_adultos,adultos_ninguno_analfabeta,,0,0,17.46888676,17.15905947,2.998883429,34.6379167820195,EXCLUSION,,
2024-06,No Elegible,Vulnerabilidad Elevada,2.070141643,1,1,1,1.776038647,2.823478261,2.580217391,1.043888889,sotap,6,average,jefatura_masculina,no,espanol_uno_mas_adultos,adultos_ninguno_analfabeta,,0,0,6.702282231,32.85812825,3.116564434,38.7186892002626,EXCLUSION,,
2024-04,Elegible,Vulnerabilidad Baja,1,1,1,1,1,2.823478261,1,1,sotap,2,low,jefatura_femenina,no,espanol_uno_mas_adultos,adultos_uno_mas_analfabeta,,0,0,0,10.61532135,2.296271916,10.2737096936357,INCLUSION,,
2023-11,Elegible,Vulnerabilidad Elevada,1,2.051104816,1,1,1.776038647,2.823478261,2.580217391,1,sotap,1,low,,,espanol_ningun_adulto,adultos_ninguno_analfabeta,,0,0,6.609317356,32.12448674,3.093321436,37.9127004300535,INCLUSION,,
2024-04,No Elegible,Vulnerabilidad Elevada,2.700708215,2.051104816,1,1,1.776038647,2.823478261,1.790108696,1,sotap,1,low,,,espanol_ningun_adulto,adultos_ninguno_analfabeta,0,0,0,17.94487015,26.18890898,3.265073146,43.8684777164118,EXCLUSION,,
2024-06,No Elegible,Vulnerabilidad Elevada,1,1,1,1,1.776038647,2.823478261,2.580217391,1.043888889,sotap,1,low,,,espanol_uno_mas_adultos,adultos_uno_mas_analfabeta,,0,0,0,32.85812825,2.917065088,31.8007208247868,EXCLUSION,,
2023-08,No Elegible,Vulnerabilidad Baja,1,1,1,1,1.776038647,1.498900966,1,1,sotap,1,low,,,espanol_uno_mas_adultos,adultos_ninguno_analfabeta,,0,0,0,9.93697889,2.277339487,9.61719697234091,EXCLUSION,,
2023-09,No Elegible,Vulnerabilidad Baja,1,1.525552408,1,1,1.776038647,1,1.790108696,1.043888889,sotap,1,low,,,espanol_ningun_adulto,adultos_ninguno_analfabeta,,0,0,3.741369748,12.53066404,2.461093996,15.9891855083891,EXCLUSION,,
2023-06,No Elegible,Vulnerabilidad Baja,1,1,1,1,1.776038647,2.117608696,1.790108696,1,sotap,1,low,,,espanol_uno_mas_adultos,adultos_ninguno_analfabeta,0,0,0,0,21.88512181,2.610810239,21.1808367050324,EXCLUSION,,
2023-06,Lista de Reserva,Vulnerabilidad Elevada,2.700708215,1,3.251728045,1,1.776038647,1.498900966,1.790108696,1.043888889,sotap,1,low,,,espanol_uno_mas_adultos,adultos_ninguno_analfabeta,,0,0,24.2379543,17.68003002,3.214910903,42.1290248812547,EXCLUSION,,
2024-02,Elegible,Vulnerabilidad Moderada,1,1,1,1,1.776038647,2.823478261,1.790108696,1,foten,1,low,,,espanol_uno_mas_adultos,adultos_ninguno_analfabeta,0,0,0,0,26.18890898,2.730928248,25.3461237001146,INCLUSION,,
2024-04,No Elegible,Vulnerabilidad Elevada,1,1,3.251728045,1,1.776038647,2.823478261,2.580217391,1.043888889,sotap,1,low,,,espanol_uno_mas_adultos,adultos_ninguno_analfabeta,0,0,0,11.51832969,32.85812825,3.259918337,43.6897218825406,EXCLUSION,,
2024-03,Elegible,Vulnerabilidad Elevada,2.700708215,2.051104816,1.249197356,1,1.776038647,2.117608696,2.580217391,1.043888889,fupal,4,average,jefatura_femenina,no,espanol_uno_mas_adultos,adultos_uno_mas_analfabeta,,0,0,20.89305637,28.09152966,3.405930349,48.7529319610545,INCLUSION,,
2023-11,No Elegible,Vulnerabilidad Moderada,2.700708215,1,3.251728045,1,1,1.498900966,1,1.043888889,sotap,1,low,,,espanol_ningun_adulto,adultos_ninguno_analfabeta,0,0,0,24.2379543,4.243121443,2.83988894,29.1245294591711,EXCLUSION,,
2023-12,Elegible,Vulnerabilidad Moderada,1,1,1,1,1.776038647,2.823478261,2.580217391,1,sotap,4,average,jefatura_masculina,no,espanol_uno_mas_adultos,adultos_ninguno_analfabeta,,0,0,0,32.12448674,2.896589272,31.0906886322201,INCLUSION,,
2023-10,No Elegible,Vulnerabilidad Moderada,1,1,1,1,1.776038647,2.823478261,2.580217391,1,sotap,1,low,,,espanol_uno_mas_adultos,adultos_ninguno_analfabeta,0,0,0,0,32.12448674,2.896589272,31.0906886322201,EXCLUSION,,
2024-01,No Elegible,Vulnerabilidad Baja,1.599560907,1.525552408,1,1,1,1,1,1.043888889,pcr_cdmx,1,low,,,espanol_ningun_adulto,adultos_ninguno_analfabeta,0,0,0,8.393749546,0.386821499,2.260643489,9.03824199648051,EXCLUSION,,
2023-06,Lista de Reserva,Vulnerabilidad Severa,2.700708215,1,3.251728045,1,1.776038647,2.117608696,2.580217391,1.043888889,sotap,2,low,jefatura_masculina,no,espanol_ningun_adulto,adultos_uno_mas_analfabeta,0,0,0,24.2379543,28.09152966,3.505494188,52.2054720513398,EXCLUSION,,
2024-05,No Elegible,Vulnerabilidad Elevada,1,1,1,1,1.776038647,2.823478261,2.580217391,1.043888889,pcr_cdmx,3,average,jefatura_femenina,si,espanol_ningun_adulto,adultos_ninguno_analfabeta,0,0,0,0,32.85812825,2.917065088,31.8007208247868,EXCLUSION,,
2024-06,No Elegible,Vulnerabilidad Moderada,1,1,2.578385269,1,1,2.823478261,1.790108696,1,fupal,3,low,jefatura_masculina,no,espanol_uno_mas_adultos,adultos_ninguno_analfabeta,,0,0,8.975915299,17.8931401,2.76657071,26.582090187679,EXCLUSION,,
2023-07,No Elegible,Vulnerabilidad Elevada,2.700708215,1,3.251728045,1,1.776038647,2.117608696,1.790108696,1,sotap,5,average,jefatura_masculina,no,espanol_uno_mas_adultos,adultos_ninguno_analfabeta,0,0,0,24.2379543,21.88512181,3.33227434,46.1987926123607,EXCLUSION,,
2024-07,Lista de Reserva,Vulnerabilidad Baja,1,1,1,1,1.776038647,2.117608696,1.790108696,1,sotap,3,low,jefatura_masculina,no,espanol_uno_mas_adultos,adultos_ninguno_analfabeta,,0,0,0,21.88512181,2.610810239,21.1808367050324,EXCLUSION,,
2024-01,No Elegible,Vulnerabilidad Moderada,1,1,1,1,1.776038647,2.117608696,2.580217391,1.043888889,sotap,1,low,,,espanol_uno_mas_adultos,adultos_ninguno_analfabeta,,0,0,0,28.09152966,2.784030087,27.1875161440115,EXCLUSION,,
2023-10,Elegible,Vulnerabilidad Baja,1,1,1,1,1,1.498900966,1,1,fupal,1,low,,,espanol_ningun_adulto,adultos_ninguno_analfabeta,,0,0,0,3.815111519,2.10647915,3.69233741520706,INCLUSION,,
2023-09,Elegible,Vulnerabilidad Severa,1,1,3.251728045,1,1.776038647,2.823478261,1.790108696,2.544987923,sotap,3,complete,jefatura_femenina,si,espanol_uno_mas_adultos,adultos_ninguno_analfabeta,0,0,0,11.51832969,42.50305317,3.529106644,53.0242634736901,INCLUSION,,
2023-11,No Elegible,Vulnerabilidad Baja,1,1,1,1,1.776038647,1.498900966,1.790108696,1,sotap,3,low,jefatura_femenina,no,espanol_ningun_adulto,adultos_ninguno_analfabeta,,0,0,0,17.10850297,2.477495573,16.5579342359224,EXCLUSION,,
2024-02,No Elegible,Vulnerabilidad Baja,1,1,1,1,1,1,1,1,pcr_cdmx,1,low,,,espanol_uno_mas_adultos,adultos_ninguno_analfabeta,0,0,0,0,0,2,0,EXCLUSION,,
2023-07,No Elegible por Intenciones,Vulnerabilidad Elevada,1,2.051104816,1,1,1.776038647,2.823478261,1.790108696,1,foten,2,average,jefatura_femenina,si,espanol_uno_mas_adultos,adultos_ninguno_analfabeta,0,0,0,6.609317356,26.18890898,2.927660413,32.1681354979481,EXCLUSION,,
2024-05,No Elegible por Intenciones,Vulnerabilidad Elevada,2.700708215,1,3.251728045,1,1,1.498900966,1.790108696,1.043888889,sotap,3,average,jefatura_masculina,no,espanol_uno_mas_adultos,adultos_ninguno_analfabeta,,0,-500,24.2379543,10.52243148,3.015143476,35.2017650198704,EXCLUSION,,
2024-05,No Elegible,Vulnerabilidad Elevada,2.070141643,1,3.251728045,1,1,1.498900966,1.790108696,1.043888889,sotap,1,low,,,espanol_ningun_adulto,adultos_uno_mas_analfabeta,,0,0,20.51851115,10.52243148,2.904430968,31.3626264698603,EXCLUSION,,
2023-11,No Elegible por Intenciones,Vulnerabilidad Baja,2.070141643,1,1,1,1,1,1.790108696,1.043888889,sotap,2,low,jefatura_femenina,no,espanol_uno_mas_adultos,adultos_ninguno_analfabeta,0,0,0,6.702282231,6.061858428,2.368684842,12.7847501374043,EXCLUSION,,
2023-09,Lista de Reserva,Vulnerabilidad Elevada,1,1,1,1,1.776038647,2.823478261,2.580217391,1.043888889,sotap,6,low,jefatura_masculina,no,espanol_uno_mas_adultos,adultos_uno_mas_analfabeta,0,0,0,0,32.85812825,2.917065088,31.8007208247868,EXCLUSION,,
2023-10,No Elegible,Vulnerabilidad Baja,1,1,1,1,1,1.498900966,1,1,fomon,1,low,,,espanol_ningun_adulto,adultos_uno_mas_analfabeta,,0,0,0,3.815111519,2.10647915,3.69233741520706,EXCLUSION,,
2024-02,No Elegible,Vulnerabilidad Elevada,1,1,2.578385269,1,1.776038647,2.823478261,2.580217391,1.043888889,foten,2,average,jefatura_femenina,si,espanol_uno_mas_adultos,adultos_uno_mas_analfabeta,0,0,0,8.975915299,32.85812825,3.184241129,41.0654900540239,EXCLUSION,,
2024-04,No Elegible,Vulnerabilidad Baja,2.070141643,1,1,1,1,1,1.790108696,1.043888889,sotap,1,low,,,espanol_uno_mas_adultos,adultos_ninguno_analfabeta,,0,0,6.702282231,6.061858428,2.368684842,12.7847501374043,EXCLUSION,,
2023-08,Lista de Reserva,Vulnerabilidad Severa,2.700708215,1,3.251728045,1,1.776038647,2.117608696,2.580217391,1.043888889,sotap,1,low,,,espanol_uno_mas_adultos,adultos_ninguno_analfabeta,0,0,0,24.2379543,28.09152966,3.505494188,52.2054720513398,EXCLUSION,,
2024-04,No Elegible por Duplicidad,Vulnerabilidad Moderada,2.070141643,1,1,1,1.776038647,2.117608696,1.790108696,1.043888889,sotap,4,average,jefatura_masculina,no,espanol_uno_mas_adultos,adultos_ninguno_analfabeta,0,0,0,6.702282231,22.50821784,2.827700095,28.7018492571668,EXCLUSION,,
2024-05,Elegible,Vulnerabilidad Elevada,2.070141643,1,2.578385269,1,1.776038647,2.823478261,1,1.738466184,sotap,1,low,,,espanol_uno_mas_adultos,adultos_ninguno_analfabeta,-500,0,0,17.46888676,25.73669646,3.238283901,42.9395168360443,INCLUSION,,
2024-01,Elegible,Vulnerabilidad Elevada,1,2.051104816,2.578385269,1,1.776038647,2.117608696,1.790108696,1,foten,3,low,jefatura_femenina,si,espanol_uno_mas_adultos,adultos_ninguno_analfabeta,-500,0,0,17.3510839,21.88512181,3.127280564,39.0902958360183,INCLUSION,,
2023-11,Elegible,Vulnerabilidad Baja,1,1,1,1,1.776038647,1,2.580217391,1,pcr_cdmx,1,low,,,espanol_uno_mas_adultos,adultos_ninguno_analfabeta,0,0,0,0,16.59309681,2.46311067,16.0591143615574,INCLUSION,,
2023-07,No Elegible,Vulnerabilidad Elevada,1,1,2.578385269,1,1.776038647,2.823478261,1.790108696,1,foten,3,average,jefatura_masculina,no,espanol_uno_mas_adultos,adultos_ninguno_analfabeta,-500,0,0,8.975915299,26.18890898,2.998104289,34.6108929293517,EXCLUSION,,
2023-09,Lista de Reserva,Vulnerabilidad Elevada,2.070141643,1,1,1,1.776038647,2.117608696,2.580217391,1.043888889,foten,3,average,jefatura_masculina,si,espanol_ningun_adulto,adultos_uno_mas_analfabeta,,0,0,6.702282231,28.09152966,2.983529432,34.1054845194874,EXCLUSION,,
2024-05,No Elegible,Vulnerabilidad Elevada,2.070141643,1,1,1,1.776038647,1.498900966,2.580217391,2.544987923,sotap,1,low,,,espanol_uno_mas_adultos,adultos_ninguno_analfabeta,500,0,0,6.702282231,37.43330939,3.244257006,43.1466364359962,EXCLUSION,,
2023-10,Elegible,Vulnerabilidad Baja,1,1,1,1,1,2.823478261,1.790108696,1,fupal,1,low,,,espanol_uno_mas_adultos,adultos_ninguno_analfabeta,0,0,0,0,17.8931401,2.49939467,17.3173209584419,INCLUSION,,
2024-05,No Elegible por Intenciones,Vulnerabilidad Baja,1,1,1,1,1.776038647,2.117608696,1.790108696,1.043888889,sotap,2,average,jefatura_femenina,si,espanol_uno_mas_adultos,adultos_ninguno_analfabeta,,0,0,0,22.50821784,2.628200749,21.783880881691,EXCLUSION,,
2024-06,Lista de Reserva,Vulnerabilidad Moderada,1,1,1,1,1.776038647,2.823478261,1.790108696,1,futij,4,average,jefatura_masculina,no,espanol_uno_mas_adultos,adultos_ninguno_analfabeta,,0,0,0,26.18890898,2.730928248,25.3461237001146,EXCLUSION,,
2024-07,No Elegible,Vulnerabilidad Elevada,2.070141643,2.051104816,2.578385269,1,1,2.117608696,1.790108696,1.043888889,fupal,1,low,,,espanol_uno_mas_adultos,adultos_ninguno_analfabeta,0,0,0,27.51489601,14.70478802,3.229413438,42.6319261152262,EXCLUSION,,
2024-06,Lista de Reserva,Vulnerabilidad Elevada,2.070141643,1,1,1,1.776038647,2.823478261,2.580217391,1.043888889,sotap,4,average,jefatura_masculina,no,espanol_uno_mas_adultos,adultos_ninguno_analfabeta,,0,0,6.702282231,32.85812825,3.116564434,38.7186892002626,EXCLUSION,,
2024-03,Lista de Reserva,Vulnerabilidad Baja,1,1,2.578385269,1,1,1,1.790108696,1,sotap,1,low,,,espanol_uno_mas_adultos,adultos_ninguno_analfabeta,,0,0,8.975915299,5.614422911,2.423873683,14.6985143965382,EXCLUSION,,
2024-02,No Elegible,Vulnerabilidad Baja,1,1,2.578385269,1,1.776038647,1,1.790108696,1,pcr_cdmx,1,low,,,espanol_uno_mas_adultos,adultos_ninguno_analfabeta,0,0,0,8.975915299,12.01413641,2.602488661,20.8922787154269,EXCLUSION,,
2023-07,Lista de Reserva,Vulnerabilidad Baja,2.700708215,1,1,1,1.776038647,1,1.790108696,1,sotap,1,low,,,espanol_uno_mas_adultos,adultos_ninguno_analfabeta,500,0,0,9.472088355,12.01413641,2.61725769,21.404419116542,EXCLUSION,,
2023-07,Lista de Reserva,Vulnerabilidad Moderada,1,1.525552408,1,1,1.776038647,2.823478261,1.790108696,1,sotap,3,average,jefatura_masculina,no,espanol_uno_mas_adultos,adultos_ninguno_analfabeta,0,0,0,3.741369748,26.18890898,2.842293421,29.207894467975,EXCLUSION,,
2023-08,No Elegible,Vulnerabilidad Moderada,1,2.051104816,1,1,1.776038647,2.823478261,1,1.043888889,sotap,3,average,jefatura_masculina,no,espanol_ningun_adulto,adultos_ninguno_analfabeta,0,0,0,6.609317356,18.36611881,2.709327594,24.5970905384088,EXCLUSION,,
2023-10,Lista de Reserva,Vulnerabilidad Baja,1,1,1,1,1,2.117608696,1.790108696,1,sotap,1,low,,,espanol_uno_mas_adultos,adultos_ninguno_analfabeta,0,0,0,0,14.16503897,2.395343965,13.7091938509064,EXCLUSION,,
2023-07,No Elegible,Vulnerabilidad Baja,1,1,1,1.564135978,1,1.498900966,1,1,sotap,4,average,jefatura_masculina,no,espanol_uno_mas_adultos,adultos_ninguno_analfabeta,0,0,0,3.975239986,3.815111519,2.224805677,7.79550459919653,EXCLUSION,,
2023-10,No Elegible,Vulnerabilidad Baja,1,1.525552408,1,1,1,1.498900966,1,1,sotap,1,low,,,espanol_uno_mas_adultos,adultos_ninguno_analfabeta,,0,0,3.741369748,3.815111519,2.217844323,7.55410818306745,EXCLUSION,,
2024-05,No Elegible,Vulnerabilidad Baja,1,1,3.251728045,1,1.776038647,1,1.790108696,1.043888889,sotap,1,low,,,espanol_uno_mas_adultos,adultos_ninguno_analfabeta,,0,0,11.51832969,12.53066404,2.692582072,24.0164157982827,EXCLUSION,,
2024-06,No Elegible,Vulnerabilidad Baja,2.070141643,1,1,1,1,2.117608696,1.790108696,1.043888889,sotap,2,average,jefatura_masculina,no,espanol_uno_mas_adultos,adultos_ninguno_analfabeta,,0,0,6.702282231,14.70478802,2.60990762,21.1495416122042,EXCLUSION,,
2024-03,No Elegible,Vulnerabilidad Baja,1,1,1,1,1,1.498900966,1.790108696,1,sotap,1,low,,,espanol_uno_mas_adultos,adultos_ninguno_analfabeta,-500,0,0,0,10.02735341,2.279861825,9.70466314991279,EXCLUSION,,
2023-11,No Elegible,Vulnerabilidad Elevada,2.070141643,1,1,1,1.776038647,2.823478261,2.580217391,1.043888889,fupal,5,high,jefatura_masculina,no,espanol_ningun_adulto,adultos_ninguno_analfabeta,,0,0,6.702282231,32.85812825,3.116564434,38.7186892002626,EXCLUSION,,
2023-07,No Elegible,Vulnerabilidad Moderada,2.700708215,1,3.251728045,1,1,1,1.790108696,1,sotap,1,low,,,espanol_uno_mas_adultos,adultos_ninguno_analfabeta,,0,0,24.2379543,5.614422911,2.878161744,30.4517010746294,EXCLUSION,,
2024-02,Elegible,Vulnerabilidad Elevada,2.070141643,1,1,1,1.776038647,2.823478261,1.790108696,1.043888889,sotap,4,average,jefatura_masculina,no,espanol_uno_mas_adultos,adultos_ninguno_analfabeta,0,0,0,6.702282231,26.85846924,2.949114914,32.9121052168634,INCLUSION,,
2024-04,No Elegible por Duplicidad,Vulnerabilidad Baja,1,1,1,1,1.776038647,2.117608696,1.790108696,1,sotap,5,average,jefatura_masculina,no,espanol_uno_mas_adultos,adultos_ninguno_analfabeta,,0,0,0,21.88512181,2.610810239,21.1808367050324,EXCLUSION,,
2023-08,No Elegible,Vulnerabilidad Elevada,2.700708215,1,2.578385269,1,1.776038647,2.823478261,1.790108696,1,fupal,2,average,jefatura_masculina,si,espanol_uno_mas_adultos,adultos_ninguno_analfabeta,,0,0,20.97871872,26.18890898,3.355378326,46.9999585672429,EXCLUSION,,
2024-02,No Elegible,Vulnerabilidad Baja,1,1,1,1,1.776038647,2.823478261,1,1,sotap,1,low,,,espanol_uno_mas_adultos,adultos_ninguno_analfabeta,-500,0,0,0,17.78726377,2.496439678,17.2148518346176,EXCLUSION,,
2023-09,Lista de Reserva,Vulnerabilidad Elevada,2.700708215,1,3.251728045,1,1.776038647,2.823478261,1.790108696,1.043888889,sotap,3,complete,jefatura_femenina,si,espanol_uno_mas_adultos,adultos_ninguno_analfabeta,-500,0,0,24.2379543,26.85846924,3.471079669,51.0120927487159,EXCLUSION,,
2024-04,No Elegible,Vulnerabilidad Baja,1,1,1,1,1,1,1,1,sotap,3,low,jefatura_masculina,no,espanol_uno_mas_adultos,adultos_ninguno_analfabeta,,0,0,0,0,2,0,EXCLUSION,,
2024-04,Elegible,Vulnerabilidad Baja,1,1,1,1,1.776038647,1,2.580217391,1.043888889,sotap,1,low,,,espanol_uno_mas_adultos,adultos_ninguno_analfabeta,,0,0,0,17.15905947,2.478906597,16.6068637771959,INCLUSION,,
2024-06,No Elegible,Vulnerabilidad Baja,1,1,1,1,1.776038647,2.117608696,1.790108696,1,sotap,1,low,,,espanol_ningun_adulto,adultos_uno_mas_analfabeta,,0,0,0,21.88512181,2.610810239,21.1808367050324,EXCLUSION,,
2024-06,No Elegible,Vulnerabilidad Severa,2.070141643,2.051104816,2.578385269,1,1.776038647,2.117608696,2.580217391,1.043888889,sotap,3,average,jefatura_femenina,si,espanol_uno_mas_adultos,adultos_ninguno_analfabeta,0,0,0,27.51489601,28.09152966,3.60303525,55.5878690225094,EXCLUSION,,
2023-12,No Elegible,Vulnerabilidad Baja,1,1,1,1,1.776038647,1.498900966,1.790108696,1,pcr_cdmx,1,low,,,espanol_uno_mas_adultos,adultos_ninguno_analfabeta,,0,0,0,17.10850297,2.477495573,16.5579342359224,EXCLUSION,,
2024-04,No Elegible,Vulnerabilidad Moderada,2.700708215,1,1,1,1.776038647,2.117608696,1.790108696,1,sotap,1,low,,,espanol_ningun_adulto,adultos_uno_mas_analfabeta,,0,0,9.472088355,21.88512181,2.892755308,30.9577463353847,EXCLUSION,,
2024-02,Elegible,Vulnerabilidad Baja,1,1,1,1,1,2.117608696,1.790108696,1,sotap,2,average,jefatura_masculina,no,espanol_ningun_adulto,adultos_ninguno_analfabeta,,0,0,0,14.16503897,2.395343965,13.7091938509064,INCLUSION,,
2024-02,No Elegible,Vulnerabilidad Elevada,2.700708215,1,3.251728045,1,1.776038647,2.117608696,2.580217391,1,sotap,3,average,jefatura_masculina,no,espanol_uno_mas_adultos,adultos_ninguno_analfabeta,0,0,0,24.2379543,27.40879931,3.486439293,51.5447126467332,EXCLUSION,,
2023-07,No Elegible,Vulnerabilidad Elevada,2.700708215,1,2.578385269,1,1.776038647,1.498900966,1.790108696,1,sotap,2,average,jefatura_masculina,no,espanol_uno_mas_adultos,adultos_ninguno_analfabeta,0,0,0,20.97871872,17.10850297,3.101945651,38.2117691030508,EXCLUSION,,
2023-07,No Elegible,Vulnerabilidad Baja,1,1.525552408,1,1,1,1,1,1,sotap,4,average,jefatura_masculina,no,espanol_uno_mas_adultos,adultos_ninguno_analfabeta,0,0,0,3.741369748,0,2.111365173,3.86177076786039,EXCLUSION,,
2023-07,No Elegible,Vulnerabilidad Severa,2.700708215,1,3.251728045,1,1.776038647,2.823478261,2.580217391,1,sotap,2,complete,jefatura_femenina,si,espanol_uno_mas_adultos,adultos_ninguno_analfabeta,0,0,0,24.2379543,32.12448674,3.618053373,56.1086445395484,EXCLUSION,,
2024-06,No Elegible,Vulnerabilidad Moderada,1,1,1,1,1.776038647,2.823478261,1.790108696,1,sotap,1,low,,,espanol_ningun_adulto,adultos_ninguno_analfabeta,,0,0,0,26.18890898,2.730928248,25.3461237001146,EXCLUSION,,
2023-08,No Elegible,Vulnerabilidad Moderada,1,1,2.578385269,1,1.776038647,2.117608696,1.790108696,1,sotap,3,average,jefatura_masculina,no,espanol_uno_mas_adultos,adultos_ninguno_analfabeta,,0,0,8.975915299,21.88512181,2.877986279,30.4456059342695,EXCLUSION,,
2023-12,Elegible,Vulnerabilidad Baja,1,1,1.249197356,1,1.776038647,1.498900966,1.790108696,1.043888889,sotap,1,low,,,espanol_ningun_adulto,adultos_ninguno_analfabeta,0,0,0,1.921713018,17.68003002,2.550648286,19.0946246385586,INCLUSION,,
2024-05,Elegible,Vulnerabilidad Moderada,1,1.525552408,2.578385269,1,1.776038647,1,1.790108696,1.043888889,foten,2,average,jefatura_femenina,si,espanol_uno_mas_adultos,adultos_ninguno_analfabeta,,0,0,13.7168894,12.53066404,2.758024142,26.2857273583102,INCLUSION,,
2023-07,Lista de Reserva,Vulnerabilidad Baja,1,1,2.578385269,1,1,1,1.790108696,1,sotap,1,low,,,espanol_uno_mas_adultos,adultos_ninguno_analfabeta,0,0,0,8.975915299,5.614422911,2.423873683,14.6985143965382,EXCLUSION,,
2023-12,No Elegible por Intenciones,Vulnerabilidad Baja,1,1,2.578385269,1,1,1.498900966,1,1,sotap,1,low,,,espanol_uno_mas_adultos,adultos_ninguno_analfabeta,,0,0,8.975915299,3.815111519,2.373655191,12.9571066444442,EXCLUSION,,
2024-01,Elegible,Vulnerabilidad Moderada,2.070141643,1,1,1,1.776038647,1,1.790108696,1.738466184,fupal,1,low,,,espanol_uno_mas_adultos,adultos_ninguno_analfabeta,-500,0,0,6.702282231,19.10762501,2.732790095,25.410690905029,INCLUSION,,
2023-08,Lista de Reserva,Vulnerabilidad Baja,1,1.525552408,2.578385269,1,1,1,1.790108696,1,sotap,1,low,,,espanol_uno_mas_adultos,adultos_ninguno_analfabeta,-500,0,0,13.7168894,5.614422911,2.564992962,19.5920577850825,EXCLUSION,,
2024-01,Lista de Reserva,Vulnerabilidad Elevada,2.700708215,1,1,1,1.776038647,2.823478261,1.790108696,1,sotap,4,average,jefatura_masculina,no,espanol_uno_mas_adultos,adultos_ninguno_analfabeta,,0,0,9.472088355,26.18890898,3.012873318,35.1230333304669,EXCLUSION,,
2023-10,Elegible,Vulnerabilidad Moderada,1,1,2.578385269,1,1.776038647,1.498900966,1.790108696,1,foten,1,low,,,espanol_uno_mas_adultos,adultos_ninguno_analfabeta,0,0,0,8.975915299,17.10850297,2.744671614,25.8227034651596,INCLUSION,,
2024-03,Elegible,Vulnerabilidad Elevada,2.700708215,1,3.251728045,1,1.776038647,2.117608696,1.790108696,1.043888889,pcr_cdmx,6,average,jefatura_femenina,no,espanol_uno_mas_adultos,adultos_ninguno_analfabeta,,0,0,24.2379543,22.50821784,3.34966485,46.8018367890193,INCLUSION,,
2024-02,No Elegible,Vulnerabilidad Moderada,1,1,1,1,1.776038647,2.823478261,2.580217391,1,sotap,1,low,,,espanol_ningun_adulto,adultos_uno_mas_analfabeta,0,0,0,0,32.12448674,2.896589272,31.0906886322201,EXCLUSION,,
2024-04,Lista de Reserva,Vulnerabilidad Elevada,1,2.051104816,1,1,1.776038647,2.117608696,2.580217391,1.043888889,sotap,1,low,,,espanol_uno_mas_adultos,adultos_uno_mas_analfabeta,,0,0,6.609317356,28.09152966,2.980762251,34.009527941845,EXCLUSION,,
2024-04,No Elegible por Intenciones,Vulnerabilidad Moderada,1,1,1,1,1.776038647,2.823478261,1.790108696,1,sotap,3,low,jefatura_femenina,no,espanol_uno_mas_adultos,adultos_ninguno_analfabeta,0,-500,0,0,26.18890898,2.730928248,25.3461237001146,EXCLUSION,,
2023-08,Lista de Reserva,Vulnerabilidad Baja,1,1,1,1,1,1,1,1,sotap,1,low,,,espanol_uno_mas_adultos,adultos_ninguno_analfabeta,,0,0,0,0,2,0,EXCLUSION,,
2024-06,Lista de Reserva,Vulnerabilidad Moderada,2.700708215,1,1,1,1,1,1.790108696,2.544987923,sotap,4,average,jefatura_masculina,no,espanol_uno_mas_adultos,adultos_ninguno_analfabeta,0,0,0,9.472088355,16.51639539,2.742915015,25.7617909003067,EXCLUSION,,
2024-02,No Elegible,Vulnerabilidad Moderada,1,1,1,1,1.776038647,2.823478261,1.790108696,1,sotap,1,low,,,espanol_ningun_adulto,adultos_ninguno_analfabeta,0,0,0,0,26.18890898,2.730928248,25.3461237001146,EXCLUSION,,
2024-06,No Elegible,Vulnerabilidad Moderada,1,2.051104816,1,1,1.776038647,2.117608696,1.790108696,1,sotap,1,low,,,espanol_uno_mas_adultos,adultos_ninguno_analfabeta,,0,0,6.609317356,21.88512181,2.807542403,28.0028485028658,EXCLUSION,,
2024-02,Elegible,Vulnerabilidad Elevada,2.700708215,1,1,1,1.776038647,2.823478261,2.580217391,1,foten,3,average,jefatura_femenina,si,espanol_uno_mas_adultos,adultos_ninguno_analfabeta,0,0,-500,9.472088355,32.12448674,3.178534341,40.8675982625723,INCLUSION,,
2024-05,No Elegible por Intenciones,Vulnerabilidad Baja,1,1.525552408,1,1,1.776038647,1.498900966,1.790108696,1,sotap,1,low,,,espanol_uno_mas_adultos,adultos_ninguno_analfabeta,,0,0,3.741369748,17.10850297,2.588860746,20.4197050037828,EXCLUSION,,
2024-05,Elegible,Vulnerabilidad Elevada,1,2.051104816,2.578385269,1.564135978,1.776038647,2.823478261,1.790108696,1,sotap,2,complete,jefatura_femenina,si,espanol_uno_mas_adultos,adultos_ninguno_analfabeta,,0,0,23.37941737,26.18890898,3.42683724,49.4779141004986,INCLUSION,,
2024-06,Lista de Reserva,Vulnerabilidad Elevada,1,1,1,1,1.776038647,2.823478261,2.580217391,1.043888889,foten,3,average,jefatura_masculina,no,espanol_uno_mas_adultos,adultos_ninguno_analfabeta,0,0,0,0,32.85812825,2.917065088,31.8007208247868,EXCLUSION,,
2024-01,Elegible,Vulnerabilidad Baja,1,1,1,1,1,1,1,1,pcr_cdmx,1,low,,,espanol_uno_mas_adultos,adultos_ninguno_analfabeta,,0,-500,0,0,2,0,INCLUSION,,
2023-11,Elegible,Vulnerabilidad Elevada,2.700708215,1,2.578385269,1,1.776038647,2.823478261,1.790108696,1,sotap,1,low,,,espanol_uno_mas_adultos,adultos_ninguno_analfabeta,0,0,0,20.97871872,26.18890898,3.355378326,46.9999585672429,INCLUSION,,
2024-06,No Elegible,Vulnerabilidad Baja,1,1,1,1,1,1.498900966,1,1,sotap,1,low,,,espanol_uno_mas_adultos,adultos_ninguno_analfabeta,,0,0,0,3.815111519,2.10647915,3.69233741520706,EXCLUSION,,
2023-10,Lista de Reserva,Vulnerabilidad Baja,1,1,2.578385269,1,1,1,1,1,sotap,1,low,,,espanol_uno_mas_adultos,adultos_ninguno_analfabeta,0,0,0,8.975915299,0,2.267176041,9.26476922923712,EXCLUSION,,
2024-01,Elegible,Vulnerabilidad Moderada,1,1,2.578385269,1,1.776038647,2.117608696,1.790108696,1.043888889,sotap,4,average,jefatura_masculina,no,espanol_uno_mas_adultos,adultos_ninguno_analfabeta,0,0,0,8.975915299,22.50821784,2.89537679,31.0486501109281,INCLUSION,,
2023-12,Elegible,Vulnerabilidad Elevada,1,1,3.251728045,1,1.776038647,2.823478261,2.580217391,1.043888889,foten,1,low,,,espanol_uno_mas_adultos,adultos_ninguno_analfabeta,0,0,0,11.51832969,32.85812825,3.259918337,43.6897218825406,INCLUSION,,
2024-05,Elegible,Vulnerabilidad Moderada,1,2.051104816,2.578385269,1,1.776038647,1,1.790108696,1,sotap,4,average,jefatura_femenina,no,espanol_uno_mas_adultos,adultos_ninguno_analfabeta,0,0,0,17.3510839,12.01413641,2.851782945,29.5369686171757,INCLUSION,,
2023-07,No Elegible,Vulnerabilidad Moderada,1,1,2.578385269,1,1.776038647,2.117608696,1.790108696,1,sotap,5,high,jefatura_masculina,no,espanol_uno_mas_adultos,adultos_ninguno_analfabeta,,0,0,8.975915299,21.88512181,2.877986279,30.4456059342695,EXCLUSION,,
2024-02,Elegible,Vulnerabilidad Baja,1,1,1,1,1.776038647,2.117608696,1.790108696,1,sotap,1,low,,,espanol_uno_mas_adultos,adultos_ninguno_analfabeta,,-500,0,0,21.88512181,2.610810239,21.1808367050324,INCLUSION,,
2023-07,No Elegible,Vulnerabilidad Moderada,2.070141643,1,2.578385269,1,1.776038647,1,1.790108696,1,sotap,1,low,,,espanol_uno_mas_adultos,adultos_ninguno_analfabeta,0,0,0,17.46888676,12.01413641,2.855289452,29.6585624910134,EXCLUSION,,
2024-04,Lista de Reserva,Vulnerabilidad Elevada,1,1,1,1,1.776038647,2.823478261,2.580217391,1.043888889,sotap,3,average,jefatura_masculina,no,espanol_uno_mas_adultos,adultos_ninguno_analfabeta,0,0,0,0,32.85812825,2.917065088,31.8007208247868,EXCLUSION,,
2024-01,Lista de Reserva,Vulnerabilidad Baja,1,1,1,1,1.776038647,2.117608696,1.790108696,1,futij,1,low,,,espanol_uno_mas_adultos,adultos_ninguno_analfabeta,,0,0,0,21.88512181,2.610810239,21.1808367050324,EXCLUSION,,
2023-09,No Elegible,Vulnerabilidad Baja,1,1,1,1,1,1.498900966,1,1,sotap,1,low,,,espanol_uno_mas_adultos,adultos_ninguno_analfabeta,,0,0,0,3.815111519,2.10647915,3.69233741520706,EXCLUSION,,
2023-07,No Elegible,Vulnerabilidad Baja,1,1,1,1,1.776038647,1,1.790108696,1,fomon,1,low,,,espanol_uno_mas_adultos,adultos_ninguno_analfabeta,,0,0,0,12.01413641,2.33531262,11.6275094861898,EXCLUSION,,
2024-03,Elegible,Vulnerabilidad Moderada,1,1.525552408,1,1,1.776038647,2.823478261,1.790108696,1,sotap,1,low,,,espanol_uno_mas_adultos,adultos_ninguno_analfabeta,,0,0,3.741369748,26.18890898,2.842293421,29.207894467975,INCLUSION,,
2024-02,Lista de Reserva,Vulnerabilidad Elevada,2.700708215,1,3.251728045,1,1.776038647,2.117608696,1.790108696,1,sotap,4,average,jefatura_femenina,no,espanol_uno_mas_adultos,adultos_ninguno_analfabeta,0,0,0,24.2379543,21.88512181,3.33227434,46.1987926123607,EXCLUSION,,
2023-07,No Elegible,Vulnerabilidad Baja,1,1.525552408,1,1,1,1,1.790108696,1.043888889,fupal,2,average,jefatura_masculina,no,espanol_uno_mas_adultos,adultos_ninguno_analfabeta,,0,0,3.741369748,6.061858428,2.280550669,9.72855252978892,EXCLUSION,,
2024-05,No Elegible,Vulnerabilidad Baja,1,1,1,1,1.776038647,2.117608696,1.790108696,1,sotap,2,low,jefatura_femenina,no,espanol_uno_mas_adultos,adultos_ninguno_analfabeta,0,0,0,0,21.88512181,2.610810239,21.1808367050324,EXCLUSION,,
2024-05,No Elegible,Vulnerabilidad Baja,1,1.525552408,1,1,1.776038647,2.823478261,1,1,sotap,1,low,,,espanol_uno_mas_adultos,adultos_ninguno_analfabeta,,0,0,3.741369748,17.78726377,2.607804851,21.076622602478,EXCLUSION,,
2023-08,No Elegible,Vulnerabilidad Baja,1,1,2.578385269,1,1,1.498900966,1.790108696,1.043888889,sotap,3,average,jefatura_masculina,no,espanol_uno_mas_adultos,adultos_ninguno_analfabeta,0,0,0,8.975915299,10.52243148,2.560855415,19.4485783417792,EXCLUSION,,
2024-06,Lista de Reserva,Vulnerabilidad Baja,1,1,1,1,1.776038647,2.117608696,1.790108696,1,pcr_cdmx,1,low,,,espanol_uno_mas_adultos,adultos_ninguno_analfabeta,0,0,0,0,21.88512181,2.610810239,21.1808367050324,EXCLUSION,,
2023-10,Elegible,Vulnerabilidad Elevada,2.070141643,2.051104816,1,1,1.776038647,2.117608696,1.790108696,1,foten,1,low,,,espanol_uno_mas_adultos,adultos_uno_mas_analfabeta,0,0,0,14.63015408,21.88512181,3.046289687,36.2818037734809,INCLUSION,,
2023-10,No Elegible,Vulnerabilidad Elevada,2.070141643,1,2.578385269,1,1.776038647,2.823478261,1.790108696,1,sotap,4,average,jefatura_femenina,si,espanol_ningun_adulto,adultos_uno_mas_analfabeta,,0,0,17.46888676,26.18890898,3.25090508,43.3771767049382,EXCLUSION,,
2023-08,No Elegible,Vulnerabilidad Baja,1,1,1,1,1,1.498900966,1,1,sotap,2,low,jefatura_masculina,no,espanol_uno_mas_adultos,adultos_ninguno_analfabeta,0,0,0,0,3.815111519,2.10647915,3.69233741520706,EXCLUSION,,
2023-06,No Elegible,Vulnerabilidad Baja,1,1,1,1,1,1,1.790108696,1,sotap,1,low,,,espanol_uno_mas_adultos,adultos_ninguno_analfabeta,0,0,0,0,5.614422911,2.156697643,5.43374516730111,EXCLUSION,,
2023-09,Lista de Reserva,Vulnerabilidad Baja,1,2.051104816,1,1,1,1,1.790108696,1,sotap,1,low,,,espanol_uno_mas_adultos,adultos_ninguno_analfabeta,0,0,0,6.609317356,5.614422911,2.353429807,12.2557569651345,EXCLUSION,,
2024-03,No Elegible,Vulnerabilidad Elevada,1,2.051104816,1,1,1.776038647,2.823478261,2.580217391,1,sotap,4,average,jefatura_masculina,no,espanol_uno_mas_adultos,adultos_ninguno_analfabeta,,0,0,6.609317356,32.12448674,3.093321436,37.9127004300535,EXCLUSION,,
2024-04,Lista de Reserva,Vulnerabilidad Severa,2.700708215,1,3.251728045,1,1.776038647,2.823478261,2.580217391,2.544987923,fupal,4,average,jefatura_femenina,si,espanol_uno_mas_adultos,adultos_uno_mas_analfabeta,,0,0,24.2379543,50,4.11695608,73.4089059073283,EXCLUSION,,
2023-07,No Elegible,Vulnerabilidad Moderada,2.070141643,1,3.251728045,1,1.776038647,1.498900966,1,1,sotap,3,low,jefatura_masculina,no,espanol_ningun_adulto,adultos_ninguno_analfabeta,,0,0,20.51851115,9.93697889,2.88809108,30.7960143296591,EXCLUSION,,
2023-09,Elegible,Vulnerabilidad Moderada,1,1,2.578385269,1,1.776038647,2.117608696,1.790108696,1,foten,3,average,jefatura_masculina,no,espanol_ningun_adulto,adultos_uno_mas_analfabeta,,0,0,8.975915299,21.88512181,2.877986279,30.4456059342695,INCLUSION,,
2024-01,No Elegible,Vulnerabilidad Moderada,1,1,1,1,1.776038647,2.823478261,2.580217391,1,sotap,3,low,jefatura_femenina,no,espanol_uno_mas_adultos,adultos_ninguno_analfabeta,0,0,0,0,32.12448674,2.896589272,31.0906886322201,EXCLUSION,,
2023-09,No Elegible,Vulnerabilidad Baja,1.599560907,1,1.249197356,1,1,1.498900966,1.790108696,1.043888889,foten,1,low,,,espanol_uno_mas_adultos,adultos_ninguno_analfabeta,0,0,0,6.347353616,10.52243148,2.482613957,16.7354269152586,EXCLUSION,,
2024-04,Elegible,Vulnerabilidad Severa,2.070141643,1,2.578385269,1,1.776038647,2.823478261,2.580217391,2.544987923,sotap,1,low,,,espanol_uno_mas_adultos,adultos_uno_mas_analfabeta,0,0,0,17.46888676,50,3.915468811,66.4220030048236,INCLUSION,,
2024-01,Lista de Reserva,Vulnerabilidad Elevada,2.070141643,1,1,1,1.776038647,1.498900966,2.580217391,2.544987923,sotap,1,low,,,espanol_ningun_adulto,adultos_uno_mas_analfabeta,0,0,0,6.702282231,37.43330939,3.244257006,43.1466364359962,EXCLUSION,,
2023-08,No Elegible por Intenciones,Vulnerabilidad Moderada,2.070141643,1,1,1,1.776038647,1.498900966,2.580217391,1.043888889,sotap,3,average,jefatura_femenina,no,espanol_uno_mas_adultos,adultos_ninguno_analfabeta,,0,0,6.702282231,22.80125306,2.835878661,28.9854543107519,EXCLUSION,,
2024-01,No Elegible,Vulnerabilidad Baja,1,1,1,1,1.776038647,1,1.790108696,1,sotap,2,average,jefatura_femenina,si,espanol_uno_mas_adultos,adultos_ninguno_analfabeta,-500,0,0,0,12.01413641,2.33531262,11.6275094861898,EXCLUSION,,
2023-11,Lista de Reserva,Vulnerabilidad Elevada,2.700708215,2.051104816,2.578385269,1,1.776038647,1,1.790108696,1,sotap,4,average,jefatura_femenina,no,espanol_uno_mas_adultos,adultos_ninguno_analfabeta,0,0,0,31.71522481,12.01413641,3.279344277,44.3633619458004,EXCLUSION,,
2024-03,No Elegible,Vulnerabilidad Baja,2.700708215,1,1.249197356,1,1,1.498900966,1,1,sotap,4,average,jefatura_femenina,si,espanol_uno_mas_adultos,adultos_ninguno_analfabeta,,0,0,11.93561888,3.815111519,2.46175338,16.0120564463843,EXCLUSION,,
2023-06,No Elegible,Vulnerabilidad Moderada,1,1,1,1,1.776038647,2.823478261,1.790108696,1,sotap,4,average,jefatura_femenina,no,espanol_uno_mas_adultos,adultos_ninguno_analfabeta,0,0,0,0,26.18890898,2.730928248,25.3461237001146,EXCLUSION,,
2024-02,No Elegible,Vulnerabilidad Baja,1,1,1,1,1,1,1.790108696,1,sotap,1,low,,,espanol_uno_mas_adultos,adultos_ninguno_analfabeta,0,0,0,0,5.614422911,2.156697643,5.43374516730111,EXCLUSION,,
2024-04,No Elegible,Vulnerabilidad Baja,1,1,2.578385269,1,1,1,1.790108696,1,sotap,1,low,,,espanol_uno_mas_adultos,adultos_ninguno_analfabeta,0,0,0,8.975915299,5.614422911,2.423873683,14.6985143965382,EXCLUSION,,
2023-11,No Elegible,Vulnerabilidad Baja,1,1,1,1,1.776038647,2.117608696,1.790108696,1,foten,2,average,jefatura_masculina,no,espanol_uno_mas_adultos,adultos_ninguno_analfabeta,0,0,0,0,21.88512181,2.610810239,21.1808367050324,EXCLUSION,,
2024-02,No Elegible,Vulnerabilidad Elevada,2.700708215,1,3.251728045,1,1.776038647,1.498900966,1.790108696,1,sotap,4,average,jefatura_masculina,no,espanol_ningun_adulto,adultos_ninguno_analfabeta,0,-500,0,24.2379543,17.10850297,3.198959675,41.5758901432507,EXCLUSION,,
2024-06,Lista de Reserva,Vulnerabilidad Baja,1,1,1,1,1.776038647,2.117608696,1.790108696,1,sotap,2,low,jefatura_masculina,no,espanol_uno_mas_adultos,adultos_ninguno_analfabeta,0,0,0,0,21.88512181,2.610810239,21.1808367050324,EXCLUSION,,
2023-10,No Elegible,Vulnerabilidad Moderada,2.070141643,1,1,1,1.776038647,1.498900966,2.580217391,1.043888889,sotap,4,average,jefatura_masculina,no,espanol_uno_mas_adultos,adultos_ninguno_analfabeta,0,0,0,6.702282231,22.80125306,2.835878661,28.9854543107519,EXCLUSION,,
2023-07,No Elegible,Vulnerabilidad Elevada,1.599560907,1,1,1,1.776038647,2.823478261,2.580217391,1.043888889,sotap,2,average,jefatura_femenina,si,espanol_uno_mas_adultos,adultos_ninguno_analfabeta,-500,0,0,4.186184624,32.85812825,3.041670568,36.1216210561717,EXCLUSION,,
2023-08,No Elegible,Vulnerabilidad Elevada,2.700708215,2.051104816,1,1,1.776038647,2.823478261,1.790108696,1,sotap,4,average,jefatura_femenina,no,espanol_uno_mas_adultos,adultos_ninguno_analfabeta,0,0,0,17.94487015,26.18890898,3.265073146,43.8684777164118,EXCLUSION,,
2024-02,Lista de Reserva,Vulnerabilidad Elevada,2.700708215,1,3.251728045,1,1.776038647,2.117608696,1.790108696,1,foten,4,average,jefatura_femenina,no,espanol_uno_mas_adultos,adultos_ninguno_analfabeta,,0,0,24.2379543,21.88512181,3.33227434,46.1987926123607,EXCLUSION,,
2024-02,Lista de Reserva,Vulnerabilidad Elevada,2.700708215,1.525552408,1.249197356,1,1.776038647,2.823478261,1.790108696,1,sotap,4,average,jefatura_femenina,no,espanol_uno_mas_adultos,adultos_ninguno_analfabeta,0,0,0,17.00620089,26.18890898,3.237132827,42.8996011409557,EXCLUSION,,
2024-04,No Elegible,Vulnerabilidad Moderada,2.700708215,1,2.578385269,1,1,1,1.790108696,1,sotap,1,low,,,espanol_uno_mas_adultos,adultos_ninguno_analfabeta,,0,0,20.97871872,5.614422911,2.78114772,27.0875800344294,EXCLUSION,,
2024-03,No Elegible,Vulnerabilidad Baja,1,1,1,1,1,1,1.790108696,1,sotap,1,low,,,espanol_uno_mas_adultos,adultos_ninguno_analfabeta,-500,0,0,0,5.614422911,2.156697643,5.43374516730111,EXCLUSION,,
2023-06,No Elegible,Vulnerabilidad Elevada,1,1,2.578385269,1,1.776038647,2.117608696,2.580217391,1.043888889,sotap,1,low,,,espanol_uno_mas_adultos,adultos_ninguno_analfabeta,,0,0,8.975915299,28.09152966,3.051206127,36.4522853732487,EXCLUSION,,
2024-01,Elegible,Vulnerabilidad Moderada,1,1,1,1,1.776038647,2.823478261,2.580217391,1,sotap,3,low,jefatura_masculina,no,espanol_uno_mas_adultos,adultos_ninguno_analfabeta,,0,0,0,32.12448674,2.896589272,31.0906886322201,INCLUSION,,
2023-11,No Elegible,Vulnerabilidad Elevada,1,1.525552408,2.578385269,1,1.776038647,2.117608696,2.580217391,1.043888889,sotap,4,average,jefatura_femenina,si,espanol_uno_mas_adultos,adultos_ninguno_analfabeta,0,0,0,13.7168894,28.09152966,3.192325406,41.3458287617929,EXCLUSION,,
2023-07,Elegible,Vulnerabilidad Elevada,1,1,2.578385269,1,1.776038647,2.823478261,2.580217391,1.043888889,fupal,1,low,,,espanol_uno_mas_adultos,adultos_ninguno_analfabeta,,0,0,8.975915299,32.85812825,3.184241129,41.0654900540239,INCLUSION,,
2023-10,No Elegible por Intenciones,Vulnerabilidad Elevada,2.070141643,1,3.251728045,1,1.776038647,2.117608696,2.580217391,1.043888889,sotap,2,average,jefatura_femenina,si,espanol_uno_mas_adultos,adultos_ninguno_analfabeta,0,0,0,20.51851115,28.09152966,3.39478168,48.3663335013297,EXCLUSION,,
2024-02,Lista de Reserva,Vulnerabilidad Baja,1,1.525552408,1,1,1,2.823478261,1,1,sotap,2,low,jefatura_masculina,no,espanol_uno_mas_adultos,adultos_ninguno_analfabeta,0,0,0,3.741369748,10.61532135,2.407637089,14.135480461496,EXCLUSION,,
2023-07,Lista de Reserva,Vulnerabilidad Baja,1,1,2.578385269,1,1,2.117608696,1.790108696,1,sotap,2,low,jefatura_femenina,no,espanol_uno_mas_adultos,adultos_ninguno_analfabeta,-500,0,0,8.975915299,14.16503897,2.662520006,22.9739630801435,EXCLUSION,,
2024-04,No Elegible,Vulnerabilidad Baja,1,1,1,1,1,1,1,1,sotap,1,low,,,espanol_uno_mas_adultos,adultos_ninguno_analfabeta,0,0,0,0,0,2,0,EXCLUSION,,
2024-02,Elegible,Vulnerabilidad Moderada,1,2.051104816,1,1,1.776038647,2.117608696,1.790108696,1,sotap,1,low,,,espanol_ningun_adulto,adultos_ninguno_analfabeta,0,0,0,6.609317356,21.88512181,2.807542403,28.0028485028658,INCLUSION,,
2023-09,Lista de Reserva,Vulnerabilidad Baja,1,1,1,1,1,2.117608696,1,1,foten,1,low,,,espanol_uno_mas_adultos,adultos_ninguno_analfabeta,,0,0,0,7.392265486,2.206316944,7.15437499039503,EXCLUSION,,
2024-06,No Elegible,Vulnerabilidad Moderada,1,1,1,1,1.776038647,2.823478261,2.580217391,1,foten,2,low,jefatura_masculina,no,espanol_ningun_adulto,adultos_ninguno_analfabeta,,0,0,0,32.12448674,2.896589272,31.0906886322201,EXCLUSION,,
2024-04,Elegible,Vulnerabilidad Moderada,1,1,1,1,1.776038647,2.117608696,2.580217391,1.043888889,fupal,1,low,,,espanol_uno_mas_adultos,adultos_ninguno_analfabeta,,0,0,0,28.09152966,2.784030087,27.1875161440115,INCLUSION,,
2023-10,No Elegible,Vulnerabilidad Moderada,1,1,1,1,1.776038647,2.823478261,1.790108696,1,fupal,1,low,,,espanol_uno_mas_adultos,adultos_ninguno_analfabeta,,0,0,0,26.18890898,2.730928248,25.3461237001146,EXCLUSION,,
2023-08,Lista de Reserva,Vulnerabilidad Baja,2.070141643,1,1,1,1.776038647,1.498900966,1.790108696,1.043888889,sotap,1,low,,,espanol_uno_mas_adultos,adultos_ninguno_analfabeta,,0,0,6.702282231,17.68003002,2.692946147,24.0290373494022,EXCLUSION,,
2023-07,No Elegible,Vulnerabilidad Severa,2.700708215,1,3.251728045,1,1.776038647,2.823478261,2.580217391,1,sotap,3,complete,jefatura_femenina,si,espanol_uno_mas_adultos,adultos_ninguno_analfabeta,0,0,0,24.2379543,32.12448674,3.618053373,56.1086445395484,EXCLUSION,,
2023-12,Elegible,Vulnerabilidad Moderada,1,1,1,1,1.776038647,2.823478261,2.580217391,1,sotap,1,low,,,espanol_ningun_adulto,adultos_ninguno_analfabeta,-500,0,0,0,32.12448674,2.896589272,31.0906886322201,INCLUSION,,
2024-02,No Elegible,Vulnerabilidad Moderada,1.599560907,1,2.578385269,1,1,1.498900966,1.790108696,1.043888889,foten,1,low,,,espanol_uno_mas_adultos,adultos_ninguno_analfabeta,,0,0,14.28054816,10.52243148,2.718752494,24.9239195928791,EXCLUSION,,
2023-09,Elegible,Vulnerabilidad Moderada,1,2.051104816,1,1,1.776038647,2.117608696,1.790108696,1,sotap,1,low,,,espanol_uno_mas_adultos,adultos_ninguno_analfabeta,0,0,0,6.609317356,21.88512181,2.807542403,28.0028485028658,INCLUSION,,
2023-07,No Elegible,Vulnerabilidad Baja,1,1,1,1,1,1.498900966,1,1,foten,1,low,,,espanol_uno_mas_adultos,adultos_ninguno_analfabeta,0,0,0,0,3.815111519,2.10647915,3.69233741520706,EXCLUSION,,
2023-09,No Elegible,Vulnerabilidad Elevada,2.070141643,1,2.578385269,1,1.776038647,1.498900966,1.790108696,1.043888889,foten,2,average,jefatura_femenina,si,espanol_uno_mas_adultos,adultos_ninguno_analfabeta,,0,0,17.46888676,17.68003002,3.013423633,35.1421219787499,EXCLUSION,,
2024-06,Lista de Reserva,Vulnerabilidad Baja,1,1,1,1,1,2.117608696,1,1,sotap,1,low,,,espanol_ningun_adulto,adultos_uno_mas_analfabeta,,0,0,0,7.392265486,2.206316944,7.15437499039503,EXCLUSION,,
2023-07,Lista de Reserva,Vulnerabilidad Severa,2.700708215,2.051104816,3.251728045,1,1.776038647,2.823478261,2.580217391,1,,2,average,jefatura_femenina,si,espanol_uno_mas_adultos,adultos_ninguno_analfabeta,,0,0,35.61565687,32.12448674,3.956720731,67.8524929559535,EXCLUSION,,
2023-12,Lista de Reserva,Vulnerabilidad Baja,1,1,1,1,1,1,1.790108696,1,sotap,1,low,,,espanol_uno_mas_adultos,adultos_ninguno_analfabeta,,0,0,0,5.614422911,2.156697643,5.43374516730111,EXCLUSION,,
2024-03,No Elegible,Vulnerabilidad Baja,1,1,1,1,1,1,2.580217391,1,sotap,3,low,jefatura_masculina,no,espanol_uno_mas_adultos,adultos_ninguno_analfabeta,0,0,0,0,9.580889352,2.267401085,9.27256675176329,EXCLUSION,,
2023-09,Elegible,Vulnerabilidad Severa,2.070141643,1,2.578385269,1,1.776038647,2.823478261,2.580217391,2.544987923,,1,low,,,espanol_uno_mas_adultos,adultos_uno_mas_analfabeta,,0,0,17.46888676,50,3.915468811,66.4220030048236,INCLUSION,,
2024-03,No Elegible,Vulnerabilidad Baja,1,1,2.578385269,1,1,1,1,1.043888889,sotap,3,low,jefatura_femenina,si,espanol_uno_mas_adultos,adultos_ninguno_analfabeta,-500,0,0,8.975915299,0.386821499,2.277972167,9.6391424255778,EXCLUSION,,
2024-01,No Elegible,Vulnerabilidad Baja,1,1,1,1,1,1.498900966,1,1,foten,4,average,jefatura_masculina,no,espanol_uno_mas_adultos,adultos_ninguno_analfabeta,,0,0,0,3.815111519,2.10647915,3.69233741520706,EXCLUSION,,
2023-07,Lista de Reserva,Vulnerabilidad Severa,2.700708215,2.051104816,2.578385269,1.564135978,1,2.117608696,1,2.544987923,sotap,2,complete,jefatura_femenina,si,espanol_uno_mas_adultos,adultos_ninguno_analfabeta,,0,0,39.44321718,18.76190405,3.697703903,58.8706665678365,EXCLUSION,,
2023-10,No Elegible,Vulnerabilidad Baja,1,1,1,1.564135978,1,1,1,1.043888889,sotap,3,low,jefatura_femenina,no,espanol_uno_mas_adultos,adultos_ninguno_analfabeta,0,0,0,3.975239986,0.386821499,2.129122653,4.47754038033015,EXCLUSION,,
2024-01,Elegible,Vulnerabilidad Moderada,1,2.051104816,1,1,1.776038647,2.117608696,1.790108696,1,sotap,1,low,,,espanol_uno_mas_adultos,adultos_ninguno_analfabeta,,0,0,6.609317356,21.88512181,2.807542403,28.0028485028658,INCLUSION,,
2024-01,Elegible por Proceso Acelerado,Vulnerabilidad Elevada,1,1,1,1,1.776038647,2.823478261,2.580217391,1.043888889,foten,3,average,jefatura_masculina,no,espanol_uno_mas_adultos,adultos_ninguno_analfabeta,,0,0,0,32.85812825,2.917065088,31.8007208247868,INCLUSION,,
2024-05,No Elegible,Vulnerabilidad Baja,1,1,1,1,1.776038647,1,1.790108696,1,sotap,3,low,jefatura_masculina,no,espanol_uno_mas_adultos,adultos_ninguno_analfabeta,-500,0,0,0,12.01413641,2.33531262,11.6275094861898,EXCLUSION,,
2023-07,No Elegible,Vulnerabilidad Baja,2.700708215,1,1,1,1,1,1.790108696,1,sotap,1,low,,,espanol_uno_mas_adultos,adultos_ninguno_analfabeta,0,0,-500,9.472088355,5.614422911,2.438642712,15.2106547976534,EXCLUSION,,
2023-06,No Elegible,Vulnerabilidad Baja,1,1,1,1,1,2.117608696,1,1,foten,1,low,,,espanol_uno_mas_adultos,adultos_ninguno_analfabeta,,-500,0,0,7.392265486,2.206316944,7.15437499039503,EXCLUSION,,
2023-06,Lista de Reserva,Vulnerabilidad Baja,1,1,1,1,1,2.117608696,1.790108696,1,sotap,1,low,,,espanol_uno_mas_adultos,adultos_ninguno_analfabeta,-500,0,0,0,14.16503897,2.395343965,13.7091938509064,EXCLUSION,,
2023-10,Lista de Reserva,Vulnerabilidad Elevada,1,1.525552408,2.578385269,1,1.776038647,2.823478261,1.790108696,1,sotap,1,low,,,espanol_uno_mas_adultos,adultos_uno_mas_analfabeta,,0,0,13.7168894,26.18890898,3.139223567,39.504436317896,EXCLUSION,,
2023-09,No Elegible,Vulnerabilidad Baja,1,1,2.578385269,1,1,1,1,1,sotap,1,low,,,espanol_uno_mas_adultos,adultos_ninguno_analfabeta,0,0,0,8.975915299,0,2.267176041,9.26476922923712,EXCLUSION,,
2023-12,No Elegible,Vulnerabilidad Baja,1,1,1,1,1,1.498900966,1,1,sotap,1,low,,,espanol_uno_mas_adultos,adultos_ninguno_analfabeta,,0,0,0,3.815111519,2.10647915,3.69233741520706,EXCLUSION,,
2023-07,No Elegible,Vulnerabilidad Elevada,2.070141643,1,1,1,1.776038647,2.823478261,2.580217391,1,sotap,4,average,jefatura_masculina,no,espanol_uno_mas_adultos,adultos_uno_mas_analfabeta,0,0,0,6.702282231,32.12448674,3.096088617,38.0086570076959,EXCLUSION,,
2023-08,No Elegible,Vulnerabilidad Baja,1,1,1,1,1,2.117608696,1,1,sotap,3,low,jefatura_masculina,no,espanol_uno_mas_adultos,adultos_ninguno_analfabeta,,0,0,0,7.392265486,2.206316944,7.15437499039503,EXCLUSION,,
2024-06,No Elegible,Vulnerabilidad Elevada,2.700708215,1,2.578385269,1,1,1.498900966,1.790108696,1,sotap,1,low,,,espanol_uno_mas_adultos,adultos_ninguno_analfabeta,0,0,0,20.97871872,10.02735341,2.904311903,31.3584980170411,EXCLUSION,,
2023-08,No Elegible,Vulnerabilidad Baja,1,1,1,1,1,2.117608696,1,1,sotap,1,low,,,espanol_uno_mas_adultos,adultos_ninguno_analfabeta,,0,0,0,7.392265486,2.206316944,7.15437499039503,EXCLUSION,,
2023-12,No Elegible,Vulnerabilidad Baja,1,1,2.578385269,1,1,1,1,1,sotap,1,low,,,espanol_uno_mas_adultos,adultos_ninguno_analfabeta,-500,-500,0,8.975915299,0,2.267176041,9.26476922923712,EXCLUSION,,
2023-08,Lista de Reserva,Vulnerabilidad Moderada,2.700708215,1.525552408,1.249197356,1,1,1.498900966,1.790108696,1.043888889,sotap,2,average,jefatura_masculina,si,espanol_uno_mas_adultos,adultos_ninguno_analfabeta,,0,0,17.00620089,10.52243148,2.799883953,27.7372865533832,EXCLUSION,,
2024-03,No Elegible,Vulnerabilidad Elevada,1,1.525552408,1.249197356,1,1.776038647,2.823478261,2.580217391,1,fupal,2,average,jefatura_femenina,si,espanol_uno_mas_adultos,adultos_uno_mas_analfabeta,,0,0,5.877094669,32.12448674,3.071526181,37.1569140847632,EXCLUSION,,
2023-09,No Elegible,Vulnerabilidad Severa,2.070141643,1,2.578385269,1,1.776038647,2.823478261,2.580217391,2.544987923,fupal,3,complete,jefatura_femenina,si,espanol_uno_mas_adultos,adultos_ninguno_analfabeta,,0,0,17.46888676,50,3.915468811,66.4220030048236,EXCLUSION,,
2023-07,Lista de Reserva,Vulnerabilidad Moderada,1,1,1,1,1.776038647,2.117608696,2.580217391,1.043888889,sotap,1,low,,,espanol_ningun_adulto,adultos_ninguno_analfabeta,-500,0,0,0,28.09152966,2.784030087,27.1875161440115,EXCLUSION,,
2023-12,Elegible,Vulnerabilidad Elevada,2.700708215,1,3.251728045,1,1,1.498900966,1.790108696,1,sotap,4,average,jefatura_masculina,no,espanol_uno_mas_adultos,adultos_ninguno_analfabeta,0,0,0,24.2379543,10.02735341,3.001325926,34.7226190572411,INCLUSION,,
2023-07,Lista de Reserva,Vulnerabilidad Baja,2.070141643,1,1,1,1,1,1.790108696,1,sotap,1,low,,,espanol_uno_mas_adultos,adultos_ninguno_analfabeta,,0,0,6.702282231,5.614422911,2.356196989,12.3517135427769,EXCLUSION,,
2023-09,No Elegible,Vulnerabilidad Baja,2.070141643,2.051104816,1,1,1,1,1,1.043888889,sotap,1,low,,,espanol_uno_mas_adultos,adultos_ninguno_analfabeta,,0,0,14.63015408,0.386821499,2.446275574,15.4753402647892,EXCLUSION,,
2024-02,Lista de Reserva,Vulnerabilidad Moderada,1,1,2.578385269,1,1.776038647,2.117608696,1.790108696,1,fupal,1,low,,,espanol_uno_mas_adultos,adultos_ninguno_analfabeta,0,0,0,8.975915299,21.88512181,2.877986279,30.4456059342695,EXCLUSION,,
2023-08,Elegible,Vulnerabilidad Moderada,1,1,1,1,1.776038647,2.823478261,1.790108696,1,foten,4,average,jefatura_masculina,no,espanol_uno_mas_adultos,adultos_ninguno_analfabeta,,0,0,0,26.18890898,2.730928248,25.3461237001146,INCLUSION,,
2023-08,No Elegible,Vulnerabilidad Baja,1,1,1,1,1,1,1,1,sotap,4,average,jefatura_femenina,si,espanol_uno_mas_adultos,adultos_ninguno_analfabeta,-500,0,0,0,0,2,0,EXCLUSION,,
2023-07,No Elegible,Vulnerabilidad Baja,1,1,1,1,1.776038647,2.117608696,1.790108696,1.043888889,sotap,4,low,jefatura_masculina,no,espanol_uno_mas_adultos,adultos_ninguno_analfabeta,,0,0,0,22.50821784,2.628200749,21.783880881691,EXCLUSION,,
2024-03,Lista de Reserva,Vulnerabilidad Elevada,2.700708215,1,1.249197356,1,1.776038647,2.823478261,1.790108696,1.043888889,sotap,2,complete,jefatura_masculina,si,espanol_uno_mas_adultos,adultos_ninguno_analfabeta,,0,0,11.93561888,26.85846924,3.104889798,38.3138558725649,EXCLUSION,,
2024-04,No Elegible,Vulnerabilidad Elevada,2.070141643,1,1,1,1.776038647,2.823478261,2.580217391,1.043888889,fupal,4,average,jefatura_femenina,si,espanol_uno_mas_adultos,adultos_ninguno_analfabeta,-500,0,0,6.702282231,32.85812825,3.116564434,38.7186892002626,EXCLUSION,,
2024-06,No Elegible,Vulnerabilidad Baja,1,1,1,1,1.776038647,1.498900966,1.790108696,1,pcr_cdmx,1,low,,,espanol_uno_mas_adultos,adultos_ninguno_analfabeta,,0,0,0,17.10850297,2.477495573,16.5579342359224,EXCLUSION,,
2024-04,No Elegible,Vulnerabilidad Baja,1,1,1,1,1,2.117608696,1.790108696,1,pcr_cdmx,2,average,jefatura_masculina,si,espanol_uno_mas_adultos,adultos_ninguno_analfabeta,,0,0,0,14.16503897,2.395343965,13.7091938509064,EXCLUSION,,
2024-05,Lista de Reserva,Vulnerabilidad Moderada,1,1,1,1,1.776038647,2.823478261,1.790108696,1,sotap,1,low,,,espanol_uno_mas_adultos,adultos_ninguno_analfabeta,,0,0,0,26.18890898,2.730928248,25.3461237001146,EXCLUSION,,
2023-08,Elegible,Vulnerabilidad Baja,1,1,1,1,1,1,1.790108696,1,sotap,3,average,jefatura_femenina,si,espanol_uno_mas_adultos,adultos_ninguno_analfabeta,0,0,0,0,5.614422911,2.156697643,5.43374516730111,INCLUSION,,
2023-07,Lista de Reserva,Vulnerabilidad Moderada,1,1,1,1,1.776038647,2.823478261,2.580217391,1,sotap,3,average,jefatura_masculina,no,espanol_ningun_adulto,adultos_ninguno_analfabeta,,0,0,0,32.12448674,2.896589272,31.0906886322201,EXCLUSION,,
2023-07,No Elegible por Intenciones,Vulnerabilidad Moderada,1,1,2.578385269,1,1.776038647,1.498900966,1.790108696,1,sotap,4,average,jefatura_masculina,no,espanol_ningun_adulto,adultos_ninguno_analfabeta,,0,0,8.975915299,17.10850297,2.744671614,25.8227034651596,EXCLUSION,,
2023-12,Elegible,Vulnerabilidad Elevada,2.700708215,1,3.251728045,1,1.776038647,2.117608696,1.790108696,1.043888889,sotap,6,high,jefatura_masculina,no,espanol_uno_mas_adultos,adultos_ninguno_analfabeta,,0,0,24.2379543,22.50821784,3.34966485,46.8018367890193,INCLUSION,,
2023-11,Elegible,Vulnerabilidad Elevada,2.070141643,2.051104816,1,1,1.776038647,2.117608696,2.580217391,1.043888889,sotap,4,average,jefatura_masculina,no,espanol_ningun_adulto,adultos_uno_mas_analfabeta,,0,0,14.63015408,28.09152966,3.219509535,42.28848321246,INCLUSION,,
2024-06,No Elegible,Vulnerabilidad Moderada,1,1,1,1,1.776038647,2.823478261,1.790108696,1,sotap,1,low,,,espanol_uno_mas_adultos,adultos_ninguno_analfabeta,0,0,0,0,26.18890898,2.730928248,25.3461237001146,EXCLUSION,,
2024-04,No Elegible,Vulnerabilidad Severa,1.599560907,1,1,1,1.776038647,2.823478261,2.580217391,2.544987923,foten,4,average,jefatura_femenina,si,espanol_uno_mas_adultos,adultos_uno_mas_analfabeta,,0,0,4.186184624,50,3.520097459,52.7118502313849,EXCLUSION,,
2024-02,No Elegible,Vulnerabilidad Baja,1,1,1,1,1,1,1,1,fupal,1,low,,,espanol_uno_mas_adultos,adultos_ninguno_analfabeta,0,0,0,0,0,2,0,EXCLUSION,,
2024-05,No Elegible,Vulnerabilidad Elevada,1,2.051104816,1,1,1.776038647,2.823478261,2.580217391,1,foten,2,average,jefatura_masculina,si,espanol_uno_mas_adultos,adultos_uno_mas_analfabeta,,-500,0,6.609317356,32.12448674,3.093321436,37.9127004300535,EXCLUSION,,
2024-02,Lista de Reserva,Vulnerabilidad Baja,1,1,1,1,1,1,1,1,sotap,3,low,jefatura_masculina,no,espanol_uno_mas_adultos,adultos_ninguno_analfabeta,-500,0,0,0,0,2,0,EXCLUSION,,
2023-08,No Elegible,Vulnerabilidad Elevada,1,1,2.578385269,1,1.776038647,1.498900966,2.580217391,1.043888889,sotap,1,low,,,espanol_ningun_adulto,adultos_ninguno_analfabeta,,0,0,8.975915299,22.80125306,2.903555356,31.3322551645133,EXCLUSION,,
2024-02,Elegible,Vulnerabilidad Elevada,1,2.051104816,1,1,1.776038647,2.823478261,2.580217391,1.043888889,sotap,5,high,jefatura_femenina,no,espanol_uno_mas_adultos,adultos_ninguno_analfabeta,,0,0,6.609317356,32.85812825,3.113797253,38.6227326226202,INCLUSION,,
2024-07,No Elegible,Vulnerabilidad Baja,1,1,2.578385269,1,1,1,1,1,sotap,1,low,,,espanol_uno_mas_adultos,adultos_ninguno_analfabeta,,0,0,8.975915299,0,2.267176041,9.26476922923712,EXCLUSION,,
2024-06,Lista de Reserva,Vulnerabilidad Elevada,1,1,2.578385269,1,1.776038647,2.823478261,1.790108696,1,sotap,3,average,jefatura_masculina,no,espanol_ningun_adulto,adultos_ninguno_analfabeta,0,0,0,8.975915299,26.18890898,2.998104289,34.6108929293517,EXCLUSION,,
2024-03,No Elegible,Vulnerabilidad Baja,2.070141643,1,1,1,1,1,1.790108696,1,sotap,1,low,,,espanol_uno_mas_adultos,adultos_ninguno_analfabeta,0,0,0,6.702282231,5.614422911,2.356196989,12.3517135427769,EXCLUSION,,
2023-06,No Elegible,Vulnerabilidad Baja,1,1,1,1,1,2.823478261,1.790108696,1,sotap,4,average,jefatura_femenina,no,espanol_uno_mas_adultos,adultos_ninguno_analfabeta,,0,0,0,17.8931401,2.49939467,17.3173209584419,EXCLUSION,,
2023-07,No Elegible,Vulnerabilidad Baja,1,2.051104816,1,1,1.776038647,1.498900966,1.790108696,1,sotap,1,low,,,espanol_uno_mas_adultos,adultos_ninguno_analfabeta,,0,0,6.609317356,17.10850297,2.674227738,23.3799460337559,EXCLUSION,,
2023-10,No Elegible,Vulnerabilidad Elevada,1,1,2.578385269,1,1.776038647,2.823478261,2.580217391,1.043888889,sotap,1,low,,,espanol_ningun_adulto,adultos_ninguno_analfabeta,0,0,0,8.975915299,32.85812825,3.184241129,41.0654900540239,EXCLUSION,,
2023-10,No Elegible,Vulnerabilidad Baja,1,1,1,1,1.776038647,2.117608696,1.790108696,1.043888889,sotap,1,low,,,espanol_uno_mas_adultos,adultos_ninguno_analfabeta,0,-500,0,0,22.50821784,2.628200749,21.783880881691,EXCLUSION,,
2023-09,No Elegible,Vulnerabilidad Elevada,2.070141643,1,1,1,1.776038647,2.117608696,2.580217391,1.043888889,fupal,1,low,,,espanol_uno_mas_adultos,adultos_ninguno_analfabeta,,0,0,6.702282231,28.09152966,2.983529432,34.1054845194874,EXCLUSION,,
2023-08,No Elegible,Vulnerabilidad Baja,2.700708215,1,1,1,1,1,1.790108696,1,sotap,1,low,,,espanol_ningun_adulto,adultos_uno_mas_analfabeta,,0,0,9.472088355,5.614422911,2.438642712,15.2106547976534,EXCLUSION,,
2024-06,No Elegible,Vulnerabilidad Moderada,1,2.051104816,1,1,1.776038647,2.117608696,1.790108696,1,fupal,1,low,,,espanol_uno_mas_adultos,adultos_ninguno_analfabeta,0,0,0,6.609317356,21.88512181,2.807542403,28.0028485028658,EXCLUSION,,
2023-09,Elegible,Vulnerabilidad Baja,1,1,1,1,1,1,1,1,fupal,4,average,jefatura_femenina,si,espanol_uno_mas_adultos,adultos_ninguno_analfabeta,,0,0,0,0,2,0,INCLUSION,,
2024-07,No Elegible,Vulnerabilidad Baja,1,1,1,1,1.776038647,1.498900966,1.790108696,1,sotap,3,average,jefatura_femenina,si,espanol_uno_mas_adultos,adultos_ninguno_analfabeta,,0,0,0,17.10850297,2.477495573,16.5579342359224,EXCLUSION,,
2024-06,Lista de Reserva,Vulnerabilidad Baja,1,1,1,1,1,1,1,1,sotap,1,low,,,espanol_uno_mas_adultos,adultos_ninguno_analfabeta,,0,0,0,0,2,0,EXCLUSION,,
2024-06,Lista de Reserva,Vulnerabilidad Moderada,1,1,1,1,1.776038647,2.823478261,1.790108696,1,pcr_cdmx,4,average,jefatura_femenina,si,espanol_uno_mas_adultos,adultos_ninguno_analfabeta,-500,-500,0,0,26.18890898,2.730928248,25.3461237001146,EXCLUSION,,
2024-01,Elegible,Vulnerabilidad Elevada,2.070141643,1,2.578385269,1,1.776038647,2.823478261,2.580217391,1.043888889,fupal,3,low,jefatura_femenina,no,espanol_uno_mas_adultos,adultos_ninguno_analfabeta,,0,0,17.46888676,32.85812825,3.43704192,49.8317738296103,INCLUSION,,
2024-02,No Elegible,Vulnerabilidad Elevada,1,1,2.578385269,1,1.776038647,2.117608696,2.580217391,1.738466184,pcr_cdmx,1,low,,,espanol_ningun_adulto,adultos_ninguno_analfabeta,0,0,0,8.975915299,36.78475459,3.29383264,44.8657536317763,EXCLUSION,,
2023-12,Elegible,Vulnerabilidad Elevada,2.700708215,1,3.251728045,1,1.776038647,2.117608696,1.790108696,1,sotap,5,average,jefatura_femenina,no,espanol_uno_mas_adultos,adultos_ninguno_analfabeta,,0,0,24.2379543,21.88512181,3.33227434,46.1987926123607,INCLUSION,,
2024-04,No Elegible,Vulnerabilidad Elevada,1,1,3.251728045,1,1.776038647,2.117608696,1.790108696,1,sotap,1,low,,,espanol_uno_mas_adultos,adultos_ninguno_analfabeta,,0,0,11.51832969,21.88512181,2.953663487,33.0698377627863,EXCLUSION,,
2024-03,No Elegible,Vulnerabilidad Baja,2.700708215,1,1.249197356,1,1,1,1,1,sotap,1,low,,,espanol_uno_mas_adultos,adultos_ninguno_analfabeta,0,0,0,11.93561888,0,2.35527423,12.3197190311773,EXCLUSION,,
2023-07,No Elegible,Vulnerabilidad Elevada,2.700708215,1,1,1,1.776038647,2.823478261,1.790108696,1,sotap,2,complete,jefatura_femenina,si,espanol_uno_mas_adultos,adultos_ninguno_analfabeta,0,0,0,9.472088355,26.18890898,3.012873318,35.1230333304669,EXCLUSION,,
2023-12,Elegible,Vulnerabilidad Moderada,2.700708215,1,2.578385269,1,1,1,1.790108696,1,sotap,1,low,,,espanol_uno_mas_adultos,adultos_ninguno_analfabeta,0,0,0,20.97871872,5.614422911,2.78114772,27.0875800344294,INCLUSION,,
2024-03,Lista de Reserva,Vulnerabilidad Moderada,1,1,1,1,1.776038647,2.823478261,1.790108696,1,sotap,1,low,,,espanol_uno_mas_adultos,adultos_ninguno_analfabeta,0,0,0,0,26.18890898,2.730928248,25.3461237001146,EXCLUSION,,
2023-06,No Elegible,Vulnerabilidad Elevada,2.700708215,1,1.249197356,1,1.776038647,2.117608696,1.790108696,1.043888889,fupal,4,average,jefatura_masculina,si,espanol_uno_mas_adultos,adultos_ninguno_analfabeta,0,0,0,11.93561888,22.50821784,2.983474979,34.1035999128682,EXCLUSION,,
2023-07,No Elegible,Vulnerabilidad Moderada,2.070141643,1,1,1,1.776038647,1.498900966,2.580217391,1.043888889,sotap,1,low,,,espanol_uno_mas_adultos,adultos_ninguno_analfabeta,,0,0,6.702282231,22.80125306,2.835878661,28.9854543107519,EXCLUSION,,
2024-03,No Elegible,Vulnerabilidad Baja,1,1,1,1,1.776038647,2.117608696,1.790108696,1,sotap,1,low,,,espanol_uno_mas_adultos,adultos_ninguno_analfabeta,,0,0,0,21.88512181,2.610810239,21.1808367050324,EXCLUSION,,
2023-11,Lista de Reserva,Vulnerabilidad Moderada,1,1,1,1,1.776038647,2.823478261,1.790108696,1,sotap,2,average,jefatura_femenina,si,espanol_uno_mas_adultos,adultos_ninguno_analfabeta,,0,0,0,26.18890898,2.730928248,25.3461237001146,EXCLUSION,,
2023-10,No Elegible,Vulnerabilidad Baja,2.070141643,1.525552408,1,1,1.776038647,1,1,1,sotap,1,low,,,espanol_ningun_adulto,adultos_ninguno_analfabeta,,0,0,11.1900528,5.532745347,2.487499832,16.904855958145,EXCLUSION,,
2024-07,No Elegible,Vulnerabilidad Baja,1,1,3.251728045,1,1.776038647,1,1.790108696,1,sotap,1,low,,,espanol_uno_mas_adultos,adultos_ninguno_analfabeta,-500,0,0,11.51832969,12.01413641,2.678165869,23.5165105439437,EXCLUSION,,
2023-08,Elegible,Vulnerabilidad Moderada,1,1.525552408,1,1,1.776038647,2.823478261,1.790108696,1,sotap,1,low,,,espanol_uno_mas_adultos,adultos_ninguno_analfabeta,0,0,0,3.741369748,26.18890898,2.842293421,29.207894467975,INCLUSION,,
2024-02,No Elegible,Vulnerabilidad Baja,2.070141643,1,1,1,1.776038647,1,1.790108696,1.043888889,sotap,1,low,,,espanol_uno_mas_adultos,adultos_ninguno_analfabeta,,0,0,6.702282231,12.53066404,2.549228169,19.0453831160046,EXCLUSION,,
2023-07,No Elegible,Vulnerabilidad Elevada,2.700708215,1,3.251728045,1,1.776038647,2.117608696,1.790108696,1,sotap,3,average,jefatura_masculina,no,espanol_uno_mas_adultos,adultos_ninguno_analfabeta,0,0,0,24.2379543,21.88512181,3.33227434,46.1987926123607,EXCLUSION,,
2023-07,Lista de Reserva,Vulnerabilidad Baja,2.070141643,1,1,1,1,1,1,1.043888889,sotap,1,low,,,espanol_uno_mas_adultos,adultos_ninguno_analfabeta,,0,0,6.702282231,0.386821499,2.210295472,7.29234157181649,EXCLUSION,,
2024-02,No Elegible,Vulnerabilidad Baja,2.700708215,1,2.578385269,1,1,1,1,1,fupal,2,low,jefatura_femenina,no,espanol_uno_mas_adultos,adultos_ninguno_analfabeta,,0,0,20.97871872,0,2.624450078,21.6538348671283,EXCLUSION,,
2024-02,No Elegible por Duplicidad,Vulnerabilidad Severa,2.700708215,2.051104816,3.251728045,1,1.776038647,2.823478261,2.580217391,1.043888889,foten,1,low,,,espanol_uno_mas_adultos,adultos_ninguno_analfabeta,0,0,0,35.61565687,32.85812825,3.977196548,68.5625251485202,EXCLUSION,,
2024-01,Elegible,Vulnerabilidad Moderada,2.070141643,1,1,1,1.776038647,2.117608696,1.790108696,1.043888889,sotap,4,average,jefatura_femenina,si,espanol_uno_mas_adultos,adultos_ninguno_analfabeta,0,0,0,6.702282231,22.50821784,2.827700095,28.7018492571668,INCLUSION,,
2024-04,No Elegible por Duplicidad,Vulnerabilidad Elevada,1.599560907,1,2.578385269,1,1.776038647,2.823478261,1.790108696,1.043888889,sotap,3,low,jefatura_masculina,no,espanol_uno_mas_adultos,adultos_ninguno_analfabeta,0,0,0,14.28054816,26.85846924,3.174688687,40.7342473217245,EXCLUSION,,
2024-03,Elegible,Vulnerabilidad Baja,1,1,1,1,1,1.498900966,1.790108696,1.738466184,sotap,1,low,,,espanol_uno_mas_adultos,adultos_uno_mas_analfabeta,,0,0,0,16.8262746,2.469618625,16.2847882570974,INCLUSION,,
2024-06,Lista de Reserva,Vulnerabilidad Baja,1,1,1,1.564135978,1,1.498900966,1.790108696,1,sotap,1,low,,,espanol_uno_mas_adultos,adultos_ninguno_analfabeta,,0,0,3.975239986,10.02735341,2.398188352,13.8078303339023,EXCLUSION,,
2024-02,No Elegible,Vulnerabilidad Baja,1,1,1,1,1,2.117608696,1.790108696,1,sotap,3,low,jefatura_masculina,si,espanol_uno_mas_adultos,adultos_ninguno_analfabeta,,0,0,0,14.16503897,2.395343965,13.7091938509064,EXCLUSION,,
2024-06,Lista de Reserva,Vulnerabilidad Elevada,1,1,2.578385269,1,1.776038647,2.823478261,2.580217391,1,foten,4,average,jefatura_femenina,si,espanol_uno_mas_adultos,adultos_uno_mas_analfabeta,,0,0,8.975915299,32.12448674,3.163765312,40.3554578614572,EXCLUSION,,
2023-10,No Elegible,Vulnerabilidad Elevada,2.700708215,1,1.249197356,1,1.776038647,2.117608696,1.790108696,1,sotap,3,average,jefatura_femenina,si,espanol_uno_mas_adultos,adultos_ninguno_analfabeta,0,0,0,11.93561888,21.88512181,2.966084469,33.5005557362097,EXCLUSION,,
2024-05,No Elegible,Vulnerabilidad Elevada,2.070141643,1,2.578385269,1,1.776038647,2.117608696,2.580217391,1.043888889,fusal,5,high,jefatura_masculina,no,espanol_uno_mas_adultos,adultos_ninguno_analfabeta,0,0,0,17.46888676,28.09152966,3.304006918,45.2185691488351,EXCLUSION,,
2023-06,No Elegible,Vulnerabilidad Moderada,1,1,1,1,1.776038647,2.823478261,2.580217391,1,foten,1,low,,,espanol_uno_mas_adultos,adultos_ninguno_analfabeta,,0,0,0,32.12448674,2.896589272,31.0906886322201,EXCLUSION,,
2024-02,Lista de Reserva,Vulnerabilidad Moderada,1,1,1,1,1.776038647,2.823478261,1.790108696,1,sotap,1,low,,,espanol_uno_mas_adultos,adultos_ninguno_analfabeta,,0,0,0,26.18890898,2.730928248,25.3461237001146,EXCLUSION,,
2023-07,No Elegible,Vulnerabilidad Elevada,1,1,1,1,1.776038647,2.823478261,2.580217391,1.043888889,sotap,1,low,,,espanol_uno_mas_adultos,adultos_ninguno_analfabeta,0,0,0,0,32.85812825,2.917065088,31.8007208247868,EXCLUSION,,
2023-08,No Elegible,Vulnerabilidad Baja,2.700708215,1,1,1,1,1.498900966,2.580217391,1.043888889,sotap,1,low,,,espanol_uno_mas_adultos,adultos_ninguno_analfabeta,,0,0,9.472088355,14.95862607,2.699437924,24.2541521547936,EXCLUSION,,
2023-08,Lista de Reserva,Vulnerabilidad Moderada,1,1,1,1,1.776038647,2.117608696,2.580217391,1.043888889,sotap,1,low,,,espanol_uno_mas_adultos,adultos_ninguno_analfabeta,,0,0,0,28.09152966,2.784030087,27.1875161440115,EXCLUSION,,
2023-06,No Elegible,Vulnerabilidad Moderada,1,1,1,1,1.776038647,2.823478261,2.580217391,1,sotap,3,average,jefatura_masculina,no,espanol_uno_mas_adultos,adultos_ninguno_analfabeta,,0,0,0,32.12448674,2.896589272,31.0906886322201,EXCLUSION,,
2023-09,Lista de Reserva,Vulnerabilidad Elevada,1,1,2.578385269,1,1.776038647,2.823478261,2.580217391,1,foten,4,average,jefatura_masculina,no,espanol_uno_mas_adultos,adultos_ninguno_analfabeta,-500,0,0,8.975915299,32.12448674,3.163765312,40.3554578614572,EXCLUSION,,
2023-12,No Elegible,Vulnerabilidad Elevada,2.070141643,1,1,1,1.776038647,2.823478261,1.790108696,1.043888889,foten,2,average,jefatura_femenina,si,espanol_uno_mas_adultos,adultos_ninguno_analfabeta,,0,0,6.702282231,26.85846924,2.949114914,32.9121052168634,EXCLUSION,,
2023-09,No Elegible,Vulnerabilidad Baja,1,1,1,1,1.776038647,1.498900966,1.790108696,1,sotap,4,average,jefatura_masculina,no,espanol_ningun_adulto,adultos_ninguno_analfabeta,,0,0,0,17.10850297,2.477495573,16.5579342359224,EXCLUSION,,
2023-12,Elegible,Vulnerabilidad Baja,1,1,2.578385269,1,1,1,2.580217391,1.043888889,sotap,1,low,,,espanol_uno_mas_adultos,adultos_ninguno_analfabeta,0,-500,0,8.975915299,10.07114734,2.548260147,19.0118169766886,INCLUSION,,
2024-06,No Elegible,Vulnerabilidad Elevada,2.700708215,1,2.578385269,1,1.776038647,2.823478261,1.790108696,1.043888889,sotap,3,complete,jefatura_femenina,si,espanol_uno_mas_adultos,adultos_ninguno_analfabeta,0,0,0,20.97871872,26.85846924,3.374065645,47.6479717085159,EXCLUSION,,
2023-10,No Elegible por Intenciones,Vulnerabilidad Baja,1,1,1,1,1.776038647,1,1.790108696,1,sotap,1,low,,,espanol_uno_mas_adultos,adultos_ninguno_analfabeta,0,0,0,0,12.01413641,2.33531262,11.6275094861898,EXCLUSION,,
2024-01,No Elegible,Vulnerabilidad Moderada,1,1.525552408,1,1,1.776038647,2.823478261,1.790108696,1,sotap,1,low,,,espanol_uno_mas_adultos,adultos_ninguno_analfabeta,,0,0,3.741369748,26.18890898,2.842293421,29.207894467975,EXCLUSION,,
2023-11,Lista de Reserva,Vulnerabilidad Baja,1,1,1,1,1,1,1.790108696,1,sotap,1,low,,,espanol_uno_mas_adultos,adultos_ninguno_analfabeta,-500,0,0,0,5.614422911,2.156697643,5.43374516730111,EXCLUSION,,
2023-06,No Elegible,Vulnerabilidad Moderada,1,2.051104816,2.578385269,1.564135978,1,1.498900966,1,1,sotap,1,low,,,espanol_ningun_adulto,adultos_ninguno_analfabeta,0,0,0,23.37941737,3.815111519,2.802388142,27.824127815591,EXCLUSION,,
2024-03,Elegible,Vulnerabilidad Baja,1,1,1,1,1.776038647,2.117608696,1,1,sotap,4,average,jefatura_masculina,no,espanol_uno_mas_adultos,adultos_ninguno_analfabeta,0,0,0,0,14.06650994,2.392594036,13.6138355836209,INCLUSION,,
2024-05,No Elegible,Vulnerabilidad Baja,1,1,1,1,1.776038647,2.117608696,1.790108696,1,sotap,1,low,,,espanol_uno_mas_adultos,adultos_ninguno_analfabeta,,0,0,0,21.88512181,2.610810239,21.1808367050324,EXCLUSION,,
2023-06,No Elegible,Vulnerabilidad Severa,2.700708215,1,2.578385269,1,1.776038647,2.823478261,2.580217391,1.043888889,sotap,3,average,jefatura_femenina,si,espanol_ningun_adulto,adultos_ninguno_analfabeta,,0,0,20.97871872,32.85812825,3.541515166,53.4545556919151,EXCLUSION,,
2023-06,Lista de Reserva,Vulnerabilidad Baja,1,1,1,1,1,1.498900966,1.790108696,1.043888889,pcr_cdmx,1,low,,,espanol_ningun_adulto,adultos_ninguno_analfabeta,,0,0,0,10.52243148,2.293679375,10.1838091125421,EXCLUSION,,
2023-07,No Elegible,Vulnerabilidad Elevada,2.700708215,1,2.578385269,1,1.776038647,2.117608696,1.790108696,1,sotap,1,low,,,espanol_uno_mas_adultos,adultos_ninguno_analfabeta,,0,0,20.97871872,21.88512181,3.235260316,42.8346715721607,EXCLUSION,,
2023-09,No Elegible,Vulnerabilidad Baja,1,1,1,1,1,1.498900966,1,1,foten,1,low,,,espanol_uno_mas_adultos,adultos_ninguno_analfabeta,-500,0,0,0,3.815111519,2.10647915,3.69233741520706,EXCLUSION,,
2024-03,Lista de Reserva,Vulnerabilidad Moderada,1,1,2.578385269,1,1.776038647,2.117608696,1.790108696,1.043888889,foten,1,low,,,espanol_uno_mas_adultos,adultos_ninguno_analfabeta,,0,0,8.975915299,22.50821784,2.89537679,31.0486501109281,EXCLUSION,,
2023-12,Lista de Reserva,Vulnerabilidad Baja,1,1,1,1,1.776038647,1,1.790108696,1,sotap,2,low,jefatura_masculina,no,espanol_uno_mas_adultos,adultos_ninguno_analfabeta,,0,0,0,12.01413641,2.33531262,11.6275094861898,EXCLUSION,,
2024-06,No Elegible,Vulnerabilidad Baja,1,1,1,1,1.776038647,2.117608696,1,1,sotap,4,average,jefatura_femenina,si,espanol_uno_mas_adultos,adultos_ninguno_analfabeta,0,0,0,0,14.06650994,2.392594036,13.6138355836209,EXCLUSION,,
2024-06,No Elegible,Vulnerabilidad Baja,1,1,1,1,1.776038647,1,1.790108696,1,sotap,1,low,,,espanol_uno_mas_adultos,adultos_ninguno_analfabeta,0,0,0,0,12.01413641,2.33531262,11.6275094861898,EXCLUSION,,
2023-06,Lista de Reserva,Vulnerabilidad Severa,2.700708215,1,2.578385269,1,1.776038647,2.823478261,2.580217391,1,foten,4,average,jefatura_masculina,no,espanol_uno_mas_adultos,adultos_ninguno_analfabeta,,0,0,20.97871872,32.12448674,3.521039349,52.7445234993484,EXCLUSION,,
2024-02,No Elegible,Vulnerabilidad Elevada,2.700708215,1,3.251728045,1,1.776038647,2.823478261,1.790108696,1,sotap,1,low,,,espanol_ningun_adulto,adultos_ninguno_analfabeta,,0,0,24.2379543,26.18890898,3.45239235,50.3640796074429,EXCLUSION,,
2024-01,Lista de Reserva,Vulnerabilidad Moderada,1,1,1,1,1.776038647,2.823478261,2.580217391,1,sotap,3,low,jefatura_masculina,no,espanol_ningun_adulto,adultos_ninguno_analfabeta,,0,0,0,32.12448674,2.896589272,31.0906886322201,EXCLUSION,,
2024-05,Lista de Reserva,Vulnerabilidad Elevada,1,1,2.578385269,1,1.776038647,1.498900966,2.580217391,1.043888889,sotap,1,low,,,espanol_ningun_adulto,adultos_ninguno_analfabeta,0,0,0,8.975915299,22.80125306,2.903555356,31.3322551645133,EXCLUSION,,
2023-12,Elegible,Vulnerabilidad Elevada,1,1.525552408,2.578385269,1,1.776038647,2.823478261,1.790108696,1,foten,3,average,jefatura_femenina,si,espanol_uno_mas_adultos,adultos_ninguno_analfabeta,0,0,0,13.7168894,26.18890898,3.139223567,39.504436317896,INCLUSION,,
2023-08,Lista de Reserva,Vulnerabilidad Moderada,1,1,3.251728045,1,1.776038647,1,2.580217391,1,futij,1,low,,,espanol_uno_mas_adultos,adultos_ninguno_analfabeta,0,0,0,11.51832969,16.59309681,2.805963919,27.9481154193113,EXCLUSION,,
2023-10,Elegible,Vulnerabilidad Moderada,1,1,1,1,1.776038647,2.823478261,2.580217391,1,sotap,9,average,jefatura_femenina,no,espanol_uno_mas_adultos,adultos_ninguno_analfabeta,,0,0,0,32.12448674,2.896589272,31.0906886322201,INCLUSION,,
2024-03,No Elegible,Vulnerabilidad Elevada,2.070141643,1,1,1,1.776038647,2.823478261,1.790108696,1.043888889,sotap,4,average,jefatura_masculina,no,espanol_uno_mas_adultos,adultos_ninguno_analfabeta,,0,-500,6.702282231,26.85846924,2.949114914,32.9121052168634,EXCLUSION,,
2023-11,Elegible,Vulnerabilidad Baja,1,1,1,1,1,1,1,1,sotap,1,low,,,espanol_uno_mas_adultos,adultos_ninguno_analfabeta,-500,0,0,0,0,2,0,INCLUSION,,
2023-07,Elegible,Vulnerabilidad Baja,1.599560907,1,1,1,1,1,1.790108696,1.043888889,pcr_cdmx,1,low,,,espanol_uno_mas_adultos,adultos_ninguno_analfabeta,,0,0,4.186184624,6.061858428,2.293790976,10.1876819933135,INCLUSION,,
2024-06,No Elegible,Vulnerabilidad Elevada,1.599560907,1,1,1.564135978,1.776038647,2.823478261,2.580217391,1.043888889,sotap,4,average,jefatura_femenina,si,espanol_uno_mas_adultos,adultos_ninguno_analfabeta,,0,0,8.656761296,32.85812825,3.174741228,40.7360653560533,EXCLUSION,,
2024-01,Elegible,Vulnerabilidad Moderada,1,1,1,1,1.776038647,2.823478261,1.790108696,1,fupal,1,low,,,espanol_uno_mas_adultos,adultos_ninguno_analfabeta,,0,0,0,26.18890898,2.730928248,25.3461237001146,INCLUSION,,
2024-04,No Elegible por Duplicidad,Vulnerabilidad Baja,1,1,1,1,1.776038647,2.117608696,1.790108696,1,sotap,1,low,,,espanol_uno_mas_adultos,adultos_ninguno_analfabeta,0,0,0,0,21.88512181,2.610810239,21.1808367050324,EXCLUSION,,
2023-09,Elegible,Vulnerabilidad Severa,2.700708215,1,3.251728045,1,1.776038647,2.117608696,2.580217391,1.043888889,foten,3,average,jefatura_masculina,no,espanol_uno_mas_adultos,adultos_ninguno_analfabeta,,0,0,24.2379543,28.09152966,3.505494188,52.2054720513398,INCLUSION,,
2023-07,No Elegible,Vulnerabilidad Elevada,2.070141643,1,1,1,1.776038647,2.823478261,1.790108696,1.043888889,sotap,2,low,jefatura_masculina,no,espanol_uno_mas_adultos,adultos_ninguno_analfabeta,0,0,0,6.702282231,26.85846924,2.949114914,32.9121052168634,EXCLUSION,,
2023-11,No Elegible,Vulnerabilidad Baja,1,1,1,1,1,1.498900966,1,1,futij,2,average,jefatura_femenina,si,espanol_uno_mas_adultos,adultos_ninguno_analfabeta,0,0,0,0,3.815111519,2.10647915,3.69233741520706,EXCLUSION,,
2024-04,No Elegible,Vulnerabilidad Elevada,2.070141643,1,1,1,1.776038647,1.498900966,2.580217391,2.544987923,foten,2,average,jefatura_masculina,si,espanol_uno_mas_adultos,adultos_uno_mas_analfabeta,,0,0,6.702282231,37.43330939,3.244257006,43.1466364359962,EXCLUSION,,
2023-08,No Elegible,Vulnerabilidad Moderada,1,1,1,1,1.776038647,2.823478261,1.790108696,1,sotap,4,average,jefatura_masculina,no,espanol_uno_mas_adultos,adultos_ninguno_analfabeta,0,0,0,0,26.18890898,2.730928248,25.3461237001146,EXCLUSION,,
2024-01,No Elegible,Vulnerabilidad Elevada,2.700708215,1,2.578385269,1,1.776038647,2.823478261,1.790108696,1,sotap,1,low,,,espanol_uno_mas_adultos,adultos_ninguno_analfabeta,,0,0,20.97871872,26.18890898,3.355378326,46.9999585672429,EXCLUSION,,
2024-04,No Elegible,Vulnerabilidad Elevada,1,1,1,1,1.776038647,2.823478261,2.580217391,1.043888889,fupal,1,low,,,espanol_uno_mas_adultos,adultos_ninguno_analfabeta,0,0,0,0,32.85812825,2.917065088,31.8007208247868,EXCLUSION,,
2023-10,Lista de Reserva,Vulnerabilidad Elevada,1,1,1,1,1.776038647,2.823478261,2.580217391,1.043888889,fupal,5,high,jefatura_masculina,no,espanol_ningun_adulto,adultos_ninguno_analfabeta,,0,0,0,32.85812825,2.917065088,31.8007208247868,EXCLUSION,,
2024-01,Lista de Reserva,Vulnerabilidad Elevada,1,2.051104816,2.578385269,1,1.776038647,2.823478261,1.790108696,1,sotap,3,average,jefatura_femenina,si,espanol_uno_mas_adultos,adultos_uno_mas_analfabeta,0,0,0,17.3510839,26.18890898,3.247398574,43.2555828311005,EXCLUSION,,
2024-06,No Elegible,Vulnerabilidad Moderada,2.700708215,1,1,1,1.776038647,1,2.580217391,1,foten,1,low,,,espanol_uno_mas_adultos,adultos_ninguno_analfabeta,0,0,0,9.472088355,16.59309681,2.74505574,25.8360239919096,EXCLUSION,,
2023-12,No Elegible,Vulnerabilidad Severa,2.700708215,1,3.251728045,1,1.776038647,2.117608696,2.580217391,1.043888889,sotap,6,high,jefatura_femenina,si,espanol_ningun_adulto,adultos_ninguno_analfabeta,-500,0,0,24.2379543,28.09152966,3.505494188,52.2054720513398,EXCLUSION,,
2024-03,Elegible,Vulnerabilidad Elevada,2.070141643,1,1,1,1.776038647,1.498900966,2.580217391,2.544987923,foten,1,low,,,espanol_uno_mas_adultos,adultos_ninguno_analfabeta,0,0,0,6.702282231,37.43330939,3.244257006,43.1466364359962,INCLUSION,,
2024-02,Elegible,Vulnerabilidad Elevada,1,1.525552408,1,1,1.776038647,2.823478261,2.580217391,1,sotap,1,low,,,espanol_uno_mas_adultos,adultos_ninguno_analfabeta,,0,0,3.741369748,32.12448674,3.007954444,34.9524594000805,INCLUSION,,
2023-09,Elegible,Vulnerabilidad Severa,1,2.051104816,2.578385269,1.564135978,1.776038647,2.823478261,2.580217391,1,sotap,2,complete,jefatura_femenina,si,espanol_ningun_adulto,adultos_uno_mas_analfabeta,,0,0,23.37941737,32.12448674,3.592498263,55.222479032604,INCLUSION,,
2024-05,No Elegible,Vulnerabilidad Elevada,2.070141643,1,1,1,1.776038647,1,2.580217391,2.544987923,sotap,4,average,jefatura_masculina,no,espanol_uno_mas_adultos,adultos_uno_mas_analfabeta,,0,0,6.702282231,30.38303782,3.047485057,36.3232496553904,EXCLUSION,,
2023-07,No Elegible,Vulnerabilidad Elevada,1,1,2.578385269,1,1.776038647,2.823478261,1.790108696,1,fupal,3,average,jefatura_femenina,si,espanol_uno_mas_adultos,adultos_ninguno_analfabeta,,0,0,8.975915299,26.18890898,2.998104289,34.6108929293517,EXCLUSION,,
2024-03,Elegible,Vulnerabilidad Elevada,1,1,3.251728045,1,1.776038647,2.117608696,2.580217391,1.738466184,sotap,1,low,,,espanol_ningun_adulto,adultos_ninguno_analfabeta,-500,0,0,11.51832969,36.78475459,3.369509848,47.4899854602931,INCLUSION,,
2024-01,No Elegible,Vulnerabilidad Elevada,2.700708215,1,1.249197356,1,1.776038647,1,1.790108696,2.544987923,foten,2,average,jefatura_femenina,si,espanol_uno_mas_adultos,adultos_ninguno_analfabeta,,0,0,11.93561888,24.59957006,3.041844284,36.1276503270764,EXCLUSION,,
2023-10,No Elegible,Vulnerabilidad Elevada,2.700708215,1,1.249197356,1,1.776038647,2.823478261,1.790108696,1.043888889,sotap,6,average,jefatura_masculina,no,espanol_uno_mas_adultos,adultos_ninguno_analfabeta,,0,0,11.93561888,26.85846924,3.104889798,38.3138558725649,EXCLUSION,,
2023-07,No Elegible por Duplicidad,Vulnerabilidad Baja,1,1,1,1,1.776038647,2.823478261,1,1,foten,4,average,jefatura_masculina,no,espanol_uno_mas_adultos,adultos_ninguno_analfabeta,,0,0,0,17.78726377,2.496439678,17.2148518346176,EXCLUSION,,
2024-01,Elegible,Vulnerabilidad Elevada,2.700708215,1.525552408,1.249197356,1,1.776038647,2.117608696,1.790108696,1.043888889,sotap,1,low,,,espanol_ningun_adulto,adultos_ninguno_analfabeta,,0,0,17.00620089,22.50821784,3.134405327,39.3373583225321,INCLUSION,,
2023-11,No Elegible,Vulnerabilidad Elevada,2.070141643,1,1,1,1.776038647,2.823478261,2.580217391,1.043888889,sotap,1,low,,,espanol_uno_mas_adultos,adultos_ninguno_analfabeta,0,0,0,6.702282231,32.85812825,3.116564434,38.7186892002626,EXCLUSION,,
2024-05,Elegible,Vulnerabilidad Baja,1,1,1,1,1.776038647,2.117608696,1,1.738466184,pcr_cdmx,4,average,jefatura_masculina,no,espanol_ningun_adulto,adultos_ninguno_analfabeta,,0,0,0,21.46429064,2.599064908,20.7735483029142,INCLUSION,,
2024-06,No Elegible,Vulnerabilidad Baja,1,1,1,1,1.776038647,2.117608696,1.790108696,1,sotap,1,low,,,espanol_uno_mas_adultos,adultos_ninguno_analfabeta,,0,0,0,21.88512181,2.610810239,21.1808367050324,EXCLUSION,,
2024-06,No Elegible,Vulnerabilidad Moderada,1,2.051104816,1,2.128271955,1,1,2.580217391,1,sotap,3,average,jefatura_masculina,no,espanol_ningun_adulto,adultos_ninguno_analfabeta,,0,0,14.96519485,9.580889352,2.712853317,24.7193565372311,EXCLUSION,,
2024-06,No Elegible,Vulnerabilidad Moderada,1,1,1,1,1.776038647,2.823478261,2.580217391,1,sotap,5,average,jefatura_femenina,si,espanol_uno_mas_adultos,adultos_ninguno_analfabeta,0,0,0,0,32.12448674,2.896589272,31.0906886322201,EXCLUSION,,
2023-08,No Elegible,Vulnerabilidad Elevada,1,2.051104816,2.578385269,1.564135978,1.776038647,2.823478261,1.790108696,1,sotap,1,low,,,espanol_uno_mas_adultos,adultos_ninguno_analfabeta,0,0,0,23.37941737,26.18890898,3.42683724,49.4779141004986,EXCLUSION,,
2023-10,Elegible,Vulnerabilidad Elevada,1,1,2.578385269,1,1.776038647,2.823478261,2.580217391,1.738466184,sotap,3,complete,jefatura_femenina,si,espanol_uno_mas_adultos,adultos_ninguno_analfabeta,,-500,0,8.975915299,42.19960637,3.444960285,50.1063500666442,INCLUSION,,
2024-02,Lista de Reserva,Vulnerabilidad Elevada,1,1,2.578385269,1,1.776038647,2.823478261,2.580217391,1,sotap,1,low,,,espanol_ningun_adulto,adultos_ninguno_analfabeta,0,0,0,8.975915299,32.12448674,3.163765312,40.3554578614572,EXCLUSION,,
2024-03,No Elegible,Vulnerabilidad Elevada,2.070141643,1,1,1,1.776038647,2.823478261,2.580217391,1.043888889,foten,1,low,,,espanol_uno_mas_adultos,adultos_ninguno_analfabeta,0,0,0,6.702282231,32.85812825,3.116564434,38.7186892002626,EXCLUSION,,
2023-08,No Elegible,Vulnerabilidad Baja,2.070141643,1,1,1,1,1,1,1,futij,1,low,,,espanol_uno_mas_adultos,adultos_ninguno_analfabeta,,0,0,6.702282231,0,2.199499346,6.91796837547581,EXCLUSION,,
2024-04,No Elegible por Duplicidad,Vulnerabilidad Baja,1,1,2.578385269,1,1.776038647,1,1.790108696,1.043888889,sotap,1,low,,,espanol_uno_mas_adultos,adultos_ninguno_analfabeta,,0,0,8.975915299,12.53066404,2.616904864,21.3921839697659,EXCLUSION,,
2023-12,Lista de Reserva,Vulnerabilidad Elevada,1.599560907,1,2.578385269,1,1.776038647,1,1.790108696,2.544987923,sotap,3,low,jefatura_femenina,no,espanol_uno_mas_adultos,adultos_ninguno_analfabeta,-500,0,0,14.28054816,24.59957006,3.111643173,38.5480417762361,EXCLUSION,,
2023-09,No Elegible por Intenciones,Vulnerabilidad Baja,1,1,1,1,1.776038647,1,1.790108696,1,pcr_cdmx,1,low,,,espanol_uno_mas_adultos,adultos_ninguno_analfabeta,0,0,0,0,12.01413641,2.33531262,11.6275094861898,EXCLUSION,,
2024-05,No Elegible,Vulnerabilidad Moderada,1,1,1,1,1.776038647,2.823478261,1.790108696,1,futij,4,average,jefatura_femenina,si,espanol_uno_mas_adultos,adultos_ninguno_analfabeta,,0,0,0,26.18890898,2.730928248,25.3461237001146,EXCLUSION,,
2023-10,No Elegible,Vulnerabilidad Elevada,1,1,2.578385269,1,1.776038647,2.117608696,2.580217391,1.043888889,foten,2,average,jefatura_masculina,no,espanol_uno_mas_adultos,adultos_ninguno_analfabeta,,0,0,8.975915299,28.09152966,3.051206127,36.4522853732487,EXCLUSION,,
2023-07,Lista de Reserva,Vulnerabilidad Baja,2.700708215,1,1.249197356,1,1.776038647,1.498900966,1,1,sotap,1,low,,,espanol_uno_mas_adultos,adultos_ninguno_analfabeta,500,0,0,11.93561888,9.93697889,2.632613717,21.9369160035182,EXCLUSION,,
2023-10,No Elegible,Vulnerabilidad Moderada,1,1,1,1,1.776038647,2.823478261,1.790108696,1,fupal,1,low,,,espanol_uno_mas_adultos,adultos_ninguno_analfabeta,0,0,0,0,26.18890898,2.730928248,25.3461237001146,EXCLUSION,,
2024-06,Elegible,Vulnerabilidad Baja,2.070141643,1,1,1,1,2.117608696,1.790108696,1.043888889,pcr_cdmx,1,low,,,espanol_ningun_adulto,adultos_ninguno_analfabeta,0,0,0,6.702282231,14.70478802,2.60990762,21.1495416122042,INCLUSION,,
2024-02,No Elegible,Vulnerabilidad Elevada,2.070141643,1,1,1,1.776038647,2.117608696,2.580217391,2.544987923,sotap,2,complete,jefatura_femenina,si,espanol_uno_mas_adultos,adultos_ninguno_analfabeta,,0,0,6.702282231,44.04383881,3.428755821,49.5444324087312,EXCLUSION,,
2023-10,No Elegible,Vulnerabilidad Baja,1,1,1,1,1,1,1.790108696,1,sotap,2,average,jefatura_femenina,si,espanol_uno_mas_adultos,adultos_ninguno_analfabeta,,0,0,0,5.614422911,2.156697643,5.43374516730111,EXCLUSION,,
2023-10,Elegible,Vulnerabilidad Elevada,1,1,1,1,1.776038647,2.823478261,2.580217391,1.043888889,sotap,2,average,jefatura_femenina,si,espanol_uno_mas_adultos,adultos_ninguno_analfabeta,0,0,0,0,32.85812825,2.917065088,31.8007208247868,INCLUSION,,
2023-12,Elegible,Vulnerabilidad Elevada,1,2.051104816,1,1,1.776038647,2.823478261,1.790108696,1,sotap,2,average,jefatura_masculina,no,espanol_ningun_adulto,adultos_ninguno_analfabeta,0,0,0,6.609317356,26.18890898,2.927660413,32.1681354979481,INCLUSION,,
2024-03,No Elegible,Vulnerabilidad Baja,1,1,1,1,1,1,1.790108696,1,sotap,1,low,,,espanol_uno_mas_adultos,adultos_ninguno_analfabeta,0,0,0,0,5.614422911,2.156697643,5.43374516730111,EXCLUSION,,
2023-11,No Elegible,Vulnerabilidad Elevada,2.070141643,1,1,1,1.776038647,1.498900966,2.580217391,2.544987923,futij,2,average,jefatura_femenina,si,espanol_ningun_adulto,adultos_ninguno_analfabeta,,0,0,6.702282231,37.43330939,3.244257006,43.1466364359962,EXCLUSION,,
2023-10,Lista de Reserva,Vulnerabilidad Baja,1,1,1,1,1,1.498900966,1,1,sotap,3,low,jefatura_masculina,no,espanol_ningun_adulto,adultos_ninguno_analfabeta,,0,0,0,3.815111519,2.10647915,3.69233741520706,EXCLUSION,,
2023-06,No Elegible,Vulnerabilidad Moderada,1,1,2.578385269,1,1,2.823478261,1.790108696,1,sotap,1,low,,,espanol_ningun_adulto,adultos_ninguno_analfabeta,,0,0,8.975915299,17.8931401,2.76657071,26.582090187679,EXCLUSION,,
2024-05,Lista de Reserva,Vulnerabilidad Baja,1,1,1,1,1,2.117608696,2.580217391,1,sotap,2,low,jefatura_femenina,no,espanol_ningun_adulto,adultos_ninguno_analfabeta,,0,0,0,18.94985465,2.528887403,18.3400293775083,EXCLUSION,,
2024-05,Lista de Reserva,Vulnerabilidad Severa,2.070141643,1,1,1,1.776038647,2.823478261,2.580217391,2.544987923,futij,3,average,jefatura_femenina,si,espanol_uno_mas_adultos,adultos_ninguno_analfabeta,,0,0,6.702282231,50,3.594991325,55.3089183754758,EXCLUSION,,
2023-08,No Elegible,Vulnerabilidad Baja,1,1,1,1,1.776038647,2.117608696,1.790108696,1,sotap,1,low,,,espanol_ningun_adulto,adultos_ninguno_analfabeta,,0,0,0,21.88512181,2.610810239,21.1808367050324,EXCLUSION,,
2024-04,No Elegible,Vulnerabilidad Baja,1,1,2.578385269,1,1.776038647,1,1.790108696,1,sotap,1,low,,,espanol_uno_mas_adultos,adultos_ninguno_analfabeta,0,0,0,8.975915299,12.01413641,2.602488661,20.8922787154269,EXCLUSION,,
2024-02,No Elegible,Vulnerabilidad Baja,1,1.525552408,1,1.564135978,1.776038647,1.498900966,1,1,sotap,1,low,,,espanol_uno_mas_adultos,adultos_ninguno_analfabeta,0,0,0,8.159313021,9.93697889,2.52020864,18.0390848456697,EXCLUSION,,
2023-07,Lista de Reserva,Vulnerabilidad Baja,1,1,1,1,1.776038647,1.498900966,1,1,sotap,1,low,,,espanol_uno_mas_adultos,adultos_uno_mas_analfabeta,,0,0,0,9.93697889,2.277339487,9.61719697234091,EXCLUSION,,
2023-08,Elegible,Vulnerabilidad Baja,1,1,1,1,1,1,2.580217391,1,fomon,2,average,jefatura_femenina,si,espanol_uno_mas_adultos,adultos_ninguno_analfabeta,0,0,0,0,9.580889352,2.267401085,9.27256675176329,INCLUSION,,
2023-12,No Elegible por Duplicidad,Vulnerabilidad Baja,1,1.525552408,1,1,1.776038647,1,1,1,sotap,1,low,,,espanol_uno_mas_adultos,adultos_ninguno_analfabeta,,0,0,3.741369748,5.532745347,2.265783208,9.21646683684858,EXCLUSION,,
2023-07,Lista de Reserva,Vulnerabilidad Baja,1,1,1,1,1,1.498900966,1,1,futij,2,low,jefatura_masculina,no,espanol_ningun_adulto,adultos_ninguno_analfabeta,,0,-500,0,3.815111519,2.10647915,3.69233741520706,EXCLUSION,,
2024-06,No Elegible,Vulnerabilidad Baja,1,2.051104816,1,1,1,1,1,1,fusal,2,average,jefatura_femenina,si,espanol_uno_mas_adultos,adultos_ninguno_analfabeta,-500,0,0,6.609317356,0,2.196732164,6.82201179783344,EXCLUSION,,
2024-04,No Elegible,Vulnerabilidad Moderada,2.700708215,1,2.578385269,1,1,2.117608696,1,1,sotap,1,low,,,espanol_ningun_adulto,adultos_ninguno_analfabeta,,0,0,20.97871872,7.392265486,2.830767021,28.8082098575234,EXCLUSION,,
2023-11,No Elegible,Vulnerabilidad Moderada,1,1,1,1,1.776038647,2.823478261,2.580217391,1,sotap,1,low,,,espanol_ningun_adulto,adultos_ninguno_analfabeta,,0,0,0,32.12448674,2.896589272,31.0906886322201,EXCLUSION,,
2023-10,No Elegible por Intenciones,Vulnerabilidad Moderada,1,1,1,1,1.776038647,2.823478261,1.790108696,1,sotap,4,average,jefatura_masculina,no,espanol_uno_mas_adultos,adultos_ninguno_analfabeta,0,0,0,0,26.18890898,2.730928248,25.3461237001146,EXCLUSION,,
2023-11,No Elegible,Vulnerabilidad Moderada,1,1,1,1,1.776038647,2.823478261,2.580217391,1,sotap,1,low,,,espanol_ningun_adulto,adultos_ninguno_analfabeta,0,0,0,0,32.12448674,2.896589272,31.0906886322201,EXCLUSION,,
2023-09,Elegible,Vulnerabilidad Baja,1,1,1,1,1.776038647,2.117608696,1.790108696,1,fupal,1,low,,,espanol_uno_mas_adultos,adultos_ninguno_analfabeta,0,0,0,0,21.88512181,2.610810239,21.1808367050324,INCLUSION,,
2023-10,No Elegible,Vulnerabilidad Moderada,1,1,1,1,1.776038647,2.117608696,2.580217391,1.043888889,sotap,4,average,jefatura_femenina,si,espanol_uno_mas_adultos,adultos_ninguno_analfabeta,,0,0,0,28.09152966,2.784030087,27.1875161440115,EXCLUSION,,
2023-10,No Elegible,Vulnerabilidad Moderada,2.700708215,1,1.249197356,1,1.776038647,1.498900966,1.790108696,1,pcr_cdmx,1,low,,,espanol_uno_mas_adultos,adultos_ninguno_analfabeta,-500,0,0,11.93561888,17.10850297,2.832769803,28.8776532670997,EXCLUSION,,
2023-07,No Elegible,Vulnerabilidad Baja,1,1,2.578385269,1,1,1,1.790108696,1.043888889,foten,1,low,,,espanol_uno_mas_adultos,adultos_ninguno_analfabeta,,0,0,8.975915299,6.061858428,2.436361537,15.1315509911657,EXCLUSION,,
2024-02,Elegible,Vulnerabilidad Moderada,1,1,1,1,1.776038647,2.823478261,1.790108696,1,sotap,1,low,,,espanol_uno_mas_adultos,adultos_ninguno_analfabeta,,0,0,0,26.18890898,2.730928248,25.3461237001146,INCLUSION,,
2023-08,Elegible,Vulnerabilidad Moderada,1,1,1,1,1.776038647,2.823478261,2.580217391,1,sotap,1,low,,,espanol_ningun_adulto,adultos_ninguno_analfabeta,0,0,-500,0,32.12448674,2.896589272,31.0906886322201,INCLUSION,,
2023-06,No Elegible,Vulnerabilidad Moderada,1,1,1,1,1.776038647,2.117608696,2.580217391,1.043888889,foten,3,average,jefatura_masculina,no,espanol_uno_mas_adultos,adultos_ninguno_analfabeta,,0,0,0,28.09152966,2.784030087,27.1875161440115,EXCLUSION,,
2023-09,Elegible,Vulnerabilidad Elevada,2.700708215,1,2.578385269,2.128271955,1.776038647,1,2.580217391,1,sotap,1,low,,,espanol_uno_mas_adultos,adultos_ninguno_analfabeta,,0,0,32.32102758,16.59309681,3.425174581,49.4202649301094,INCLUSION,,
2024-05,Lista de Reserva,Vulnerabilidad Baja,1,1,1,1,1.776038647,1.498900966,1.790108696,1,sotap,2,low,jefatura_masculina,no,espanol_uno_mas_adultos,adultos_ninguno_analfabeta,,-500,0,0,17.10850297,2.477495573,16.5579342359224,EXCLUSION,,
2024-04,No Elegible,Vulnerabilidad Elevada,1,2.051104816,2.578385269,1,1.776038647,2.823478261,1.790108696,1,fupal,3,average,jefatura_femenina,no,espanol_uno_mas_adultos,adultos_ninguno_analfabeta,-500,0,0,17.3510839,26.18890898,3.247398574,43.2555828311005,EXCLUSION,,
2023-09,Lista de Reserva,Vulnerabilidad Elevada,1,2.051104816,2.578385269,1,1.776038647,2.117608696,1.790108696,1,sotap,4,average,jefatura_femenina,si,espanol_uno_mas_adultos,adultos_ninguno_analfabeta,0,0,0,17.3510839,21.88512181,3.127280564,39.0902958360183,EXCLUSION,,
2024-03,Elegible,Vulnerabilidad Baja,1,1,1,1,1.776038647,2.117608696,1.790108696,1,foten,1,low,,,espanol_ningun_adulto,adultos_ninguno_analfabeta,,0,0,0,21.88512181,2.610810239,21.1808367050324,INCLUSION,,
2024-05,Lista de Reserva,Vulnerabilidad Elevada,2.070141643,1,1,1,1.776038647,2.823478261,1.790108696,1,sotap,4,average,jefatura_masculina,no,espanol_uno_mas_adultos,adultos_ninguno_analfabeta,-500,0,0,6.702282231,26.18890898,2.930427594,32.2640920755904,EXCLUSION,,
2024-01,No Elegible,Vulnerabilidad Elevada,2.070141643,1,1,1,1.776038647,2.823478261,2.580217391,1.043888889,foten,2,average,jefatura_femenina,si,espanol_uno_mas_adultos,adultos_uno_mas_analfabeta,0,0,0,6.702282231,32.85812825,3.116564434,38.7186892002626,EXCLUSION,,
2024-03,Elegible,Vulnerabilidad Elevada,1,1.525552408,3.251728045,1,1.776038647,2.117608696,1.790108696,1,sotap,2,complete,jefatura_femenina,si,espanol_uno_mas_adultos,adultos_ninguno_analfabeta,0,0,0,16.54244021,21.88512181,3.103210571,38.2556291834304,INCLUSION,,
2024-01,No Elegible,Vulnerabilidad Baja,2.700708215,1,2.578385269,1,1,1,1,1,sotap,1,low,,,espanol_uno_mas_adultos,adultos_ninguno_analfabeta,0,0,0,20.97871872,0,2.624450078,21.6538348671283,EXCLUSION,,
2024-05,No Elegible,Vulnerabilidad Baja,1,1,1,1,1,2.117608696,1,1,,1,low,,,espanol_uno_mas_adultos,adultos_ninguno_analfabeta,-500,0,0,0,7.392265486,2.206316944,7.15437499039503,EXCLUSION,,
2024-01,Lista de Reserva,Vulnerabilidad Baja,1,1,1,1,1.776038647,2.117608696,1,1,sotap,5,average,jefatura_femenina,no,espanol_uno_mas_adultos,adultos_ninguno_analfabeta,0,0,-500,0,14.06650994,2.392594036,13.6138355836209,EXCLUSION,,
2023-09,Lista de Reserva,Vulnerabilidad Moderada,1,1,1,1,1.776038647,2.823478261,2.580217391,1,fupal,1,low,,,espanol_ningun_adulto,adultos_ninguno_analfabeta,,0,0,0,32.12448674,2.896589272,31.0906886322201,EXCLUSION,,
2024-01,Elegible,Vulnerabilidad Baja,1,1,1,1,1,1.498900966,1,1,fupal,1,low,,,espanol_uno_mas_adultos,adultos_uno_mas_analfabeta,0,0,0,0,3.815111519,2.10647915,3.69233741520706,INCLUSION,,
2023-09,No Elegible,Vulnerabilidad Severa,2.700708215,1.525552408,2.578385269,1,1.776038647,2.823478261,1.790108696,1,,2,average,jefatura_femenina,si,espanol_uno_mas_adultos,adultos_ninguno_analfabeta,0,0,0,27.05638709,26.18890898,3.536285489,53.2732123830579,EXCLUSION,,
2023-07,Elegible,Vulnerabilidad Baja,1,1,1,1,1.776038647,2.823478261,1,1,pcr_cdmx,1,low,,,espanol_uno_mas_adultos,adultos_ninguno_analfabeta,,0,0,0,17.78726377,2.496439678,17.2148518346176,INCLUSION,,
2024-03,Elegible,Vulnerabilidad Moderada,1,1,1,1,1.776038647,2.117608696,2.580217391,1.043888889,sotap,1,low,,,espanol_uno_mas_adultos,adultos_ninguno_analfabeta,,0,0,0,28.09152966,2.784030087,27.1875161440115,INCLUSION,,
2024-06,Lista de Reserva,Vulnerabilidad Baja,1,1,2.578385269,1,1,1.498900966,1,1,sotap,2,average,jefatura_masculina,si,espanol_uno_mas_adultos,adultos_ninguno_analfabeta,-500,0,0,8.975915299,3.815111519,2.373655191,12.9571066444442,EXCLUSION,,
2024-03,No Elegible,Vulnerabilidad Baja,1,1,1,1,1,1.498900966,2.580217391,1,sotap,3,average,jefatura_femenina,si,espanol_uno_mas_adultos,adultos_ninguno_analfabeta,0,0,0,0,14.41616583,2.402352876,13.9522391974248,EXCLUSION,,
2023-08,Lista de Reserva,Vulnerabilidad Baja,1,1,1,1,1.776038647,1.498900966,1.790108696,1,sotap,3,average,jefatura_masculina,no,espanol_uno_mas_adultos,adultos_ninguno_analfabeta,,0,0,0,17.10850297,2.477495573,16.5579342359224,EXCLUSION,,
2024-01,Lista de Reserva,Vulnerabilidad Moderada,1,1,1,1,1.776038647,2.823478261,2.580217391,1,foten,1,low,,,espanol_ningun_adulto,adultos_uno_mas_analfabeta,,0,0,0,32.12448674,2.896589272,31.0906886322201,EXCLUSION,,
2024-03,No Elegible,Vulnerabilidad Baja,1,1.525552408,1,1,1.776038647,1.498900966,1.790108696,1,sotap,2,average,jefatura_masculina,no,espanol_uno_mas_adultos,adultos_ninguno_analfabeta,0,0,0,3.741369748,17.10850297,2.588860746,20.4197050037828,EXCLUSION,,
2023-08,Elegible,Vulnerabilidad Baja,1,1,1,1,1,1,1,1,sotap,1,low,,,espanol_uno_mas_adultos,adultos_ninguno_analfabeta,0,0,0,0,0,2,0,INCLUSION,,
2023-08,Elegible,Vulnerabilidad Elevada,1,1,2.578385269,1,1.776038647,2.823478261,1.790108696,1,sotap,1,low,,,espanol_ningun_adulto,adultos_ninguno_analfabeta,0,0,0,8.975915299,26.18890898,2.998104289,34.6108929293517,INCLUSION,,
2023-09,Elegible,Vulnerabilidad Baja,1,1,1,1,1.776038647,1.498900966,1.790108696,1,sotap,1,low,,,espanol_uno_mas_adultos,adultos_ninguno_analfabeta,0,0,0,0,17.10850297,2.477495573,16.5579342359224,INCLUSION,,
2023-11,Elegible,Vulnerabilidad Baja,1,1,1,1,1,1,1.790108696,1,sotap,5,average,jefatura_masculina,no,espanol_uno_mas_adultos,adultos_ninguno_analfabeta,,0,0,0,5.614422911,2.156697643,5.43374516730111,INCLUSION,,
2024-05,Lista de Reserva,Vulnerabilidad Severa,2.700708215,2.051104816,3.251728045,1,1.776038647,2.823478261,2.580217391,1,fupal,2,average,jefatura_femenina,si,espanol_ningun_adulto,adultos_uno_mas_analfabeta,,0,0,35.61565687,32.12448674,3.956720731,67.8524929559535,EXCLUSION,,
2023-10,Elegible,Vulnerabilidad Baja,1,1,1.249197356,1,1.776038647,2.117608696,1.790108696,1.043888889,sotap,1,low,,,espanol_uno_mas_adultos,adultos_ninguno_analfabeta,0,0,0,1.921713018,22.50821784,2.685402233,23.7674365463232,INCLUSION,,
2024-06,No Elegible,Vulnerabilidad Elevada,2.070141643,2.051104816,1,1,1.776038647,1.498900966,1.790108696,1.043888889,fupal,1,low,,,espanol_uno_mas_adultos,adultos_ninguno_analfabeta,,0,0,14.63015408,17.68003002,2.92892625,32.2120360423749,EXCLUSION,,
2024-01,Lista de Reserva,Vulnerabilidad Baja,1,1.525552408,1,1,1.776038647,1.498900966,1,1,sotap,4,average,jefatura_femenina,si,espanol_uno_mas_adultos,adultos_ninguno_analfabeta,,-500,0,3.741369748,9.93697889,2.388704659,13.4789677402013,EXCLUSION,,
2024-04,No Elegible,Vulnerabilidad Elevada,1,2.051104816,2.578385269,1,1.776038647,2.823478261,1.790108696,1,futij,3,average,jefatura_masculina,no,espanol_ningun_adulto,adultos_ninguno_analfabeta,,0,0,17.3510839,26.18890898,3.247398574,43.2555828311005,EXCLUSION,,
2023-08,No Elegible,Vulnerabilidad Baja,2.070141643,1,1,1,1.776038647,1.498900966,1.790108696,1.043888889,pcr_cdmx,1,low,,,espanol_uno_mas_adultos,adultos_ninguno_analfabeta,0,0,0,6.702282231,17.68003002,2.692946147,24.0290373494022,EXCLUSION,,
2023-09,Elegible,Vulnerabilidad Elevada,2.070141643,1,1,1,1.776038647,2.117608696,1.790108696,2.544987923,sotap,1,low,,,espanol_uno_mas_adultos,adultos_ninguno_analfabeta,,0,0,6.702282231,37.06714366,3.234037379,42.7922542853533,INCLUSION,,
2024-06,No Elegible,Vulnerabilidad Baja,1,1,1,1,1,1.498900966,1.790108696,1,fusal,2,low,jefatura_masculina,no,espanol_uno_mas_adultos,adultos_ninguno_analfabeta,0,0,0,0,10.02735341,2.279861825,9.70466314991279,EXCLUSION,,
2023-10,No Elegible,Vulnerabilidad Baja,1,1,1,1,1.776038647,2.117608696,1,1,sotap,2,average,jefatura_femenina,si,espanol_uno_mas_adultos,adultos_ninguno_analfabeta,0,0,0,0,14.06650994,2.392594036,13.6138355836209,EXCLUSION,,
2024-01,Elegible,Vulnerabilidad Baja,2.070141643,1,1,1,1.776038647,1.498900966,1.790108696,1,sotap,1,low,,,espanol_uno_mas_adultos,adultos_ninguno_analfabeta,,0,0,6.702282231,17.10850297,2.676994919,23.4759026113982,INCLUSION,,
2023-07,Lista de Reserva,Vulnerabilidad Elevada,2.700708215,1,2.578385269,1,1.776038647,2.823478261,1.790108696,1,foten,3,average,jefatura_femenina,no,espanol_ningun_adulto,adultos_uno_mas_analfabeta,0,0,0,20.97871872,26.18890898,3.355378326,46.9999585672429,EXCLUSION,,
2023-10,Lista de Reserva,Vulnerabilidad Severa,2.700708215,1,3.251728045,1.564135978,1.776038647,2.823478261,1.790108696,1.043888889,sotap,7,high,jefatura_masculina,no,espanol_uno_mas_adultos,adultos_uno_mas_analfabeta,-500,0,0,31.08118723,26.85846924,3.674774537,58.0755477576362,EXCLUSION,,
2024-05,Lista de Reserva,Vulnerabilidad Moderada,1,1,1,1,1.776038647,2.823478261,1.790108696,1.043888889,fupal,1,low,,,espanol_uno_mas_adultos,adultos_ninguno_analfabeta,0,0,0,0,26.85846924,2.749615568,25.9941368413876,EXCLUSION,,
2023-07,Lista de Reserva,Vulnerabilidad Baja,1,1,1,1,1,1,1.790108696,1,sotap,1,low,,,espanol_ningun_adulto,adultos_uno_mas_analfabeta,,0,0,0,5.614422911,2.156697643,5.43374516730111,EXCLUSION,,
2023-07,No Elegible,Vulnerabilidad Baja,1,1,1,1,1.776038647,2.117608696,1.790108696,1,fupal,1,low,,,espanol_uno_mas_adultos,adultos_ninguno_analfabeta,,0,0,0,21.88512181,2.610810239,21.1808367050324,EXCLUSION,,
2023-07,Elegible,Vulnerabilidad Moderada,1,1,2.578385269,1,1.776038647,2.117608696,1.790108696,1,pcr_cdmx,2,average,jefatura_masculina,no,espanol_uno_mas_adultos,adultos_ninguno_analfabeta,,0,0,8.975915299,21.88512181,2.877986279,30.4456059342695,INCLUSION,,
2023-08,No Elegible por Intenciones,Vulnerabilidad Baja,1,1.525552408,1,1,1,1.498900966,1,1,sotap,1,low,,,espanol_uno_mas_adultos,adultos_ninguno_analfabeta,,0,0,3.741369748,3.815111519,2.217844323,7.55410818306745,EXCLUSION,,
2024-04,Lista de Reserva,Vulnerabilidad Moderada,2.700708215,1,1.249197356,1,1.776038647,1.498900966,1.790108696,1,fupal,3,low,jefatura_masculina,no,espanol_uno_mas_adultos,adultos_ninguno_analfabeta,,0,0,11.93561888,17.10850297,2.832769803,28.8776532670997,EXCLUSION,,
2024-02,No Elegible,Vulnerabilidad Elevada,1,1,2.578385269,1,1.776038647,2.823478261,1.790108696,1,sotap,1,low,,,espanol_uno_mas_adultos,adultos_ninguno_analfabeta,,0,0,8.975915299,26.18890898,2.998104289,34.6108929293517,EXCLUSION,,
2024-06,No Elegible,Vulnerabilidad Elevada,2.700708215,1.525552408,3.251728045,1,1.776038647,2.823478261,1,1,sotap,1,low,,,espanol_uno_mas_adultos,adultos_ninguno_analfabeta,0,0,0,30.67858802,17.78726377,3.409614926,48.8807074956893,EXCLUSION,,
2024-02,Lista de Reserva,Vulnerabilidad Baja,1,1,1,1,1,1,1,1,sotap,1,low,,,espanol_uno_mas_adultos,adultos_ninguno_analfabeta,0,0,0,0,0,2,0,EXCLUSION,,
2024-06,Lista de Reserva,Vulnerabilidad Moderada,1,1,1,1,1.776038647,2.823478261,1.790108696,1,sotap,1,low,,,espanol_ningun_adulto,adultos_ninguno_analfabeta,,0,-500,0,26.18890898,2.730928248,25.3461237001146,EXCLUSION,,
2023-11,Elegible,Vulnerabilidad Baja,2.070141643,1,1,1,1.776038647,1.498900966,1.790108696,1.043888889,pcr_cdmx,1,low,,,espanol_ningun_adulto,adultos_ninguno_analfabeta,,0,0,6.702282231,17.68003002,2.692946147,24.0290373494022,INCLUSION,,
2024-01,Elegible,Vulnerabilidad Baja,1,1,2.578385269,1.564135978,1,1,1,1,sotap,1,low,,,espanol_uno_mas_adultos,adultos_ninguno_analfabeta,0,0,0,14.01324416,0,2.41711658,14.464204370313,INCLUSION,,
2023-12,Elegible,Vulnerabilidad Baja,1,1,1,1,1,2.117608696,1.790108696,1.043888889,fupal,2,average,jefatura_masculina,no,espanol_uno_mas_adultos,adultos_ninguno_analfabeta,,0,0,0,14.70478802,2.410408275,14.2315732367284,INCLUSION,,
2024-06,Lista de Reserva,Vulnerabilidad Elevada,2.070141643,2.051104816,1,1,1.776038647,2.823478261,1.790108696,1.043888889,foten,2,average,jefatura_masculina,no,espanol_uno_mas_adultos,adultos_uno_mas_analfabeta,,0,0,14.63015408,26.85846924,3.185095016,41.095103909836,EXCLUSION,,
2023-07,Lista de Reserva,Vulnerabilidad Elevada,1,1.525552408,1,1,1.776038647,2.823478261,2.580217391,1,foten,3,average,jefatura_femenina,si,espanol_uno_mas_adultos,adultos_ninguno_analfabeta,,0,0,3.741369748,32.12448674,3.007954444,34.9524594000805,EXCLUSION,,
2023-09,Lista de Reserva,Vulnerabilidad Elevada,1,2.051104816,2.578385269,1,1.776038647,2.823478261,2.580217391,1.043888889,sotap,1,low,,,espanol_uno_mas_adultos,adultos_ninguno_analfabeta,,0,0,17.3510839,32.85812825,3.433535414,49.7101799557726,EXCLUSION,,
2023-10,Elegible,Vulnerabilidad Baja,1,1,2.578385269,1,1,1.498900966,1.790108696,1.043888889,sotap,3,low,jefatura_masculina,no,espanol_uno_mas_adultos,adultos_ninguno_analfabeta,,0,0,8.975915299,10.52243148,2.560855415,19.4485783417792,INCLUSION,,
2024-06,No Elegible por Duplicidad,Vulnerabilidad Moderada,1,1,1,1,1.776038647,2.117608696,2.580217391,1.043888889,sotap,1,low,,,espanol_uno_mas_adultos,adultos_ninguno_analfabeta,0,0,0,0,28.09152966,2.784030087,27.1875161440115,EXCLUSION,,
2023-10,Lista de Reserva,Vulnerabilidad Baja,1,1,1,1,1,1.498900966,1,1,sotap,1,low,,,espanol_uno_mas_adultos,adultos_ninguno_analfabeta,0,0,0,0,3.815111519,2.10647915,3.69233741520706,EXCLUSION,,
2023-11,Elegible,Vulnerabilidad Baja,1,1,2.578385269,1,1,2.117608696,1.790108696,1,fupal,4,average,jefatura_masculina,no,espanol_uno_mas_adultos,adultos_ninguno_analfabeta,,0,0,8.975915299,14.16503897,2.662520006,22.9739630801435,INCLUSION,,
2023-09,Lista de Reserva,Vulnerabilidad Severa,2.700708215,1,3.251728045,1,1.776038647,2.117608696,2.580217391,1.043888889,sotap,3,complete,jefatura_femenina,si,espanol_uno_mas_adultos,adultos_ninguno_analfabeta,,0,0,24.2379543,28.09152966,3.505494188,52.2054720513398,EXCLUSION,,
2024-05,No Elegible,Vulnerabilidad Elevada,1,1.525552408,2.578385269,1,1.776038647,2.823478261,2.580217391,1.043888889,sotap,3,low,jefatura_masculina,no,espanol_uno_mas_adultos,adultos_uno_mas_analfabeta,,0,0,13.7168894,32.85812825,3.325360407,45.9590334425682,EXCLUSION,,
2024-02,Lista de Reserva,Vulnerabilidad Elevada,2.070141643,1,1,1,1.776038647,2.117608696,2.580217391,1.043888889,sotap,2,complete,jefatura_femenina,si,espanol_uno_mas_adultos,adultos_ninguno_analfabeta,,0,0,6.702282231,28.09152966,2.983529432,34.1054845194874,EXCLUSION,,
2023-11,Elegible,Vulnerabilidad Baja,1,1,2.578385269,1,1.776038647,1,1.790108696,1.043888889,fomon,2,low,jefatura_masculina,no,espanol_uno_mas_adultos,adultos_ninguno_analfabeta,0,0,0,8.975915299,12.53066404,2.616904864,21.3921839697659,INCLUSION,,
2023-10,No Elegible,Vulnerabilidad Baja,1,1,1,1,1.776038647,2.117608696,1.790108696,1,pcr_cdmx,4,average,jefatura_masculina,no,espanol_uno_mas_adultos,adultos_ninguno_analfabeta,-500,0,0,0,21.88512181,2.610810239,21.1808367050324,EXCLUSION,,
2023-08,No Elegible,Vulnerabilidad Elevada,1,1.525552408,2.578385269,1,1.776038647,2.823478261,2.580217391,1,sotap,1,low,,,espanol_uno_mas_adultos,adultos_ninguno_analfabeta,,0,0,13.7168894,32.12448674,3.304884591,45.2490012500015,EXCLUSION,,
2024-06,No Elegible,Vulnerabilidad Moderada,1,1,1,1,1.776038647,2.117608696,2.580217391,1.043888889,fupal,1,low,,,espanol_ningun_adulto,adultos_ninguno_analfabeta,,0,0,0,28.09152966,2.784030087,27.1875161440115,EXCLUSION,,
2023-06,No Elegible,Vulnerabilidad Elevada,1,1,2.578385269,1,1.776038647,2.117608696,2.580217391,1.043888889,sotap,2,complete,jefatura_femenina,si,espanol_uno_mas_adultos,adultos_ninguno_analfabeta,,0,0,8.975915299,28.09152966,3.051206127,36.4522853732487,EXCLUSION,,
2023-11,No Elegible por Duplicidad,Vulnerabilidad Severa,2.700708215,1,2.578385269,1,1.776038647,2.823478261,2.580217391,1.043888889,sotap,3,average,jefatura_femenina,si,espanol_uno_mas_adultos,adultos_uno_mas_analfabeta,,0,0,20.97871872,32.85812825,3.541515166,53.4545556919151,EXCLUSION,,
2024-02,Elegible,Vulnerabilidad Moderada,1,1.525552408,2.578385269,1,1.776038647,1,1.790108696,1,foten,1,low,,,espanol_uno_mas_adultos,adultos_ninguno_analfabeta,,0,0,13.7168894,12.01413641,2.743607939,25.7858221039712,INCLUSION,,
2023-07,Lista de Reserva,Vulnerabilidad Baja,1,1,2.578385269,1,1,1,1.790108696,1,sotap,1,low,,,espanol_uno_mas_adultos,adultos_ninguno_analfabeta,,0,0,8.975915299,5.614422911,2.423873683,14.6985143965382,EXCLUSION,,
2023-10,Elegible,Vulnerabilidad Severa,2.700708215,2.051104816,3.251728045,1,1.776038647,2.823478261,2.580217391,1.043888889,sotap,1,low,,,espanol_uno_mas_adultos,adultos_uno_mas_analfabeta,,0,-500,35.61565687,32.85812825,3.977196548,68.5625251485202,INCLUSION,,
2024-04,No Elegible,Vulnerabilidad Baja,1,1,1,1,1,1.498900966,2.580217391,1,sotap,3,average,jefatura_masculina,no,espanol_uno_mas_adultos,adultos_ninguno_analfabeta,,0,0,0,14.41616583,2.402352876,13.9522391974248,EXCLUSION,,
2024-06,No Elegible por Intenciones,Vulnerabilidad Elevada,2.070141643,1,2.578385269,1,1.776038647,2.823478261,2.580217391,1.043888889,sotap,3,complete,jefatura_femenina,si,espanol_uno_mas_adultos,adultos_ninguno_analfabeta,-500,0,0,17.46888676,32.85812825,3.43704192,49.8317738296103,EXCLUSION,,
2024-05,No Elegible,Vulnerabilidad Baja,1,1,1,1,1.776038647,2.117608696,1.790108696,1,sotap,4,average,jefatura_femenina,si,espanol_uno_mas_adultos,adultos_ninguno_analfabeta,,0,0,0,21.88512181,2.610810239,21.1808367050324,EXCLUSION,,
2024-02,Elegible,Vulnerabilidad Moderada,1,1,1,1,1.776038647,2.823478261,1.790108696,1,fupal,1,low,,,espanol_uno_mas_adultos,adultos_ninguno_analfabeta,,0,0,0,26.18890898,2.730928248,25.3461237001146,INCLUSION,,
2023-07,No Elegible,Vulnerabilidad Elevada,2.700708215,1,2.578385269,1,1.776038647,1,1.790108696,1,foten,4,average,jefatura_femenina,no,espanol_uno_mas_adultos,adultos_ninguno_analfabeta,,0,0,20.97871872,12.01413641,2.959762698,33.2813443533181,EXCLUSION,,
2023-10,Elegible,Vulnerabilidad Elevada,1,1,2.578385269,1,1.776038647,2.823478261,2.580217391,1.043888889,sotap,1,low,,,espanol_uno_mas_adultos,adultos_ninguno_analfabeta,,0,0,8.975915299,32.85812825,3.184241129,41.0654900540239,INCLUSION,,
2024-05,No Elegible,Vulnerabilidad Baja,1,1,1,1,1,1.498900966,1.790108696,1,fomon,2,low,jefatura_femenina,no,espanol_uno_mas_adultos,adultos_ninguno_analfabeta,-500,0,0,0,10.02735341,2.279861825,9.70466314991279,EXCLUSION,,
2023-09,Elegible,Vulnerabilidad Baja,1,1,1,1,1.776038647,2.117608696,1.790108696,1,sotap,2,low,jefatura_masculina,no,espanol_uno_mas_adultos,adultos_ninguno_analfabeta,0,0,0,0,21.88512181,2.610810239,21.1808367050324,INCLUSION,,
2024-01,No Elegible,Vulnerabilidad Severa,1,1.525552408,2.578385269,1,1.776038647,2.823478261,2.580217391,2.544987923,sotap,3,complete,jefatura_femenina,si,espanol_uno_mas_adultos,adultos_ninguno_analfabeta,,0,0,13.7168894,50,3.803787298,62.5492626177814,EXCLUSION,,
2023-11,No Elegible por Duplicidad,Vulnerabilidad Elevada,2.700708215,1.525552408,2.578385269,1,1.776038647,1.498900966,1.790108696,1.043888889,sotap,1,low,,,espanol_uno_mas_adultos,adultos_ninguno_analfabeta,,0,0,27.05638709,17.68003002,3.298804042,45.0381576568697,EXCLUSION,,
2023-11,Elegible,Vulnerabilidad Baja,1,1,1,1,1.776038647,1.498900966,2.580217391,1.043888889,fomon,4,average,jefatura_masculina,no,espanol_uno_mas_adultos,adultos_ninguno_analfabeta,0,-500,0,0,22.80125306,2.636379315,22.0674859352761,INCLUSION,,
2024-06,No Elegible,Vulnerabilidad Elevada,2.070141643,1,2.578385269,1,1.776038647,2.823478261,2.580217391,1.043888889,sotap,4,average,jefatura_femenina,si,espanol_uno_mas_adultos,adultos_ninguno_analfabeta,-500,0,0,17.46888676,32.85812825,3.43704192,49.8317738296103,EXCLUSION,,
2023-07,Lista de Reserva,Vulnerabilidad Severa,2.070141643,1,1,1,1.776038647,2.823478261,2.580217391,2.544987923,sotap,1,low,,,espanol_ningun_adulto,adultos_uno_mas_analfabeta,,0,0,6.702282231,50,3.594991325,55.3089183754758,EXCLUSION,,
2024-05,No Elegible,Vulnerabilidad Moderada,1,1,1,1,1.776038647,2.823478261,1.790108696,1,sotap,1,low,,,espanol_uno_mas_adultos,adultos_ninguno_analfabeta,,0,0,0,26.18890898,2.730928248,25.3461237001146,EXCLUSION,,
2024-05,No Elegible,Vulnerabilidad Moderada,1,1,1,1,1.776038647,2.823478261,1.790108696,1,foten,2,low,jefatura_masculina,no,espanol_uno_mas_adultos,adultos_ninguno_analfabeta,-500,0,0,0,26.18890898,2.730928248,25.3461237001146,EXCLUSION,,
2023-10,No Elegible,Vulnerabilidad Elevada,1,1,3.251728045,1,1.776038647,2.823478261,2.580217391,1,foten,2,average,jefatura_femenina,si,espanol_uno_mas_adultos,adultos_ninguno_analfabeta,0,0,0,11.51832969,32.12448674,3.23944252,42.979689689974,EXCLUSION,,
2023-10,Elegible,Vulnerabilidad Elevada,1,1,3.251728045,1,1.776038647,2.823478261,1.790108696,1,sotap,1,low,,,espanol_uno_mas_adultos,adultos_ninguno_analfabeta,0,0,0,11.51832969,26.18890898,3.073781497,37.2351247578685,INCLUSION,,
2023-11,Elegible,Vulnerabilidad Elevada,1,1,2.578385269,1,1.776038647,2.823478261,2.580217391,1,sotap,3,low,jefatura_masculina,no,espanol_uno_mas_adultos,adultos_ninguno_analfabeta,,0,0,8.975915299,32.12448674,3.163765312,40.3554578614572,INCLUSION,,
2024-01,No Elegible,Vulnerabilidad Elevada,1,1,2.578385269,1,1.776038647,2.823478261,2.580217391,1.043888889,sotap,4,average,jefatura_masculina,no,espanol_uno_mas_adultos,adultos_ninguno_analfabeta,0,0,0,8.975915299,32.85812825,3.184241129,41.0654900540239,EXCLUSION,,
2023-12,No Elegible,Vulnerabilidad Elevada,1,2.051104816,1,1,1.776038647,2.823478261,2.580217391,1,sotap,1,low,,,espanol_uno_mas_adultos,adultos_uno_mas_analfabeta,,0,0,6.609317356,32.12448674,3.093321436,37.9127004300535,EXCLUSION,,
2024-03,No Elegible,Vulnerabilidad Moderada,2.070141643,1,1.249197356,1,1.776038647,2.117608696,1.790108696,1.043888889,sotap,1,low,,,espanol_uno_mas_adultos,adultos_ninguno_analfabeta,0,0,0,9.00737574,22.50821784,2.896313237,31.0811229803799,EXCLUSION,,
2024-05,No Elegible,Vulnerabilidad Moderada,2.700708215,1,1,1,1.776038647,1,2.580217391,1,sotap,4,average,jefatura_masculina,no,espanol_ningun_adulto,adultos_ninguno_analfabeta,,0,0,9.472088355,16.59309681,2.74505574,25.8360239919096,EXCLUSION,,
2023-11,No Elegible,Vulnerabilidad Baja,1,1,1,1,1.776038647,2.117608696,1,1.043888889,fupal,2,average,jefatura_femenina,si,espanol_uno_mas_adultos,adultos_ninguno_analfabeta,0,0,0,0,14.60519526,2.407628657,14.1351854713379,EXCLUSION,,
2023-08,No Elegible,Vulnerabilidad Elevada,1,2.051104816,1,1,1.776038647,2.823478261,1.790108696,1,sotap,1,low,,,espanol_ningun_adulto,adultos_ninguno_analfabeta,,0,0,6.609317356,26.18890898,2.927660413,32.1681354979481,EXCLUSION,,
2024-03,No Elegible,Vulnerabilidad Elevada,1,1,2.578385269,1,1.776038647,2.117608696,2.580217391,1.043888889,sotap,1,low,,,espanol_uno_mas_adultos,adultos_ninguno_analfabeta,500,0,0,8.975915299,28.09152966,3.051206127,36.4522853732487,EXCLUSION,,
2024-03,Elegible,Vulnerabilidad Baja,2.700708215,1,1.249197356,1,1.776038647,1.498900966,1,1,sotap,1,low,,,espanol_uno_mas_adultos,adultos_ninguno_analfabeta,,0,0,11.93561888,9.93697889,2.632613717,21.9369160035182,INCLUSION,,
2023-08,Elegible,Vulnerabilidad Baja,1,1.525552408,2.578385269,1,1,1,1.790108696,1,pcr_cdmx,4,average,jefatura_masculina,no,espanol_uno_mas_adultos,adultos_ninguno_analfabeta,0,0,0,13.7168894,5.614422911,2.564992962,19.5920577850825,INCLUSION,,
2023-08,Lista de Reserva,Vulnerabilidad Elevada,2.700708215,1,2.578385269,1,1.776038647,2.823478261,1.790108696,1,sotap,2,average,jefatura_femenina,si,espanol_uno_mas_adultos,adultos_uno_mas_analfabeta,,0,0,20.97871872,26.18890898,3.355378326,46.9999585672429,EXCLUSION,,
2024-05,No Elegible,Vulnerabilidad Moderada,1,1,2.578385269,1,1,2.117608696,2.580217391,1.043888889,sotap,1,low,,,espanol_ningun_adulto,adultos_ninguno_analfabeta,0,0,-500,8.975915299,19.54126117,2.812569505,28.1771730735253,EXCLUSION,,
2024-06,Elegible,Vulnerabilidad Elevada,1,1,2.578385269,1,1.776038647,2.823478261,1.790108696,1,sotap,3,average,jefatura_femenina,si,espanol_uno_mas_adultos,adultos_ninguno_analfabeta,0,0,0,8.975915299,26.18890898,2.998104289,34.6108929293517,INCLUSION,,
2024-01,No Elegible,Vulnerabilidad Baja,1,1,1,1,1.776038647,1.498900966,1.790108696,1,foten,1,low,,,espanol_ningun_adulto,adultos_ninguno_analfabeta,,0,0,0,17.10850297,2.477495573,16.5579342359224,EXCLUSION,,
2024-02,No Elegible,Vulnerabilidad Moderada,1,1,2.578385269,1,1.776038647,2.117608696,1.790108696,1,foten,1,low,,,espanol_uno_mas_adultos,adultos_ninguno_analfabeta,,0,0,8.975915299,21.88512181,2.877986279,30.4456059342695,EXCLUSION,,
2024-06,Lista de Reserva,Vulnerabilidad Baja,1,1,1,1,1,2.117608696,1.790108696,1,pcr_cdmx,1,low,,,espanol_ningun_adulto,adultos_ninguno_analfabeta,,0,0,0,14.16503897,2.395343965,13.7091938509064,EXCLUSION,,
2024-04,Elegible,Vulnerabilidad Elevada,1,2.051104816,2.578385269,1,1.776038647,2.823478261,1.790108696,1.043888889,futij,1,low,,,espanol_uno_mas_adultos,adultos_ninguno_analfabeta,,0,0,17.3510839,26.85846924,3.266085893,43.9035959723735,INCLUSION,,
2024-05,Lista de Reserva,Vulnerabilidad Baja,1,1,1,1,1.776038647,1.498900966,1.790108696,1,futij,2,average,jefatura_femenina,si,espanol_uno_mas_adultos,adultos_ninguno_analfabeta,0,0,0,0,17.10850297,2.477495573,16.5579342359224,EXCLUSION,,
2024-02,No Elegible,Vulnerabilidad Baja,2.700708215,1,1,1,1,1,1.790108696,1,sotap,1,low,,,espanol_ningun_adulto,adultos_uno_mas_analfabeta,,0,0,9.472088355,5.614422911,2.438642712,15.2106547976534,EXCLUSION,,
2024-05,Elegible,Vulnerabilidad Baja,1,1,1,1,1,2.117608696,1,1,foten,3,average,jefatura_femenina,si,espanol_uno_mas_adultos,adultos_ninguno_analfabeta,,0,0,0,7.392265486,2.206316944,7.15437499039503,INCLUSION,,
2023-11,Lista de Reserva,Vulnerabilidad Baja,1,1,1,1.564135978,1,1,1,1,pcr_cdmx,1,low,,,espanol_uno_mas_adultos,adultos_ninguno_analfabeta,,0,0,3.975239986,0,2.118326527,4.10316718398947,EXCLUSION,,
2023-10,Lista de Reserva,Vulnerabilidad Elevada,2.070141643,1,1,1,1.776038647,2.823478261,2.580217391,1.043888889,sotap,2,average,jefatura_femenina,si,espanol_uno_mas_adultos,adultos_ninguno_analfabeta,,0,0,6.702282231,32.85812825,3.116564434,38.7186892002626,EXCLUSION,,
2023-08,No Elegible,Vulnerabilidad Moderada,1,1.525552408,1,1,1.776038647,2.117608696,1.790108696,1,sotap,1,low,,,espanol_uno_mas_adultos,adultos_ninguno_analfabeta,0,0,0,3.741369748,21.88512181,2.722175411,25.0426074728928,EXCLUSION,,
2024-01,Lista de Reserva,Vulnerabilidad Baja,1,1.525552408,1,1,1,2.117608696,1,1,sotap,3,average,jefatura_masculina,si,espanol_uno_mas_adultos,adultos_ninguno_analfabeta,0,0,0,3.741369748,7.392265486,2.317682116,11.0161457582554,EXCLUSION,,
2024-03,No Elegible,Vulnerabilidad Baja,1,1,1,1,1.776038647,1.498900966,1.790108696,1,sotap,2,low,jefatura_masculina,no,espanol_ningun_adulto,adultos_ninguno_analfabeta,,0,0,0,17.10850297,2.477495573,16.5579342359224,EXCLUSION,,
2024-03,No Elegible,Vulnerabilidad Moderada,1,2.051104816,2.578385269,1,1.776038647,1,1.790108696,1,sotap,1,low,,,espanol_ningun_adulto,adultos_uno_mas_analfabeta,,0,0,17.3510839,12.01413641,2.851782945,29.5369686171757,EXCLUSION,,
2024-02,Lista de Reserva,Vulnerabilidad Baja,1,1,1,1,1.776038647,1,1.790108696,1,foten,1,low,,,espanol_uno_mas_adultos,adultos_ninguno_analfabeta,0,0,0,0,12.01413641,2.33531262,11.6275094861898,EXCLUSION,,
2023-06,No Elegible,Vulnerabilidad Baja,1,1,1,1,1.776038647,1,1.790108696,1,sotap,3,low,jefatura_femenina,no,espanol_uno_mas_adultos,adultos_ninguno_analfabeta,0,0,0,0,12.01413641,2.33531262,11.6275094861898,EXCLUSION,,
2024-06,No Elegible,Vulnerabilidad Baja,1,1,1,1,1.776038647,1,1.790108696,1,sotap,1,low,,,espanol_uno_mas_adultos,adultos_ninguno_analfabeta,,0,0,0,12.01413641,2.33531262,11.6275094861898,EXCLUSION,,
2023-06,Lista de Reserva,Vulnerabilidad Baja,1,1,1,1,1.776038647,2.117608696,1,1,sotap,1,low,,,espanol_ningun_adulto,adultos_ninguno_analfabeta,0,0,0,0,14.06650994,2.392594036,13.6138355836209,EXCLUSION,,
2023-09,No Elegible,Vulnerabilidad Elevada,1,1,3.251728045,1,1.776038647,2.823478261,2.580217391,1,foten,3,average,jefatura_masculina,no,espanol_ningun_adulto,adultos_ninguno_analfabeta,,0,0,11.51832969,32.12448674,3.23944252,42.979689689974,EXCLUSION,,
2024-05,No Elegible,Vulnerabilidad Moderada,1,1,1,1,1.776038647,2.823478261,1.790108696,1.043888889,sotap,4,average,jefatura_femenina,no,espanol_uno_mas_adultos,adultos_ninguno_analfabeta,0,0,0,0,26.85846924,2.749615568,25.9941368413876,EXCLUSION,,
2024-04,Lista de Reserva,Vulnerabilidad Moderada,1,1,1,1,1.776038647,2.823478261,2.580217391,1,sotap,3,average,jefatura_masculina,no,espanol_uno_mas_adultos,adultos_ninguno_analfabeta,0,0,-500,0,32.12448674,2.896589272,31.0906886322201,EXCLUSION,,
2024-02,No Elegible,Vulnerabilidad Elevada,2.700708215,1,3.251728045,1,1.776038647,2.117608696,2.580217391,1,sotap,4,average,jefatura_masculina,no,espanol_uno_mas_adultos,adultos_ninguno_analfabeta,,0,0,24.2379543,27.40879931,3.486439293,51.5447126467332,EXCLUSION,,
2024-05,Lista de Reserva,Vulnerabilidad Moderada,1,1,2.578385269,1,1,2.823478261,1.790108696,1.043888889,sotap,3,average,jefatura_masculina,no,espanol_uno_mas_adultos,adultos_ninguno_analfabeta,0,0,0,8.975915299,18.47313819,2.782758364,27.1434233591447,EXCLUSION,,
2024-03,Lista de Reserva,Vulnerabilidad Baja,1,1,2.578385269,1,1.776038647,1,1.790108696,1.043888889,fomon,3,low,jefatura_masculina,no,espanol_uno_mas_adultos,adultos_ninguno_analfabeta,,0,0,8.975915299,12.53066404,2.616904864,21.3921839697659,EXCLUSION,,
2023-09,No Elegible,Vulnerabilidad Baja,1,1,1,1,1,1.498900966,1.790108696,1,pcr_cdmx,1,low,,,espanol_ningun_adulto,adultos_uno_mas_analfabeta,,0,0,0,10.02735341,2.279861825,9.70466314991279,EXCLUSION,,
2024-04,No Elegible,Vulnerabilidad Elevada,1,1,2.578385269,1,1.776038647,2.823478261,1.790108696,1,sotap,2,low,jefatura_masculina,no,espanol_uno_mas_adultos,adultos_ninguno_analfabeta,0,0,0,8.975915299,26.18890898,2.998104289,34.6108929293517,EXCLUSION,,
2024-03,Lista de Reserva,Vulnerabilidad Moderada,2.700708215,1,1,1,1.776038647,2.117608696,1.790108696,1,sotap,2,low,jefatura_masculina,no,espanol_uno_mas_adultos,adultos_ninguno_analfabeta,0,0,0,9.472088355,21.88512181,2.892755308,30.9577463353847,EXCLUSION,,
2024-01,Elegible por Proceso Acelerado,Vulnerabilidad Elevada,2.700708215,1,1.249197356,1,1.776038647,2.117608696,1.790108696,1,foten,3,average,jefatura_femenina,si,espanol_uno_mas_adultos,adultos_ninguno_analfabeta,0,0,0,11.93561888,21.88512181,2.966084469,33.5005557362097,INCLUSION,,
2024-02,No Elegible,Vulnerabilidad Baja,1,1,1.249197356,1,1,1.498900966,1.790108696,1,sotap,1,low,,,espanol_uno_mas_adultos,adultos_ninguno_analfabeta,,0,0,1.921713018,10.02735341,2.337063309,11.688218814545,EXCLUSION,,
2023-07,No Elegible,Vulnerabilidad Baja,2.070141643,1,1,1,1,1,1.790108696,1.043888889,sotap,1,low,,,espanol_uno_mas_adultos,adultos_ninguno_analfabeta,0,0,0,6.702282231,6.061858428,2.368684842,12.7847501374043,EXCLUSION,,
2024-02,No Elegible,Vulnerabilidad Elevada,2.070141643,1,1,1,1.776038647,2.823478261,2.580217391,1.043888889,sotap,1,low,,,espanol_uno_mas_adultos,adultos_ninguno_analfabeta,0,0,0,6.702282231,32.85812825,3.116564434,38.7186892002626,EXCLUSION,,
2023-07,Lista de Reserva,Vulnerabilidad Elevada,1,1.525552408,2.578385269,1,1.776038647,2.823478261,1.790108696,1,sotap,1,low,,,espanol_uno_mas_adultos,adultos_uno_mas_analfabeta,,0,0,13.7168894,26.18890898,3.139223567,39.504436317896,EXCLUSION,,
2023-06,Lista de Reserva,Vulnerabilidad Moderada,1.599560907,1,1,1,1.776038647,2.823478261,1.790108696,1.043888889,sotap,1,low,,,espanol_ningun_adulto,adultos_ninguno_analfabeta,,0,0,4.186184624,26.85846924,2.874221048,30.3150370727725,EXCLUSION,,
2024-02,Elegible,Vulnerabilidad Baja,1,1,1,1,1,1,1.790108696,1.043888889,foten,1,low,,,espanol_uno_mas_adultos,adultos_ninguno_analfabeta,0,0,0,0,6.061858428,2.169185496,5.86678176192853,INCLUSION,,
2024-02,No Elegible,Vulnerabilidad Baja,1,1,2.578385269,1,1,1,1,1,sotap,1,low,,,espanol_ningun_adulto,adultos_ninguno_analfabeta,,0,0,8.975915299,0,2.267176041,9.26476922923712,EXCLUSION,,
2023-07,No Elegible,Vulnerabilidad Elevada,2.070141643,1,3.251728045,1,1.776038647,1,2.580217391,2.544987923,sotap,4,average,jefatura_masculina,no,espanol_ningun_adulto,adultos_ninguno_analfabeta,0,-500,0,20.51851115,30.38303782,3.458737305,50.5840986372327,EXCLUSION,,
2023-09,No Elegible,Vulnerabilidad Elevada,1,1,2.578385269,1,1.776038647,2.117608696,2.580217391,1,sotap,3,average,jefatura_masculina,si,espanol_uno_mas_adultos,adultos_ninguno_analfabeta,0,-500,0,8.975915299,27.40879931,3.032151233,35.791525968642,EXCLUSION,,
2023-11,No Elegible,Vulnerabilidad Elevada,1,1,2.578385269,1,1.776038647,2.823478261,1.790108696,1.043888889,foten,1,low,,,espanol_uno_mas_adultos,adultos_uno_mas_analfabeta,,0,0,8.975915299,26.85846924,3.016791609,35.2589060706247,EXCLUSION,,
2024-02,No Elegible por Intenciones,Vulnerabilidad Severa,2.700708215,2.051104816,3.251728045,1,1.776038647,2.823478261,1.790108696,1,sotap,2,low,jefatura_masculina,no,espanol_uno_mas_adultos,adultos_ninguno_analfabeta,,0,0,35.61565687,26.18890898,3.791059708,62.1079280238481,EXCLUSION,,
2024-02,No Elegible,Vulnerabilidad Baja,1,1,1,1,1.776038647,2.117608696,1.790108696,1,fupal,1,low,,,espanol_uno_mas_adultos,adultos_ninguno_analfabeta,,0,0,0,21.88512181,2.610810239,21.1808367050324,EXCLUSION,,
2023-08,No Elegible,Vulnerabilidad Elevada,1,1.525552408,2.578385269,1,1.776038647,2.823478261,1.790108696,1,sotap,1,low,,,espanol_uno_mas_adultos,adultos_ninguno_analfabeta,0,0,0,13.7168894,26.18890898,3.139223567,39.504436317896,EXCLUSION,,
2024-06,No Elegible,Vulnerabilidad Elevada,2.070141643,1,1,1,1.776038647,1,2.580217391,2.544987923,sotap,2,low,jefatura_masculina,no,espanol_uno_mas_adultos,adultos_ninguno_analfabeta,0,0,-500,6.702282231,30.38303782,3.047485057,36.3232496553904,EXCLUSION,,
2023-12,Lista de Reserva,Vulnerabilidad Baja,1,1.525552408,1,1,1,1.498900966,1,1,sotap,4,average,jefatura_femenina,si,espanol_uno_mas_adultos,adultos_ninguno_analfabeta,0,0,0,3.741369748,3.815111519,2.217844323,7.55410818306745,EXCLUSION,,
2023-07,Lista de Reserva,Vulnerabilidad Elevada,2.070141643,1,1,1,1.776038647,1.498900966,2.580217391,2.544987923,sotap,1,low,,,espanol_uno_mas_adultos,adultos_ninguno_analfabeta,,0,0,6.702282231,37.43330939,3.244257006,43.1466364359962,EXCLUSION,,
2023-11,No Elegible,Vulnerabilidad Moderada,2.070141643,1,1.249197356,1.564135978,1,1.498900966,1.790108696,1.043888889,sotap,6,average,jefatura_masculina,no,espanol_uno_mas_adultos,adultos_ninguno_analfabeta,,0,0,14.04842721,10.52243148,2.711843209,24.6843287585871,EXCLUSION,,
2023-09,Elegible,Vulnerabilidad Elevada,2.070141643,1,1,1,1.776038647,2.117608696,2.580217391,2.544987923,sotap,1,low,,,espanol_uno_mas_adultos,adultos_ninguno_analfabeta,,0,0,6.702282231,44.04383881,3.428755821,49.5444324087312,INCLUSION,,
2023-10,No Elegible,Vulnerabilidad Elevada,2.700708215,1,3.251728045,1,1.776038647,1.498900966,1.790108696,1,sotap,2,complete,jefatura_femenina,si,espanol_uno_mas_adultos,adultos_ninguno_analfabeta,,0,0,24.2379543,17.10850297,3.198959675,41.5758901432507,EXCLUSION,,
2024-05,No Elegible,Vulnerabilidad Baja,1,1,1,1,1,1.498900966,1,1,fupal,2,average,jefatura_femenina,si,espanol_uno_mas_adultos,adultos_ninguno_analfabeta,,0,0,0,3.815111519,2.10647915,3.69233741520706,EXCLUSION,,
2024-03,Elegible,Vulnerabilidad Baja,1,1,1,1,1,2.117608696,1.790108696,1,sotap,2,average,jefatura_femenina,si,espanol_uno_mas_adultos,adultos_ninguno_analfabeta,0,0,0,0,14.16503897,2.395343965,13.7091938509064,INCLUSION,,
2024-03,Elegible,Vulnerabilidad Elevada,1,2.051104816,2.578385269,1,1.776038647,2.823478261,2.580217391,1.043888889,sotap,4,average,jefatura_masculina,no,espanol_uno_mas_adultos,adultos_ninguno_analfabeta,-500,0,0,17.3510839,32.85812825,3.433535414,49.7101799557726,INCLUSION,,
2023-08,Lista de Reserva,Vulnerabilidad Elevada,2.700708215,1,2.578385269,1,1.776038647,2.117608696,2.580217391,1,foten,2,average,jefatura_femenina,si,espanol_uno_mas_adultos,adultos_ninguno_analfabeta,0,0,0,20.97871872,27.40879931,3.389425269,48.1805916065332,EXCLUSION,,
2024-02,No Elegible,Vulnerabilidad Baja,2.700708215,1,1,1,1,1,1,1,pcr_cdmx,4,low,jefatura_masculina,no,espanol_uno_mas_adultos,adultos_ninguno_analfabeta,0,0,0,9.472088355,0,2.28194507,9.77690963035226,EXCLUSION,,
2024-01,Elegible,Vulnerabilidad Baja,1,1,1,1,1.776038647,1,1.790108696,1,sotap,3,average,jefatura_masculina,no,espanol_uno_mas_adultos,adultos_ninguno_analfabeta,,0,0,0,12.01413641,2.33531262,11.6275094861898,INCLUSION,,
2023-09,Elegible,Vulnerabilidad Elevada,1,1,1,1.564135978,1.776038647,1.498900966,2.580217391,1.738466184,sotap,2,low,jefatura_masculina,no,espanol_ningun_adulto,adultos_uno_mas_analfabeta,0,0,0,3.975239986,30.77500505,2.977251981,33.8878017964754,INCLUSION,,
2023-08,Elegible,Vulnerabilidad Moderada,1,1,1.249197356,1,1.776038647,2.823478261,1.790108696,1.043888889,sotap,1,low,,,espanol_uno_mas_adultos,adultos_ninguno_analfabeta,0,0,0,1.921713018,26.85846924,2.806817052,27.9776925060198,INCLUSION,,
2024-04,No Elegible,Vulnerabilidad Moderada,2.700708215,2.051104816,2.578385269,1,1,1,1,1,fupal,1,low,,,espanol_uno_mas_adultos,adultos_ninguno_analfabeta,0,0,0,31.71522481,0,2.944031657,32.7358524596106,EXCLUSION,,
2024-01,Elegible,Vulnerabilidad Moderada,1,1,1,1,1.776038647,2.823478261,1.790108696,1,sotap,1,low,,,espanol_ningun_adulto,adultos_ninguno_analfabeta,,0,0,0,26.18890898,2.730928248,25.3461237001146,INCLUSION,,
2023-07,No Elegible,Vulnerabilidad Elevada,1,1,1.249197356,1.564135978,1.776038647,2.823478261,1.790108696,1.043888889,sotap,1,low,,,espanol_uno_mas_adultos,adultos_ninguno_analfabeta,-500,0,0,6.124342631,26.85846924,2.931912031,32.3155669425958,EXCLUSION,,
2024-05,Elegible,Vulnerabilidad Baja,1,1,2.578385269,1,1.776038647,1,1.790108696,1,sotap,1,low,,,espanol_uno_mas_adultos,adultos_ninguno_analfabeta,0,0,0,8.975915299,12.01413641,2.602488661,20.8922787154269,INCLUSION,,
2024-01,Lista de Reserva,Vulnerabilidad Baja,1,1.525552408,1,1.564135978,1,2.117608696,1,1,sotap,4,low,jefatura_masculina,no,espanol_uno_mas_adultos,adultos_ninguno_analfabeta,0,0,0,8.159313021,7.392265486,2.449186097,15.5762628637238,EXCLUSION,,
2023-09,No Elegible,Vulnerabilidad Baja,1,1,1,1,1,2.823478261,1.790108696,1,sotap,1,low,,,espanol_uno_mas_adultos,adultos_ninguno_analfabeta,,0,0,0,17.8931401,2.49939467,17.3173209584419,EXCLUSION,,
2024-05,No Elegible,Vulnerabilidad Moderada,1,1.525552408,1,1,1.776038647,2.823478261,1.790108696,1,sotap,6,average,jefatura_masculina,no,espanol_ningun_adulto,adultos_ninguno_analfabeta,,0,0,3.741369748,26.18890898,2.842293421,29.207894467975,EXCLUSION,,
2023-07,No Elegible,Vulnerabilidad Baja,1,1,1,1,1,1.498900966,1,1,sotap,4,average,jefatura_masculina,no,espanol_uno_mas_adultos,adultos_ninguno_analfabeta,,0,0,0,3.815111519,2.10647915,3.69233741520706,EXCLUSION,,
2024-05,No Elegible,Vulnerabilidad Baja,1,1,1,1,1.776038647,1,1.790108696,1,pcr_cdmx,1,low,,,espanol_uno_mas_adultos,adultos_ninguno_analfabeta,0,0,0,0,12.01413641,2.33531262,11.6275094861898,EXCLUSION,,
2023-10,Elegible,Vulnerabilidad Elevada,2.700708215,1,2.578385269,1,1.776038647,2.117608696,1.790108696,1,foten,5,high,jefatura_masculina,no,espanol_uno_mas_adultos,adultos_ninguno_analfabeta,,0,0,20.97871872,21.88512181,3.235260316,42.8346715721607,INCLUSION,,
2023-07,No Elegible,Vulnerabilidad Baja,1,1,1,1.564135978,1,1,2.580217391,1,sotap,1,low,,,espanol_ningun_adulto,adultos_ninguno_analfabeta,,0,0,3.975239986,9.580889352,2.385727611,13.3757339357528,EXCLUSION,,
2023-12,No Elegible,Vulnerabilidad Baja,1,1,2.578385269,1,1,1.498900966,1.790108696,1,fusal,1,low,,,espanol_uno_mas_adultos,adultos_ninguno_analfabeta,,0,0,8.975915299,10.02735341,2.547037866,18.9694323791499,EXCLUSION,,
2023-07,Lista de Reserva,Vulnerabilidad Baja,1,1,2.578385269,1,1.776038647,2.117608696,1,1,sotap,1,low,,,espanol_ningun_adulto,adultos_ninguno_analfabeta,,0,0,8.975915299,14.06650994,2.659770077,22.878604812858,EXCLUSION,,
2024-06,No Elegible,Vulnerabilidad Baja,1,1,1,1,1,2.117608696,1.790108696,1,sotap,1,low,,,espanol_uno_mas_adultos,adultos_ninguno_analfabeta,500,0,0,0,14.16503897,2.395343965,13.7091938509064,EXCLUSION,,
2024-05,No Elegible,Vulnerabilidad Elevada,2.070141643,1,1,1,1.776038647,2.117608696,2.580217391,1.043888889,sotap,5,low,jefatura_masculina,no,espanol_uno_mas_adultos,adultos_ninguno_analfabeta,0,0,0,6.702282231,28.09152966,2.983529432,34.1054845194874,EXCLUSION,,
2024-04,No Elegible,Vulnerabilidad Baja,1,1,1,1,1.776038647,2.117608696,1.790108696,1.043888889,sotap,1,low,,,espanol_uno_mas_adultos,adultos_ninguno_analfabeta,0,0,0,0,22.50821784,2.628200749,21.783880881691,EXCLUSION,,
2024-04,No Elegible,Vulnerabilidad Elevada,2.700708215,1,1.249197356,1,1.776038647,2.823478261,1.790108696,1.043888889,foten,4,average,jefatura_femenina,no,espanol_uno_mas_adultos,adultos_ninguno_analfabeta,,0,0,11.93561888,26.85846924,3.104889798,38.3138558725649,EXCLUSION,,
2023-08,Elegible,Vulnerabilidad Baja,1,1,1,1,1,2.117608696,1.790108696,1,sotap,1,low,,,espanol_uno_mas_adultos,adultos_ninguno_analfabeta,0,0,0,0,14.16503897,2.395343965,13.7091938509064,INCLUSION,,
2024-01,No Elegible,Vulnerabilidad Baja,1,1,1,1,1.776038647,1,1.790108696,1,sotap,2,low,jefatura_masculina,no,espanol_uno_mas_adultos,adultos_ninguno_analfabeta,0,0,0,0,12.01413641,2.33531262,11.6275094861898,EXCLUSION,,
2023-08,No Elegible por Intenciones,Vulnerabilidad Baja,1,1,2.578385269,1,1,1.498900966,1.790108696,1.043888889,fomon,1,low,,,espanol_uno_mas_adultos,adultos_ninguno_analfabeta,,0,0,8.975915299,10.52243148,2.560855415,19.4485783417792,EXCLUSION,,
2023-06,No Elegible,Vulnerabilidad Baja,1,1,1,1,1.776038647,1,1.790108696,1,sotap,1,low,,,espanol_uno_mas_adultos,adultos_ninguno_analfabeta,0,0,0,0,12.01413641,2.33531262,11.6275094861898,EXCLUSION,,
2024-05,Lista de Reserva,Vulnerabilidad Baja,1,1,1,1,1.776038647,1,2.580217391,1,sotap,1,low,,,espanol_uno_mas_adultos,adultos_ninguno_analfabeta,,0,0,0,16.59309681,2.46311067,16.0591143615574,EXCLUSION,,
2024-04,Elegible,Vulnerabilidad Baja,1,1,1,1,1,1.498900966,1.790108696,1,sotap,1,low,,,espanol_uno_mas_adultos,adultos_ninguno_analfabeta,0,-500,0,0,10.02735341,2.279861825,9.70466314991279,INCLUSION,,
2024-06,No Elegible,Vulnerabilidad Moderada,1,1.525552408,1,1,1.776038647,2.117608696,2.580217391,1,fupal,1,low,,,espanol_uno_mas_adultos,adultos_ninguno_analfabeta,,0,0,3.741369748,27.40879931,2.876340364,30.3885275072653,EXCLUSION,,
2024-05,No Elegible,Vulnerabilidad Baja,1,1,1,1,1.776038647,1.498900966,1.790108696,1,sotap,1,low,,,espanol_uno_mas_adultos,adultos_ninguno_analfabeta,0,-500,0,0,17.10850297,2.477495573,16.5579342359224,EXCLUSION,,
2024-05,No Elegible,Vulnerabilidad Moderada,1,1.525552408,1.249197356,1,1.776038647,2.117608696,1.790108696,1.043888889,sotap,1,low,,,espanol_uno_mas_adultos,adultos_ninguno_analfabeta,,0,0,5.877094669,22.50821784,2.803137659,27.8501063342341,EXCLUSION,,
2024-01,Lista de Reserva,Vulnerabilidad Elevada,1,1,3.251728045,1,1.776038647,2.823478261,2.580217391,1,foten,3,average,jefatura_masculina,no,espanol_uno_mas_adultos,adultos_ninguno_analfabeta,0,0,0,11.51832969,32.12448674,3.23944252,42.979689689974,EXCLUSION,,
2023-12,Elegible,Vulnerabilidad Elevada,2.070141643,1,1,1,1.776038647,2.117608696,2.580217391,1.043888889,sotap,2,complete,jefatura_femenina,si,espanol_uno_mas_adultos,adultos_ninguno_analfabeta,,0,0,6.702282231,28.09152966,2.983529432,34.1054845194874,INCLUSION,,
2024-03,Lista de Reserva,Vulnerabilidad Elevada,1,1,2.578385269,1,1.776038647,2.823478261,1.790108696,1.043888889,sotap,3,average,jefatura_masculina,no,espanol_uno_mas_adultos,adultos_ninguno_analfabeta,0,0,0,8.975915299,26.85846924,3.016791609,35.2589060706247,EXCLUSION,,
2023-06,No Elegible,Vulnerabilidad Baja,1,1.525552408,1,1,1,1,1.790108696,1,futij,4,average,jefatura_masculina,no,espanol_uno_mas_adultos,adultos_ninguno_analfabeta,0,0,0,3.741369748,5.614422911,2.268062815,9.2955159351615,EXCLUSION,,
2023-08,No Elegible,Vulnerabilidad Moderada,1,1.525552408,1,1,1.776038647,2.117608696,2.580217391,1.043888889,sotap,1,low,,,espanol_uno_mas_adultos,adultos_ninguno_analfabeta,,0,0,3.741369748,28.09152966,2.895395259,31.0492869118719,EXCLUSION,,
2023-08,No Elegible,Vulnerabilidad Baja,1,1,2.578385269,1,1,1,1.790108696,1,fupal,1,low,,,espanol_uno_mas_adultos,adultos_ninguno_analfabeta,0,0,0,8.975915299,5.614422911,2.423873683,14.6985143965382,EXCLUSION,,
2023-07,Lista de Reserva,Vulnerabilidad Baja,1,1,1,1,1.776038647,1.498900966,1.790108696,1,sotap,4,average,jefatura_femenina,no,espanol_uno_mas_adultos,adultos_ninguno_analfabeta,,0,0,0,17.10850297,2.477495573,16.5579342359224,EXCLUSION,,
2024-02,Elegible por Proceso Acelerado,Vulnerabilidad Baja,1,1,1,1,1.776038647,2.117608696,1.790108696,1,fomon,1,low,,,espanol_uno_mas_adultos,adultos_ninguno_analfabeta,,0,0,0,21.88512181,2.610810239,21.1808367050324,INCLUSION,,
2023-08,Lista de Reserva,Vulnerabilidad Moderada,1,1,1,1,1.776038647,2.117608696,2.580217391,1.043888889,sotap,3,low,jefatura_masculina,no,espanol_uno_mas_adultos,adultos_ninguno_analfabeta,,0,0,0,28.09152966,2.784030087,27.1875161440115,EXCLUSION,,
2024-05,Lista de Reserva,Vulnerabilidad Baja,1,1,1,1,1.776038647,2.117608696,1.790108696,1,foten,1,low,,,espanol_ningun_adulto,adultos_uno_mas_analfabeta,,0,0,0,21.88512181,2.610810239,21.1808367050324,EXCLUSION,,
2023-12,Elegible,Vulnerabilidad Elevada,2.070141643,1,3.251728045,1,1.776038647,2.117608696,2.580217391,1.043888889,sotap,6,average,jefatura_masculina,no,espanol_uno_mas_adultos,adultos_ninguno_analfabeta,,0,0,20.51851115,28.09152966,3.39478168,48.3663335013297,INCLUSION,,
2024-05,Lista de Reserva,Vulnerabilidad Baja,1,1,1,1,1.776038647,1,1.790108696,1,sotap,1,low,,,espanol_uno_mas_adultos,adultos_ninguno_analfabeta,,0,0,0,12.01413641,2.33531262,11.6275094861898,EXCLUSION,,
2023-07,No Elegible,Vulnerabilidad Moderada,1,1,1,1,1.776038647,2.117608696,2.580217391,1,sotap,2,low,jefatura_masculina,no,espanol_uno_mas_adultos,adultos_ninguno_analfabeta,-500,0,0,0,27.40879931,2.764975192,26.5267567394049,EXCLUSION,,
2023-08,Elegible,Vulnerabilidad Baja,1,1,1,1,1,2.117608696,1.790108696,1,sotap,1,low,,,espanol_uno_mas_adultos,adultos_ninguno_analfabeta,,0,0,0,14.16503897,2.395343965,13.7091938509064,INCLUSION,,
2024-02,Elegible,Vulnerabilidad Baja,1,1,2.578385269,1,1,1.498900966,1,1,pcr_cdmx,1,low,,,espanol_uno_mas_adultos,adultos_ninguno_analfabeta,,0,0,8.975915299,3.815111519,2.373655191,12.9571066444442,INCLUSION,,
2024-01,Elegible,Vulnerabilidad Moderada,1,1.525552408,2.578385269,1,1.776038647,1,1.790108696,1,pcr_cdmx,2,average,jefatura_femenina,no,espanol_ningun_adulto,adultos_ninguno_analfabeta,,0,0,13.7168894,12.01413641,2.743607939,25.7858221039712,INCLUSION,,
2023-06,No Elegible,Vulnerabilidad Elevada,1,2.051104816,1,1,1.776038647,2.823478261,1.790108696,1,sotap,1,low,,,espanol_ningun_adulto,adultos_uno_mas_analfabeta,,0,0,6.609317356,26.18890898,2.927660413,32.1681354979481,EXCLUSION,,
2024-07,Lista de Reserva,Vulnerabilidad Baja,1,1,1,1,1,1,1.790108696,1,foten,1,low,,,espanol_uno_mas_adultos,adultos_ninguno_analfabeta,,0,0,0,5.614422911,2.156697643,5.43374516730111,EXCLUSION,,
2023-11,No Elegible,Vulnerabilidad Elevada,2.700708215,1,2.578385269,1,1.776038647,2.823478261,1.790108696,1,sotap,1,low,,,espanol_uno_mas_adultos,adultos_uno_mas_analfabeta,0,0,0,20.97871872,26.18890898,3.355378326,46.9999585672429,EXCLUSION,,
2024-05,No Elegible,Vulnerabilidad Severa,2.070141643,1,2.578385269,1,1.776038647,2.823478261,1.790108696,2.544987923,sotap,5,low,jefatura_masculina,no,espanol_uno_mas_adultos,adultos_uno_mas_analfabeta,0,0,0,17.46888676,42.50305317,3.706230227,59.1663154207598,EXCLUSION,,
2024-03,No Elegible,Vulnerabilidad Elevada,2.070141643,1,2.578385269,1,1.776038647,2.117608696,1.790108696,1.043888889,foten,1,low,,,espanol_uno_mas_adultos,adultos_ninguno_analfabeta,,0,0,17.46888676,22.50821784,3.148177581,39.8149338865145,EXCLUSION,,
2024-02,Elegible,Vulnerabilidad Moderada,2.700708215,1,3.251728045,1,1,1,1.790108696,1,fupal,4,average,jefatura_femenina,no,espanol_uno_mas_adultos,adultos_ninguno_analfabeta,,0,0,24.2379543,5.614422911,2.878161744,30.4517010746294,INCLUSION,,
2023-08,No Elegible por Intenciones,Vulnerabilidad Moderada,1,1,1,1,1.776038647,2.823478261,2.580217391,1,sotap,1,low,,,espanol_uno_mas_adultos,adultos_ninguno_analfabeta,,0,0,0,32.12448674,2.896589272,31.0906886322201,EXCLUSION,,
2023-08,Elegible,Vulnerabilidad Elevada,1,1,1,1,1.776038647,2.823478261,2.580217391,1.738466184,sotap,4,average,jefatura_masculina,no,espanol_uno_mas_adultos,adultos_ninguno_analfabeta,,0,0,0,42.19960637,3.177784244,40.841580837407,INCLUSION,,
2024-04,No Elegible,Vulnerabilidad Elevada,1,1,2.578385269,1,1.776038647,2.823478261,2.580217391,1,sotap,3,complete,jefatura_femenina,no,espanol_uno_mas_adultos,adultos_ninguno_analfabeta,0,0,0,8.975915299,32.12448674,3.163765312,40.3554578614572,EXCLUSION,,
2024-04,No Elegible,Vulnerabilidad Moderada,1,1,2.578385269,1,1.776038647,1.498900966,1.790108696,1.043888889,sotap,5,high,jefatura_masculina,no,espanol_uno_mas_adultos,adultos_ninguno_analfabeta,,-500,0,8.975915299,17.68003002,2.760622842,26.3758382031635,EXCLUSION,,
2024-06,No Elegible,Vulnerabilidad Baja,2.070141643,1,1,1,1.776038647,1,2.580217391,1.043888889,fupal,1,low,,,espanol_uno_mas_adultos,adultos_ninguno_analfabeta,,0,0,6.702282231,17.15905947,2.678405943,23.5248321526717,EXCLUSION,,
2023-12,No Elegible,Vulnerabilidad Baja,1,1,1,1,1.776038647,1.498900966,1.790108696,1,sotap,2,average,jefatura_femenina,si,espanol_ningun_adulto,adultos_ninguno_analfabeta,,-500,0,0,17.10850297,2.477495573,16.5579342359224,EXCLUSION,,
2023-07,No Elegible,Vulnerabilidad Elevada,2.700708215,2.051104816,2.578385269,1,1,1,1,1,sotap,2,low,jefatura_masculina,no,espanol_uno_mas_adultos,adultos_ninguno_analfabeta,-500,0,0,31.71522481,0,2.944031657,32.7358524596106,EXCLUSION,,
2023-12,No Elegible,Vulnerabilidad Baja,1,1,1,1,1,1,1,1,sotap,4,average,jefatura_masculina,no,espanol_ningun_adulto,adultos_ninguno_analfabeta,,0,0,0,0,2,0,EXCLUSION,,
2024-01,No Elegible,Vulnerabilidad Elevada,1,1,3.251728045,1,1.776038647,2.117608696,1.790108696,1.043888889,fupal,5,low,jefatura_femenina,no,espanol_uno_mas_adultos,adultos_ninguno_analfabeta,0,0,0,11.51832969,22.50821784,2.971053998,33.6728819394449,EXCLUSION,,
2024-04,No Elegible,Vulnerabilidad Baja,1,1,1,1,1,1.498900966,1.790108696,1,sotap,3,average,jefatura_masculina,no,espanol_uno_mas_adultos,adultos_ninguno_analfabeta,0,0,0,0,10.02735341,2.279861825,9.70466314991279,EXCLUSION,,
2024-04,No Elegible por Intenciones,Vulnerabilidad Baja,1,1.525552408,1.249197356,1,1.776038647,1.498900966,1.790108696,1,pcr_cdmx,2,average,jefatura_femenina,si,espanol_uno_mas_adultos,adultos_ninguno_analfabeta,0,0,0,5.877094669,17.10850297,2.652432483,22.6241596884655,EXCLUSION,,
2023-08,Lista de Reserva,Vulnerabilidad Severa,2.700708215,2.051104816,3.251728045,1,1.776038647,1,2.580217391,1,sotap,2,average,jefatura_femenina,si,espanol_uno_mas_adultos,adultos_uno_mas_analfabeta,,0,0,35.61565687,16.59309681,3.52324213,52.8209186852909,EXCLUSION,,
2024-05,Lista de Reserva,Vulnerabilidad Moderada,1,1,1,1,1.776038647,2.823478261,1.790108696,1,foten,4,average,jefatura_masculina,no,espanol_ningun_adulto,adultos_uno_mas_analfabeta,,0,0,0,26.18890898,2.730928248,25.3461237001146,EXCLUSION,,
2024-03,No Elegible,Vulnerabilidad Baja,1,1.525552408,1,1,1,1,1,1,sotap,2,average,jefatura_femenina,si,espanol_uno_mas_adultos,adultos_ninguno_analfabeta,0,0,0,3.741369748,0,2.111365173,3.86177076786039,EXCLUSION,,
2023-10,No Elegible,Vulnerabilidad Baja,1,1,2.578385269,1,1,2.117608696,1.790108696,1,sotap,1,low,,,espanol_uno_mas_adultos,adultos_ninguno_analfabeta,0,0,0,8.975915299,14.16503897,2.662520006,22.9739630801435,EXCLUSION,,
2024-06,Lista de Reserva,Vulnerabilidad Baja,1,1,1,1,1,1.498900966,1,1,sotap,1,low,,,espanol_uno_mas_adultos,adultos_ninguno_analfabeta,,0,0,0,3.815111519,2.10647915,3.69233741520706,EXCLUSION,,
2023-10,Lista de Reserva,Vulnerabilidad Moderada,1,1.525552408,1,1,1.776038647,2.117608696,1.790108696,1,sotap,1,low,,,espanol_uno_mas_adultos,adultos_ninguno_analfabeta,,0,0,3.741369748,21.88512181,2.722175411,25.0426074728928,EXCLUSION,,
2024-02,Lista de Reserva,Vulnerabilidad Moderada,1,1,1,1,1.776038647,2.823478261,2.580217391,1,fupal,1,low,,,espanol_uno_mas_adultos,adultos_ninguno_analfabeta,0,0,0,0,32.12448674,2.896589272,31.0906886322201,EXCLUSION,,
2024-03,Elegible,Vulnerabilidad Moderada,2.700708215,1,3.251728045,1,1,1,1.790108696,1,sotap,4,average,jefatura_masculina,no,espanol_ningun_adulto,adultos_ninguno_analfabeta,,0,0,24.2379543,5.614422911,2.878161744,30.4517010746294,INCLUSION,,
2023-10,No Elegible por Duplicidad,Vulnerabilidad Baja,1,1,2.578385269,1,1,1,1.790108696,1,sotap,4,average,jefatura_femenina,si,espanol_uno_mas_adultos,adultos_ninguno_analfabeta,0,0,0,8.975915299,5.614422911,2.423873683,14.6985143965382,EXCLUSION,,
2023-09,No Elegible,Vulnerabilidad Elevada,2.070141643,1,2.578385269,1,1.776038647,2.823478261,1.790108696,1.043888889,foten,4,average,jefatura_masculina,no,espanol_uno_mas_adultos,adultos_uno_mas_analfabeta,,0,0,17.46888676,26.85846924,3.2695924,44.0251898462111,EXCLUSION,,
2023-07,No Elegible por Duplicidad,Vulnerabilidad Baja,1,1.525552408,1,1,1.776038647,1,2.580217391,1,pcr_cdmx,3,low,jefatura_femenina,no,espanol_uno_mas_adultos,adultos_ninguno_analfabeta,0,0,0,3.741369748,16.59309681,2.574475843,19.9208851294178,EXCLUSION,,
2023-12,No Elegible,Vulnerabilidad Elevada,2.070141643,1,2.578385269,1,1.776038647,2.117608696,1.790108696,1.043888889,foten,5,high,jefatura_masculina,no,espanol_uno_mas_adultos,adultos_ninguno_analfabeta,,-500,0,17.46888676,22.50821784,3.148177581,39.8149338865145,EXCLUSION,,
2023-08,Elegible,Vulnerabilidad Elevada,1,1,3.251728045,1,1.776038647,2.117608696,2.580217391,1.043888889,fupal,3,low,jefatura_masculina,no,espanol_uno_mas_adultos,adultos_ninguno_analfabeta,,0,-500,11.51832969,28.09152966,3.126883335,39.0765172017654,INCLUSION,,
2023-10,No Elegible,Vulnerabilidad Baja,1,1,1,1,1.776038647,1.498900966,1.790108696,1,sotap,1,low,,,espanol_uno_mas_adultos,adultos_ninguno_analfabeta,0,0,0,0,17.10850297,2.477495573,16.5579342359224,EXCLUSION,,
2023-06,No Elegible por Intenciones,Vulnerabilidad Elevada,1,1,2.578385269,1,1.776038647,2.823478261,1.790108696,1.043888889,fupal,4,average,jefatura_femenina,no,espanol_uno_mas_adultos,adultos_ninguno_analfabeta,,0,0,8.975915299,26.85846924,3.016791609,35.2589060706247,EXCLUSION,,
2023-06,No Elegible,Vulnerabilidad Baja,1,1,1,1,1,1,1.790108696,1,sotap,4,low,jefatura_femenina,no,espanol_uno_mas_adultos,adultos_ninguno_analfabeta,0,0,0,0,5.614422911,2.156697643,5.43374516730111,EXCLUSION,,
2024-03,No Elegible,Vulnerabilidad Elevada,2.700708215,1,1.249197356,1,1.776038647,2.823478261,2.580217391,1,pcr_cdmx,2,low,jefatura_masculina,no,espanol_uno_mas_adultos,adultos_ninguno_analfabeta,,0,0,11.93561888,32.12448674,3.251863502,43.4104076633973,EXCLUSION,,
2024-06,No Elegible,Vulnerabilidad Baja,2.070141643,1,1,1,1,1,1.790108696,1.043888889,fupal,3,low,jefatura_masculina,si,espanol_uno_mas_adultos,adultos_ninguno_analfabeta,,0,0,6.702282231,6.061858428,2.368684842,12.7847501374043,EXCLUSION,,
2023-11,Elegible,Vulnerabilidad Elevada,1,1,3.251728045,1,1.776038647,2.823478261,2.580217391,1,sotap,2,average,jefatura_femenina,si,espanol_uno_mas_adultos,adultos_ninguno_analfabeta,,0,0,11.51832969,32.12448674,3.23944252,42.979689689974,INCLUSION,,
2024-04,No Elegible,Vulnerabilidad Elevada,2.070141643,1.525552408,1,1,1.776038647,1.498900966,1.790108696,2.544987923,fupal,4,average,jefatura_femenina,no,espanol_uno_mas_adultos,adultos_uno_mas_analfabeta,,0,0,11.1900528,31.0340229,3.199236398,41.5854768982119,EXCLUSION,,
2023-10,No Elegible,Vulnerabilidad Baja,1,1.525552408,1,1,1.776038647,1.498900966,1.790108696,1,sotap,4,average,jefatura_masculina,no,espanol_ningun_adulto,adultos_ninguno_analfabeta,,0,0,3.741369748,17.10850297,2.588860746,20.4197050037828,EXCLUSION,,
2023-07,Lista de Reserva,Vulnerabilidad Moderada,1,1,1,1,1.776038647,2.823478261,1.790108696,1.043888889,fupal,1,low,,,espanol_uno_mas_adultos,adultos_ninguno_analfabeta,,0,0,0,26.85846924,2.749615568,25.9941368413876,EXCLUSION,,
2023-09,Lista de Reserva,Vulnerabilidad Elevada,1,1,2.578385269,1,1.776038647,2.823478261,2.580217391,1.043888889,sotap,3,average,jefatura_femenina,si,espanol_uno_mas_adultos,adultos_ninguno_analfabeta,,0,0,8.975915299,32.85812825,3.184241129,41.0654900540239,EXCLUSION,,
2024-05,Elegible,Vulnerabilidad Baja,1,1,1,1,1,1.498900966,1,1,sotap,1,low,,,espanol_uno_mas_adultos,adultos_ninguno_analfabeta,0,0,0,0,3.815111519,2.10647915,3.69233741520706,INCLUSION,,
2023-09,Lista de Reserva,Vulnerabilidad Baja,1,1,1,1,1,1,1,1,pcr_cdmx,1,low,,,espanol_uno_mas_adultos,adultos_ninguno_analfabeta,,0,0,0,0,2,0,EXCLUSION,,
2024-04,Elegible,Vulnerabilidad Elevada,1,1,1,1,1.776038647,2.823478261,2.580217391,1.738466184,sotap,2,average,jefatura_femenina,si,espanol_uno_mas_adultos,adultos_ninguno_analfabeta,,0,0,0,42.19960637,3.177784244,40.841580837407,INCLUSION,,
2024-02,Lista de Reserva,Vulnerabilidad Baja,1,1,2.578385269,1,1,1,1.790108696,1,sotap,3,low,jefatura_masculina,no,espanol_ningun_adulto,adultos_ninguno_analfabeta,,0,0,8.975915299,5.614422911,2.423873683,14.6985143965382,EXCLUSION,,
2024-05,Elegible,Vulnerabilidad Severa,2.070141643,1,3.251728045,1,1.776038647,2.823478261,2.580217391,1.043888889,sotap,3,complete,jefatura_femenina,si,espanol_uno_mas_adultos,adultos_ninguno_analfabeta,0,0,0,20.51851115,32.85812825,3.527816682,52.9795381821049,INCLUSION,,
2023-08,Lista de Reserva,Vulnerabilidad Elevada,1,1,1,1,1.776038647,2.823478261,2.580217391,1.043888889,sotap,2,average,jefatura_femenina,si,espanol_uno_mas_adultos,adultos_ninguno_analfabeta,,0,0,0,32.85812825,2.917065088,31.8007208247868,EXCLUSION,,
2023-07,No Elegible,Vulnerabilidad Baja,1,2.051104816,1,1,1,2.117608696,1,1,sotap,1,low,,,espanol_uno_mas_adultos,adultos_ninguno_analfabeta,0,0,0,6.609317356,7.392265486,2.403049108,13.9763867882285,EXCLUSION,,
2024-04,No Elegible,Vulnerabilidad Baja,1,1,1,1,1.776038647,1.498900966,1.790108696,1,pcr_cdmx,1,low,,,espanol_uno_mas_adultos,adultos_ninguno_analfabeta,,0,0,0,17.10850297,2.477495573,16.5579342359224,EXCLUSION,,
2023-09,Lista de Reserva,Vulnerabilidad Baja,2.070141643,1,1,1,1,1,1,1.043888889,sotap,3,low,jefatura_masculina,no,espanol_uno_mas_adultos,adultos_ninguno_analfabeta,0,0,0,6.702282231,0.386821499,2.210295472,7.29234157181649,EXCLUSION,,
2023-11,No Elegible,Vulnerabilidad Baja,1,1,1,1,1.776038647,1.498900966,1.790108696,1,sotap,1,low,,,espanol_uno_mas_adultos,adultos_ninguno_analfabeta,-500,0,0,0,17.10850297,2.477495573,16.5579342359224,EXCLUSION,,
2023-07,No Elegible,Vulnerabilidad Moderada,1,1,1,1,1.776038647,2.823478261,1.790108696,1,fusal,7,average,jefatura_masculina,no,espanol_uno_mas_adultos,adultos_ninguno_analfabeta,0,0,0,0,26.18890898,2.730928248,25.3461237001146,EXCLUSION,,
2023-09,Lista de Reserva,Vulnerabilidad Elevada,1,1,3.251728045,1,1.776038647,2.117608696,2.580217391,1.043888889,sotap,1,low,,,espanol_uno_mas_adultos,adultos_ninguno_analfabeta,-500,0,0,11.51832969,28.09152966,3.126883335,39.0765172017654,EXCLUSION,,
2023-07,Lista de Reserva,Vulnerabilidad Baja,1,1,1,1,1.776038647,1,1.790108696,1,pcr_cdmx,1,low,,,espanol_uno_mas_adultos,adultos_ninguno_analfabeta,-500,0,0,0,12.01413641,2.33531262,11.6275094861898,EXCLUSION,,
2023-09,Lista de Reserva,Vulnerabilidad Elevada,2.700708215,1,2.578385269,1,1,2.117608696,1.790108696,1,foten,1,low,,,espanol_uno_mas_adultos,adultos_ninguno_analfabeta,0,0,0,20.97871872,14.16503897,3.019794043,35.3630287180348,EXCLUSION,,
2024-05,No Elegible por Duplicidad,Vulnerabilidad Baja,1,1,1,1,1.776038647,2.117608696,1.790108696,1,foten,1,low,,,espanol_uno_mas_adultos,adultos_ninguno_analfabeta,0,0,0,0,21.88512181,2.610810239,21.1808367050324,EXCLUSION,,
2024-02,Elegible,Vulnerabilidad Baja,1,1,1,1,1.776038647,1.498900966,1.790108696,1,sotap,5,average,jefatura_masculina,no,espanol_ningun_adulto,adultos_ninguno_analfabeta,,0,0,0,17.10850297,2.477495573,16.5579342359224,INCLUSION,,
2023-12,Elegible,Vulnerabilidad Elevada,2.700708215,1,1,1,1.776038647,2.823478261,2.580217391,1,foten,3,average,jefatura_femenina,si,espanol_uno_mas_adultos,adultos_ninguno_analfabeta,,0,0,9.472088355,32.12448674,3.178534341,40.8675982625723,INCLUSION,,
2023-06,Lista de Reserva,Vulnerabilidad Baja,2.070141643,1,1,1,1,1,1,1.043888889,fupal,1,low,,,espanol_uno_mas_adultos,adultos_ninguno_analfabeta,,0,0,6.702282231,0.386821499,2.210295472,7.29234157181649,EXCLUSION,,
2024-04,No Elegible,Vulnerabilidad Elevada,2.070141643,1,2.578385269,1,1.776038647,2.823478261,2.580217391,1.043888889,sotap,2,average,jefatura_femenina,si,espanol_uno_mas_adultos,adultos_ninguno_analfabeta,,0,0,17.46888676,32.85812825,3.43704192,49.8317738296103,EXCLUSION,,
2024-02,No Elegible,Vulnerabilidad Baja,1,1,2.578385269,1,1,1,1,1.043888889,sotap,3,low,jefatura_masculina,no,espanol_ningun_adulto,adultos_uno_mas_analfabeta,,0,0,8.975915299,0.386821499,2.277972167,9.6391424255778,EXCLUSION,,
2023-09,No Elegible,Vulnerabilidad Baja,1,1,2.578385269,1,1,1,1.790108696,1,sotap,2,average,jefatura_masculina,si,espanol_uno_mas_adultos,adultos_ninguno_analfabeta,-500,0,0,8.975915299,5.614422911,2.423873683,14.6985143965382,EXCLUSION,,
2024-03,No Elegible,Vulnerabilidad Elevada,2.070141643,1,2.578385269,1,1.776038647,1.498900966,1.790108696,1.043888889,sotap,2,average,jefatura_femenina,si,espanol_uno_mas_adultos,adultos_ninguno_analfabeta,0,0,0,17.46888676,17.68003002,3.013423633,35.1421219787499,EXCLUSION,,
2024-05,No Elegible,Vulnerabilidad Elevada,2.700708215,2.051104816,1.249197356,1,1.776038647,1,1.790108696,1,sotap,1,low,,,espanol_uno_mas_adultos,adultos_ninguno_analfabeta,0,0,0,20.89305637,12.01413641,2.957212882,33.1929253032328,EXCLUSION,,
2023-06,Lista de Reserva,Vulnerabilidad Moderada,1,1,1,1,1.776038647,2.823478261,2.580217391,1,sotap,1,low,,,espanol_ningun_adulto,adultos_ninguno_analfabeta,-500,0,0,0,32.12448674,2.896589272,31.0906886322201,EXCLUSION,,
2024-03,No Elegible,Vulnerabilidad Elevada,2.070141643,1,1,1,1.776038647,2.823478261,1.790108696,1.043888889,sotap,5,high,jefatura_masculina,no,espanol_uno_mas_adultos,adultos_ninguno_analfabeta,,0,0,6.702282231,26.85846924,2.949114914,32.9121052168634,EXCLUSION,,
2024-06,Lista de Reserva,Vulnerabilidad Moderada,1,2.051104816,1,1,1.776038647,1.498900966,2.580217391,1,foten,1,low,,,espanol_uno_mas_adultos,adultos_ninguno_analfabeta,,0,0,6.609317356,22.17502718,2.815633615,28.2834244281539,EXCLUSION,,
2024-05,Lista de Reserva,Vulnerabilidad Baja,1,2.051104816,1,1,1.776038647,1,2.580217391,1.043888889,futij,1,low,,,espanol_uno_mas_adultos,adultos_ninguno_analfabeta,0,0,0,6.609317356,17.15905947,2.675638761,23.4288755750294,EXCLUSION,,
2024-06,Lista de Reserva,Vulnerabilidad Severa,2.700708215,1,3.251728045,1,1.776038647,2.823478261,2.580217391,1,sotap,3,complete,jefatura_femenina,si,espanol_uno_mas_adultos,adultos_ninguno_analfabeta,0,0,0,24.2379543,32.12448674,3.618053373,56.1086445395484,EXCLUSION,,
2023-07,No Elegible por Intenciones,Vulnerabilidad Elevada,1,2.051104816,1,1,1.776038647,2.117608696,2.580217391,1,sotap,4,average,jefatura_femenina,si,espanol_uno_mas_adultos,adultos_uno_mas_analfabeta,0,0,0,6.609317356,27.40879931,2.961707356,33.3487685372383,EXCLUSION,,
2023-06,No Elegible,Vulnerabilidad Elevada,2.070141643,1,2.578385269,1.564135978,1.776038647,1.498900966,2.580217391,1.043888889,foten,3,average,jefatura_masculina,no,espanol_ningun_adulto,adultos_ninguno_analfabeta,,0,0,23.51115944,22.80125306,3.336209726,46.3352579972148,EXCLUSION,,
2024-04,Lista de Reserva,Vulnerabilidad Baja,1,1,1,1,1,1.498900966,1.790108696,1,sotap,3,low,jefatura_masculina,no,espanol_uno_mas_adultos,adultos_ninguno_analfabeta,0,0,0,0,10.02735341,2.279861825,9.70466314991279,EXCLUSION,,
2024-04,No Elegible por Intenciones,Vulnerabilidad Severa,2.700708215,1,2.578385269,1,1.776038647,2.823478261,2.580217391,1,,5,average,jefatura_masculina,no,espanol_uno_mas_adultos,adultos_ninguno_analfabeta,,0,0,20.97871872,32.12448674,3.521039349,52.7445234993484,EXCLUSION,,
2024-04,Lista de Reserva,Vulnerabilidad Severa,2.070141643,1,3.251728045,1,1.776038647,2.823478261,2.580217391,1.043888889,sotap,5,high,jefatura_masculina,no,espanol_uno_mas_adultos,adultos_uno_mas_analfabeta,-500,0,0,20.51851115,32.85812825,3.527816682,52.9795381821049,EXCLUSION,,
2023-07,No Elegible,Vulnerabilidad Moderada,1,1,1,1,1.776038647,2.823478261,1.790108696,1,foten,1,low,,,espanol_uno_mas_adultos,adultos_ninguno_analfabeta,,0,0,0,26.18890898,2.730928248,25.3461237001146,EXCLUSION,,
2024-05,No Elegible,Vulnerabilidad Elevada,2.700708215,1,3.251728045,1,1.776038647,1,2.580217391,1,sotap,3,average,jefatura_femenina,no,espanol_uno_mas_adultos,adultos_uno_mas_analfabeta,-500,0,0,24.2379543,16.59309681,3.184574771,41.0770702688857,EXCLUSION,,
2023-11,Elegible,Vulnerabilidad Elevada,1,1,1,1,1.776038647,2.823478261,2.580217391,1.043888889,sotap,1,low,,,espanol_ningun_adulto,adultos_uno_mas_analfabeta,0,0,0,0,32.85812825,2.917065088,31.8007208247868,INCLUSION,,
2023-08,Elegible,Vulnerabilidad Elevada,1,1,3.251728045,1,1.776038647,2.823478261,2.580217391,1.043888889,foten,3,average,jefatura_femenina,no,espanol_uno_mas_adultos,adultos_ninguno_analfabeta,,0,0,11.51832969,32.85812825,3.259918337,43.6897218825406,INCLUSION,,
2023-08,Elegible,Vulnerabilidad Elevada,2.070141643,1,1,1,1.776038647,2.117608696,2.580217391,1.043888889,,4,average,jefatura_masculina,no,espanol_uno_mas_adultos,adultos_ninguno_analfabeta,,0,0,6.702282231,28.09152966,2.983529432,34.1054845194874,INCLUSION,,
2023-10,Lista de Reserva,Vulnerabilidad Moderada,1,1,1,1,1.776038647,2.823478261,2.580217391,1,sotap,3,low,jefatura_masculina,no,espanol_uno_mas_adultos,adultos_ninguno_analfabeta,0,0,0,0,32.12448674,2.896589272,31.0906886322201,EXCLUSION,,
2024-01,Elegible,Vulnerabilidad Moderada,1,1,1,1,1.776038647,2.823478261,2.580217391,1,sotap,2,low,jefatura_masculina,no,espanol_uno_mas_adultos,adultos_ninguno_analfabeta,0,0,0,0,32.12448674,2.896589272,31.0906886322201,INCLUSION,,
2024-03,Elegible,Vulnerabilidad Baja,1,1,1,1,1,1.498900966,1.790108696,1,pcr_cdmx,1,low,,,espanol_uno_mas_adultos,adultos_ninguno_analfabeta,,0,0,0,10.02735341,2.279861825,9.70466314991279,INCLUSION,,
2023-09,Elegible,Vulnerabilidad Severa,2.700708215,1,2.578385269,1,1.776038647,2.823478261,2.580217391,1,sotap,5,high,jefatura_masculina,no,espanol_uno_mas_adultos,adultos_ninguno_analfabeta,0,0,0,20.97871872,32.12448674,3.521039349,52.7445234993484,INCLUSION,,
2023-07,No Elegible,Vulnerabilidad Severa,2.700708215,2.051104816,3.251728045,1,1.776038647,2.823478261,1.790108696,1,fupal,1,low,,,espanol_uno_mas_adultos,adultos_uno_mas_analfabeta,,0,0,35.61565687,26.18890898,3.791059708,62.1079280238481,EXCLUSION,,
2023-09,No Elegible,Vulnerabilidad Elevada,1,1,3.251728045,1,1.776038647,2.823478261,2.580217391,1,fupal,1,low,,,espanol_uno_mas_adultos,adultos_ninguno_analfabeta,,0,0,11.51832969,32.12448674,3.23944252,42.979689689974,EXCLUSION,,
2023-11,Lista de Reserva,Vulnerabilidad Elevada,1,1,2.578385269,1,1.776038647,2.823478261,1.790108696,1.043888889,sotap,2,average,jefatura_femenina,si,espanol_uno_mas_adultos,adultos_uno_mas_analfabeta,,0,0,8.975915299,26.85846924,3.016791609,35.2589060706247,EXCLUSION,,
2023-08,Elegible,Vulnerabilidad Moderada,1,1,2.578385269,1,1.776038647,1.498900966,1.790108696,1,sotap,1,low,,,espanol_ningun_adulto,adultos_uno_mas_analfabeta,,0,0,8.975915299,17.10850297,2.744671614,25.8227034651596,INCLUSION,,
2023-12,Elegible,Vulnerabilidad Elevada,1,1.525552408,2.578385269,1,1.776038647,2.823478261,1,1,sotap,2,complete,jefatura_femenina,si,espanol_uno_mas_adultos,adultos_ninguno_analfabeta,0,0,0,13.7168894,17.78726377,2.904734997,31.373164452399,INCLUSION,,
2024-02,Elegible,Vulnerabilidad Baja,2.070141643,1,1.249197356,1,1,1,1.790108696,1.043888889,fupal,3,low,jefatura_masculina,no,espanol_ningun_adulto,adultos_ninguno_analfabeta,,0,0,9.00737574,6.061858428,2.437297985,15.1640238606175,INCLUSION,,
2024-03,No Elegible por Duplicidad,Vulnerabilidad Baja,2.700708215,1,1,1,1,1,1,1,fomon,1,low,,,espanol_uno_mas_adultos,adultos_ninguno_analfabeta,,0,0,9.472088355,0,2.28194507,9.77690963035226,EXCLUSION,,
2023-12,Elegible,Vulnerabilidad Elevada,2.070141643,1,1,1,1.776038647,2.823478261,2.580217391,1.043888889,sotap,3,low,jefatura_femenina,si,espanol_uno_mas_adultos,adultos_uno_mas_analfabeta,0,0,0,6.702282231,32.85812825,3.116564434,38.7186892002626,INCLUSION,,
2023-08,No Elegible,Vulnerabilidad Elevada,2.700708215,1,1,1,1.776038647,2.823478261,2.580217391,1,sotap,1,low,,,espanol_uno_mas_adultos,adultos_uno_mas_analfabeta,,0,0,9.472088355,32.12448674,3.178534341,40.8675982625723,EXCLUSION,,
2024-04,No Elegible,Vulnerabilidad Moderada,1,1,3.251728045,1,1.776038647,1,2.580217391,1,,3,average,jefatura_masculina,si,espanol_uno_mas_adultos,adultos_uno_mas_analfabeta,0,-500,0,11.51832969,16.59309681,2.805963919,27.9481154193113,EXCLUSION,,
2024-04,No Elegible,Vulnerabilidad Baja,1,1,2.578385269,1,1,1.498900966,1,1.043888889,sotap,4,low,jefatura_masculina,no,espanol_uno_mas_adultos,adultos_ninguno_analfabeta,0,0,0,8.975915299,4.243121443,2.385600879,13.3713427810799,EXCLUSION,,
2024-03,Elegible,Vulnerabilidad Baja,1,1,1,1,1,1,1.790108696,1,pcr_cdmx,2,average,jefatura_masculina,si,espanol_uno_mas_adultos,adultos_ninguno_analfabeta,,0,0,0,5.614422911,2.156697643,5.43374516730111,INCLUSION,,
2023-08,Elegible,Vulnerabilidad Baja,1,1,1,1,1.776038647,1.498900966,2.580217391,1,fusal,2,average,jefatura_femenina,si,espanol_uno_mas_adultos,adultos_ninguno_analfabeta,-500,0,0,0,22.17502718,2.618901451,21.4614126303204,INCLUSION,,
2023-07,No Elegible,Vulnerabilidad Baja,1,1,1,1,1.776038647,1.498900966,2.580217391,1.043888889,sotap,2,low,jefatura_masculina,no,espanol_uno_mas_adultos,adultos_ninguno_analfabeta,0,0,0,0,22.80125306,2.636379315,22.0674859352761,EXCLUSION,,
2024-06,No Elegible,Vulnerabilidad Elevada,2.070141643,1,1,1,1.776038647,2.823478261,2.580217391,1.043888889,pcr_cdmx,4,average,jefatura_masculina,no,espanol_ningun_adulto,adultos_ninguno_analfabeta,,0,0,6.702282231,32.85812825,3.116564434,38.7186892002626,EXCLUSION,,
2023-06,Lista de Reserva,Vulnerabilidad Baja,1,1,1,1,1,2.117608696,1,1,fupal,1,low,,,espanol_uno_mas_adultos,adultos_ninguno_analfabeta,0,0,0,0,7.392265486,2.206316944,7.15437499039503,EXCLUSION,,
2023-09,Elegible,Vulnerabilidad Elevada,2.070141643,2.051104816,1,1,1.776038647,2.823478261,1.790108696,1.043888889,foten,1,low,,,espanol_uno_mas_adultos,adultos_ninguno_analfabeta,0,0,0,14.63015408,26.85846924,3.185095016,41.095103909836,INCLUSION,,
2024-06,Lista de Reserva,Vulnerabilidad Baja,1,1,1,1,1,1,1,1.043888889,sotap,1,low,,,espanol_uno_mas_adultos,adultos_uno_mas_analfabeta,0,0,0,0,0.386821499,2.010796126,0.374373196340681,EXCLUSION,,
2024-05,No Elegible,Vulnerabilidad Elevada,1,1,3.251728045,1,1.776038647,2.117608696,2.580217391,1.043888889,sotap,2,low,jefatura_masculina,no,espanol_uno_mas_adultos,adultos_uno_mas_analfabeta,,0,0,11.51832969,28.09152966,3.126883335,39.0765172017654,EXCLUSION,,
2023-08,No Elegible,Vulnerabilidad Moderada,1,1,1,1.564135978,1.776038647,2.823478261,2.580217391,1,sotap,3,average,jefatura_masculina,no,espanol_ningun_adulto,adultos_ninguno_analfabeta,,0,0,3.975239986,32.12448674,3.014915798,35.1938558162095,EXCLUSION,,
2024-04,No Elegible,Vulnerabilidad Elevada,1,1.525552408,3.251728045,1,1.776038647,2.823478261,2.580217391,1.043888889,sotap,3,average,jefatura_masculina,no,espanol_ningun_adulto,adultos_ninguno_analfabeta,,0,0,16.54244021,32.85812825,3.409465421,48.8755133031848,EXCLUSION,,
2024-04,No Elegible,Vulnerabilidad Elevada,1,1,2.578385269,1,1.776038647,2.823478261,1.790108696,1,fupal,4,average,jefatura_masculina,no,espanol_uno_mas_adultos,adultos_ninguno_analfabeta,-500,0,0,8.975915299,26.18890898,2.998104289,34.6108929293517,EXCLUSION,,
2024-03,No Elegible,Vulnerabilidad Moderada,1,1.525552408,1,1,1.776038647,2.823478261,1.790108696,1,sotap,6,high,jefatura_femenina,si,espanol_uno_mas_adultos,adultos_ninguno_analfabeta,,0,0,3.741369748,26.18890898,2.842293421,29.207894467975,EXCLUSION,,
2023-11,No Elegible,Vulnerabilidad Moderada,1,1,1,1,1.776038647,2.823478261,1.790108696,1,sotap,1,low,,,espanol_uno_mas_adultos,adultos_uno_mas_analfabeta,0,0,0,0,26.18890898,2.730928248,25.3461237001146,EXCLUSION,,
2024-07,Elegible,Vulnerabilidad Elevada,2.070141643,1,1,1,1.776038647,2.823478261,1.790108696,1,fupal,1,low,,,espanol_uno_mas_adultos,adultos_ninguno_analfabeta,0,0,0,6.702282231,26.18890898,2.930427594,32.2640920755904,INCLUSION,,
2024-05,Lista de Reserva,Vulnerabilidad Elevada,2.070141643,1,2.578385269,1,1.776038647,1.498900966,1.790108696,1.043888889,sotap,2,average,jefatura_masculina,si,espanol_uno_mas_adultos,adultos_ninguno_analfabeta,0,0,0,17.46888676,17.68003002,3.013423633,35.1421219787499,EXCLUSION,,
2024-07,No Elegible,Vulnerabilidad Elevada,2.070141643,1,1,1.564135978,1.776038647,1.498900966,2.580217391,2.544987923,fupal,1,low,,,espanol_uno_mas_adultos,adultos_uno_mas_analfabeta,,0,0,11.47057999,37.43330939,3.386189597,48.0683827851786,EXCLUSION,,
2023-09,No Elegible,Vulnerabilidad Moderada,1,1,1,1,1.776038647,2.823478261,2.580217391,1,sotap,5,average,jefatura_masculina,no,espanol_ningun_adulto,adultos_ninguno_analfabeta,0,0,0,0,32.12448674,2.896589272,31.0906886322201,EXCLUSION,,
2024-03,Elegible,Vulnerabilidad Elevada,1,2.051104816,3.251728045,1,1.776038647,1,1.790108696,1,sotap,2,average,jefatura_femenina,si,espanol_uno_mas_adultos,adultos_uno_mas_analfabeta,,0,0,20.39367297,12.01413641,2.942348294,32.6774712460374,INCLUSION,,
2023-06,No Elegible,Vulnerabilidad Baja,2.070141643,1,1,1,1.776038647,1,2.580217391,1,futij,2,average,jefatura_femenina,si,espanol_uno_mas_adultos,adultos_ninguno_analfabeta,0,0,0,6.702282231,16.59309681,2.662610016,22.9770827370332,EXCLUSION,,
2024-01,Lista de Reserva,Vulnerabilidad Elevada,1,1.525552408,2.578385269,1,1.776038647,2.823478261,1.790108696,1,sotap,6,average,jefatura_femenina,no,espanol_uno_mas_adultos,adultos_ninguno_analfabeta,0,0,0,13.7168894,26.18890898,3.139223567,39.504436317896,EXCLUSION,,
2023-08,No Elegible,Vulnerabilidad Elevada,1,2.051104816,1,1,1.776038647,2.823478261,1.790108696,1,sotap,4,average,jefatura_masculina,no,espanol_uno_mas_adultos,adultos_ninguno_analfabeta,,0,0,6.609317356,26.18890898,2.927660413,32.1681354979481,EXCLUSION,,
2023-07,Lista de Reserva,Vulnerabilidad Baja,1,1,1,1.564135978,1,2.117608696,1,1,pcr_cdmx,1,low,,,espanol_ningun_adulto,adultos_uno_mas_analfabeta,0,0,0,3.975239986,7.392265486,2.32464347,11.2575421743845,EXCLUSION,,
2024-01,No Elegible,Vulnerabilidad Elevada,1,1.525552408,1,1,1.776038647,2.823478261,2.580217391,1,foten,3,average,jefatura_femenina,no,espanol_uno_mas_adultos,adultos_ninguno_analfabeta,,0,0,3.741369748,32.12448674,3.007954444,34.9524594000805,EXCLUSION,,
2023-11,Elegible,Vulnerabilidad Elevada,1,1,2.578385269,1,1.776038647,2.823478261,2.580217391,1.043888889,futij,9,average,jefatura_femenina,no,espanol_uno_mas_adultos,adultos_ninguno_analfabeta,0,0,0,8.975915299,32.85812825,3.184241129,41.0654900540239,INCLUSION,,
2023-08,No Elegible,Vulnerabilidad Baja,1,1,1,1,1.776038647,1.498900966,1,1.043888889,sotap,1,low,,,espanol_uno_mas_adultos,adultos_ninguno_analfabeta,,-500,0,0,10.43108127,2.291129805,10.0953986436501,EXCLUSION,,
2024-01,No Elegible,Vulnerabilidad Elevada,2.070141643,1,1,1,1.776038647,1,2.580217391,2.544987923,sotap,5,average,jefatura_masculina,no,espanol_uno_mas_adultos,adultos_uno_mas_analfabeta,,0,0,6.702282231,30.38303782,3.047485057,36.3232496553904,EXCLUSION,,
2023-08,Elegible,Vulnerabilidad Moderada,1,1,1,1,1.776038647,2.823478261,2.580217391,1,pcr_cdmx,2,average,jefatura_femenina,no,espanol_ningun_adulto,adultos_ninguno_analfabeta,,0,0,0,32.12448674,2.896589272,31.0906886322201,INCLUSION,,
2024-06,No Elegible,Vulnerabilidad Moderada,1,1,1,1,1.776038647,2.823478261,1.790108696,1,futij,1,low,,,espanol_ningun_adulto,adultos_ninguno_analfabeta,,0,0,0,26.18890898,2.730928248,25.3461237001146,EXCLUSION,,
2024-05,No Elegible,Vulnerabilidad Elevada,1,1,2.578385269,1,1.776038647,2.823478261,2.580217391,1,sotap,11,high,jefatura_femenina,no,espanol_uno_mas_adultos,adultos_ninguno_analfabeta,,0,0,8.975915299,32.12448674,3.163765312,40.3554578614572,EXCLUSION,,
2023-11,Elegible,Vulnerabilidad Elevada,1,1,2.578385269,1,1.776038647,2.823478261,2.580217391,1,sotap,1,low,,,espanol_ningun_adulto,adultos_ninguno_analfabeta,0,0,0,8.975915299,32.12448674,3.163765312,40.3554578614572,INCLUSION,,
2024-03,No Elegible,Vulnerabilidad Elevada,1,1,2.578385269,1,1.776038647,2.823478261,2.580217391,1,foten,1,low,,,espanol_uno_mas_adultos,adultos_ninguno_analfabeta,,0,0,8.975915299,32.12448674,3.163765312,40.3554578614572,EXCLUSION,,
2024-04,No Elegible,Vulnerabilidad Baja,1,1,1,1,1,1,1.790108696,1,sotap,1,low,,,espanol_uno_mas_adultos,adultos_ninguno_analfabeta,,0,0,0,5.614422911,2.156697643,5.43374516730111,EXCLUSION,,
2024-03,Elegible,Vulnerabilidad Baja,1,2.051104816,1,1,1.776038647,2.117608696,1,1,sotap,3,average,jefatura_femenina,no,espanol_uno_mas_adultos,adultos_ninguno_analfabeta,,0,0,6.609317356,14.06650994,2.5893262,20.4358473814543,INCLUSION,,
2024-05,No Elegible,Vulnerabilidad Elevada,2.700708215,1,1.249197356,1,1.776038647,2.823478261,2.580217391,1.043888889,foten,4,average,jefatura_femenina,si,espanol_uno_mas_adultos,adultos_ninguno_analfabeta,,0,0,11.93561888,32.85812825,3.272339318,44.120439855964,EXCLUSION,,
2024-04,No Elegible,Vulnerabilidad Elevada,1,1.525552408,2.578385269,1,1.776038647,2.823478261,1.790108696,1,foten,3,average,jefatura_masculina,no,espanol_uno_mas_adultos,adultos_ninguno_analfabeta,0,0,0,13.7168894,26.18890898,3.139223567,39.504436317896,EXCLUSION,,
2023-08,No Elegible,Vulnerabilidad Moderada,1,1,1,1,1.776038647,2.823478261,1.790108696,1,,5,average,jefatura_masculina,no,espanol_ningun_adulto,adultos_ninguno_analfabeta,0,0,0,0,26.18890898,2.730928248,25.3461237001146,EXCLUSION,,
2024-02,Elegible,Vulnerabilidad Severa,2.700708215,1,2.578385269,1,1.776038647,2.823478261,2.580217391,1,sotap,1,low,,,espanol_ningun_adulto,adultos_ninguno_analfabeta,0,0,0,20.97871872,32.12448674,3.521039349,52.7445234993484,INCLUSION,,
2024-01,Lista de Reserva,Vulnerabilidad Baja,1,1,3.251728045,1,1,1.498900966,1,1.043888889,sotap,3,low,jefatura_femenina,no,espanol_uno_mas_adultos,adultos_ninguno_analfabeta,0,-500,0,11.51832969,4.243121443,2.461278087,15.9955746095967,EXCLUSION,,
2023-12,Elegible,Vulnerabilidad Moderada,1,2.051104816,1,1,1.776038647,2.117608696,1.790108696,1,sotap,3,low,jefatura_masculina,no,espanol_uno_mas_adultos,adultos_ninguno_analfabeta,0,0,0,6.609317356,21.88512181,2.807542403,28.0028485028658,INCLUSION,,
2024-01,No Elegible,Vulnerabilidad Elevada,2.700708215,1,2.578385269,1,1.776038647,2.823478261,1.790108696,1,sotap,4,average,jefatura_masculina,no,espanol_uno_mas_adultos,adultos_ninguno_analfabeta,,0,0,20.97871872,26.18890898,3.355378326,46.9999585672429,EXCLUSION,,
2024-06,Lista de Reserva,Vulnerabilidad Moderada,1,1,1,1,1.776038647,2.823478261,2.580217391,1,sotap,6,average,jefatura_masculina,no,espanol_uno_mas_adultos,adultos_ninguno_analfabeta,,0,0,0,32.12448674,2.896589272,31.0906886322201,EXCLUSION,,
2024-03,No Elegible,Vulnerabilidad Baja,1,1,1,1,1,1,1.790108696,1.043888889,sotap,1,low,,,espanol_uno_mas_adultos,adultos_ninguno_analfabeta,,0,0,0,6.061858428,2.169185496,5.86678176192853,EXCLUSION,,
2024-01,No Elegible,Vulnerabilidad Moderada,2.700708215,1.525552408,1.249197356,1,1.776038647,1,1.790108696,1,foten,1,low,,,espanol_uno_mas_adultos,adultos_ninguno_analfabeta,,0,0,17.00620089,12.01413641,2.841517198,29.1809869270309,EXCLUSION,,
2023-09,No Elegible,Vulnerabilidad Severa,2.700708215,2.051104816,3.251728045,1,1.776038647,2.823478261,1.790108696,1,sotap,4,complete,jefatura_femenina,si,espanol_uno_mas_adultos,adultos_ninguno_analfabeta,0,0,0,35.61565687,26.18890898,3.791059708,62.1079280238481,EXCLUSION,,
2023-11,No Elegible,Vulnerabilidad Elevada,2.700708215,1,3.251728045,1,1.776038647,1,1.790108696,1,foten,1,low,,,espanol_uno_mas_adultos,adultos_uno_mas_analfabeta,,0,0,24.2379543,12.01413641,3.056776721,36.6454653935181,EXCLUSION,,
2023-10,No Elegible,Vulnerabilidad Elevada,1,1,2.578385269,1,1.776038647,1.498900966,2.580217391,1.043888889,sotap,4,average,jefatura_masculina,no,espanol_uno_mas_adultos,adultos_ninguno_analfabeta,-500,0,0,8.975915299,22.80125306,2.903555356,31.3322551645133,EXCLUSION,,
2024-04,Lista de Reserva,Vulnerabilidad Baja,1,1,1,1,1.776038647,1.498900966,1,1,sotap,1,low,,,espanol_ningun_adulto,adultos_ninguno_analfabeta,,0,0,0,9.93697889,2.277339487,9.61719697234091,EXCLUSION,,
2023-09,No Elegible,Vulnerabilidad Elevada,1,1.525552408,2.578385269,1,1.776038647,2.117608696,2.580217391,1.043888889,foten,1,low,,,espanol_uno_mas_adultos,adultos_ninguno_analfabeta,0,0,0,13.7168894,28.09152966,3.192325406,41.3458287617929,EXCLUSION,,
2024-05,Lista de Reserva,Vulnerabilidad Baja,1,1,1,1,1,2.117608696,1,1,sotap,1,low,,,espanol_uno_mas_adultos,adultos_ninguno_analfabeta,0,0,0,0,7.392265486,2.206316944,7.15437499039503,EXCLUSION,,
2024-05,No Elegible,Vulnerabilidad Baja,2.070141643,1,1,1,1,2.117608696,1,1.043888889,fupal,3,low,jefatura_femenina,no,espanol_uno_mas_adultos,adultos_ninguno_analfabeta,,0,0,6.702282231,7.858894815,2.418839839,14.5239560964343,EXCLUSION,,
2024-03,No Elegible,Vulnerabilidad Moderada,1,1,2.578385269,1,1,2.117608696,2.580217391,1.043888889,fupal,1,low,,,espanol_uno_mas_adultos,adultos_ninguno_analfabeta,,0,0,8.975915299,19.54126117,2.812569505,28.1771730735253,EXCLUSION,,
2024-05,Lista de Reserva,Vulnerabilidad Baja,2.070141643,1,1,1,1.776038647,1.498900966,1.790108696,1.043888889,sotap,3,average,jefatura_femenina,si,espanol_uno_mas_adultos,adultos_ninguno_analfabeta,,0,0,6.702282231,17.68003002,2.692946147,24.0290373494022,EXCLUSION,,
2023-12,No Elegible por Duplicidad,Vulnerabilidad Severa,2.700708215,2.051104816,2.578385269,1.564135978,1,2.117608696,1,2.544987923,sotap,2,complete,jefatura_femenina,si,espanol_uno_mas_adultos,adultos_ninguno_analfabeta,0,0,0,39.44321718,18.76190405,3.697703903,58.8706665678365,EXCLUSION,,
2024-02,Lista de Reserva,Vulnerabilidad Moderada,1,1.525552408,1,1,1.776038647,2.823478261,1.790108696,1,sotap,1,low,,,espanol_uno_mas_adultos,adultos_ninguno_analfabeta,0,0,0,3.741369748,26.18890898,2.842293421,29.207894467975,EXCLUSION,,
2024-06,Lista de Reserva,Vulnerabilidad Baja,1,1,1,1,1,1,1.790108696,1,pcr_cdmx,1,low,,,espanol_ningun_adulto,adultos_uno_mas_analfabeta,,0,0,0,5.614422911,2.156697643,5.43374516730111,EXCLUSION,,
2023-07,Lista de Reserva,Vulnerabilidad Baja,1,1,2.578385269,1,1.776038647,1.498900966,1,1,sotap,4,average,jefatura_femenina,si,espanol_uno_mas_adultos,adultos_ninguno_analfabeta,0,0,0,8.975915299,9.93697889,2.544515527,18.881966201578,EXCLUSION,,
2023-07,No Elegible,Vulnerabilidad Elevada,1,1,3.251728045,1,1.776038647,2.823478261,2.580217391,1,sotap,5,average,jefatura_femenina,si,espanol_uno_mas_adultos,adultos_ninguno_analfabeta,0,0,0,11.51832969,32.12448674,3.23944252,42.979689689974,EXCLUSION,,
2023-09,No Elegible,Vulnerabilidad Baja,1,1,2.578385269,1,1,1,1,1.043888889,fusal,2,low,jefatura_masculina,no,espanol_uno_mas_adultos,adultos_ninguno_analfabeta,0,0,0,8.975915299,0.386821499,2.277972167,9.6391424255778,EXCLUSION,,
2023-08,No Elegible,Vulnerabilidad Baja,1,1,1,1,1.776038647,2.117608696,1,1.043888889,foten,2,average,jefatura_femenina,si,espanol_uno_mas_adultos,adultos_ninguno_analfabeta,,0,0,0,14.60519526,2.407628657,14.1351854713379,EXCLUSION,,
2023-10,Elegible,Vulnerabilidad Moderada,2.070141643,1,1,1,1.776038647,2.117608696,1.790108696,1,sotap,3,average,jefatura_masculina,no,espanol_uno_mas_adultos,adultos_ninguno_analfabeta,,0,0,6.702282231,21.88512181,2.810309585,28.0988050805082,INCLUSION,,
2024-06,No Elegible,Vulnerabilidad Moderada,1,1.525552408,1,1,1.776038647,2.117608696,1.790108696,1,sotap,1,low,,,espanol_ningun_adulto,adultos_uno_mas_analfabeta,,0,0,3.741369748,21.88512181,2.722175411,25.0426074728928,EXCLUSION,,
2023-07,No Elegible,Vulnerabilidad Baja,1,1,1,1,1.776038647,1,2.580217391,1,foten,3,average,jefatura_masculina,no,espanol_uno_mas_adultos,adultos_ninguno_analfabeta,,-500,0,0,16.59309681,2.46311067,16.0591143615574,EXCLUSION,,
2023-10,No Elegible,Vulnerabilidad Baja,1,1,1,1,1,2.117608696,2.580217391,1,foten,1,low,,,espanol_uno_mas_adultos,adultos_ninguno_analfabeta,0,0,0,0,18.94985465,2.528887403,18.3400293775083,EXCLUSION,,
2024-01,No Elegible,Vulnerabilidad Elevada,1,2.051104816,1,1,1.776038647,2.117608696,2.580217391,1,sotap,3,average,jefatura_masculina,no,espanol_uno_mas_adultos,adultos_ninguno_analfabeta,0,0,0,6.609317356,27.40879931,2.961707356,33.3487685372383,EXCLUSION,,
2024-02,Elegible,Vulnerabilidad Baja,1,1,1,1,1.776038647,2.117608696,1.790108696,1,sotap,1,low,,,espanol_ningun_adulto,adultos_ninguno_analfabeta,,0,0,0,21.88512181,2.610810239,21.1808367050324,INCLUSION,,
2024-04,Lista de Reserva,Vulnerabilidad Elevada,2.070141643,1,2.578385269,1,1.776038647,2.823478261,2.580217391,1.043888889,sotap,1,low,,,espanol_uno_mas_adultos,adultos_uno_mas_analfabeta,,0,0,17.46888676,32.85812825,3.43704192,49.8317738296103,EXCLUSION,,
